CaseMasterID,CrimeNo,CaseNo,CrimeRegisteredDate,PolicePersonID,PoliceStationID,CaseCategoryID,GravityOffenceID,CrimeMajorHeadID,CrimeMinorHeadID,CaseStatusID,CourtID,IncidentFromDate,IncidentToDate,InfoReceivedPSDate,latitude,longitude,BriefFacts
1,105720001202500001,202500001,2025-03-25 07:50:00,1234,1,1,2,2,10,1,5019,2025-03-24 21:50:00,2025-03-25 00:50:00,2025-03-25 05:50:00,12.820294,77.529227,Two men on a black motorcycle snatched a gold chain from a woman near a park gate at about 9:50 PM. The pillion rider grabbed the chain and they sped away into the residential layout.
2,105720001202500002,202500002,2025-04-03 14:55:00,1060,1,1,2,2,10,1,5025,2025-04-01 23:55:00,2025-04-02 00:55:00,2025-04-03 12:55:00,12.858535,77.517126,Two men on a black motorcycle snatched a gold chain from a woman near a temple at about 11:55 PM. The pillion rider grabbed the chain and they sped away towards the ring road.
3,105720002202500001,202500001,2025-04-22 01:38:00,1263,2,1,2,2,10,1,5022,2025-04-19 23:38:00,2025-04-19 23:38:00,2025-04-21 20:38:00,12.871929,77.657017,Two men on a black motorcycle snatched a gold chain from a woman near a vegetable market at about 11:38 PM. The pillion rider grabbed the chain and they sped away into a bylane.
4,105720001202500003,202500003,2025-04-28 13:09:00,1047,1,1,2,2,10,1,5013,2025-04-26 01:09:00,2025-04-26 03:09:00,2025-04-28 10:09:00,12.833923,77.549925,Two men on a black motorcycle snatched a gold chain from a woman near a hospital gate at about 1:09 AM. The pillion rider grabbed the chain and they sped away into the residential layout.
5,105720002202500002,202500002,2025-04-27 04:17:00,1248,2,1,2,2,10,1,5011,2025-04-25 01:17:00,2025-04-25 01:17:00,2025-04-27 00:17:00,12.889047,77.656622,Two men on a black motorcycle snatched a gold chain from a woman near a school at about 1:17 AM. The pillion rider grabbed the chain and they sped away into the residential layout.
6,105720001202500004,202500004,2025-05-01 03:10:00,1084,1,1,2,2,10,1,5002,2025-04-28 23:10:00,2025-04-29 02:10:00,2025-05-01 01:10:00,12.811748,77.551778,Two men on a black motorcycle snatched a gold chain from a woman near a jewellery shop at about 11:10 PM. The pillion rider grabbed the chain and they sped away towards the bus stand.
7,105720003202500001,202500001,2025-05-11 12:43:00,1216,3,1,2,2,10,1,5023,2025-05-11 02:43:00,2025-05-11 03:43:00,2025-05-11 07:43:00,12.983822,77.667259,Two men on a black motorcycle snatched a gold chain from a woman near a wedding hall at about 2:43 AM. The pillion rider grabbed the chain and they sped away towards the market.
8,105770016202400001,202400001,2024-06-18 11:46:00,1044,16,1,2,2,11,1,5004,2024-06-15 23:46:00,2024-06-16 00:46:00,2024-06-18 07:46:00,12.251068,76.557006,Entry was made through the rear ventilator while the house was locked and the family away. Gold ornaments and cash were taken from the bedroom almirah near a park gate.
9,105770017202400001,202400001,2024-06-23 07:13:00,1122,17,1,2,2,11,1,5016,2024-06-20 23:13:00,2024-06-21 02:13:00,2024-06-23 05:13:00,12.184562,76.386077,Entry was made through the rear ventilator while the house was locked and the family away. Gold ornaments and cash were taken from the bedroom almirah near a vegetable market.
10,105770018202400001,202400001,2024-07-05 15:43:00,1110,18,1,2,2,11,1,5002,2024-07-05 02:43:00,2024-07-05 02:43:00,2024-07-05 15:43:00,12.110935,76.452431,Entry was made through the rear ventilator while the house was locked and the family away. Gold ornaments and cash were taken from the bedroom almirah near a bus stop.
11,105770016202400002,202400002,2024-07-08 02:20:00,1122,16,1,2,2,11,1,5002,2024-07-06 02:20:00,2024-07-06 03:20:00,2024-07-07 21:20:00,12.236123,76.562614,Entry was made through the rear ventilator while the house was locked and the family away. Gold ornaments and cash were taken from the bedroom almirah near a petrol bunk.
12,105770015202400001,202400001,2024-07-14 04:22:00,1137,15,1,2,2,11,1,5024,2024-07-13 01:22:00,2024-07-13 01:22:00,2024-07-14 02:22:00,12.085528,76.41013,Entry was made through the rear ventilator while the house was locked and the family away. Gold ornaments and cash were taken from the bedroom almirah near a vegetable market.
13,105770017202400002,202400002,2024-07-12 05:54:00,1059,17,1,2,2,11,1,5008,2024-07-10 01:54:00,2024-07-10 01:54:00,2024-07-12 04:54:00,12.161099,76.345223,Entry was made through the rear ventilator while the house was locked and the family away. Gold ornaments and cash were taken from the bedroom almirah near a hospital gate.
14,105720003202500002,202500002,2025-04-05 14:32:00,1205,3,1,2,2,12,1,5003,2025-04-04 11:32:00,2025-04-04 14:32:00,2025-04-05 13:32:00,13.011468,77.718908,A two-wheeler parked outside an apartment complex was found missing; the steering lock was snapped. CCTV shows a lone man wheeling it away towards the market.
15,105720003202500003,202500003,2025-04-17 12:46:00,1177,3,1,2,2,12,1,5021,2025-04-16 13:46:00,2025-04-16 13:46:00,2025-04-17 12:46:00,13.019152,77.661458,A two-wheeler parked outside a vegetable market was found missing; the steering lock was snapped. CCTV shows a lone man wheeling it away towards the highway.
16,105720001202500005,202500005,2025-04-21 10:44:00,1201,1,1,2,2,12,1,5003,2025-04-20 16:44:00,2025-04-20 16:44:00,2025-04-21 06:44:00,12.812538,77.519918,A two-wheeler parked outside a school was found missing; the steering lock was snapped. CCTV shows a lone man wheeling it away towards the ring road.
17,105720001202500006,202500006,2025-04-28 03:09:00,1183,1,1,2,2,12,1,5025,2025-04-25 11:09:00,2025-04-25 12:09:00,2025-04-28 00:09:00,12.825645,77.519151,A two-wheeler parked outside a bank ATM was found missing; the steering lock was snapped. CCTV shows a lone man wheeling it away into a bylane.
18,105720003202500004,202500004,2025-05-08 11:25:00,1207,3,1,2,2,12,1,5015,2025-05-06 15:25:00,2025-05-06 16:25:00,2025-05-08 09:25:00,13.012413,77.670455,A two-wheeler parked outside a vegetable market was found missing; the steering lock was snapped. CCTV shows a lone man wheeling it away towards the market.
19,105720003202500005,202500005,2025-05-22 05:01:00,1169,3,1,2,2,12,1,5004,2025-05-19 11:01:00,2025-05-19 11:01:00,2025-05-21 23:01:00,12.970935,77.714328,A two-wheeler parked outside a bank ATM was found missing; the steering lock was snapped. CCTV shows a lone man wheeling it away towards the highway.
20,105720001202500007,202500007,2025-05-30 06:28:00,1245,1,1,2,2,12,1,5002,2025-05-28 14:28:00,2025-05-28 14:28:00,2025-05-30 01:28:00,12.824509,77.536627,A two-wheeler parked outside a bus stop was found missing; the steering lock was snapped. CCTV shows a lone man wheeling it away towards the market.
21,105720002202500003,202500003,2025-06-14 00:24:00,1143,2,1,2,2,12,1,5002,2025-06-13 15:24:00,2025-06-13 18:24:00,2025-06-13 22:24:00,12.890198,77.624411,A two-wheeler parked outside a jewellery shop was found missing; the steering lock was snapped. CCTV shows a lone man wheeling it away into a bylane.
22,105840007202400001,202400001,2024-07-29 01:36:00,1046,7,1,1,2,13,1,5002,2024-07-26 02:36:00,2024-07-26 03:36:00,2024-07-28 21:36:00,12.599949,77.35735,"The complainant was waylaid near a bus stop on the state highway, threatened with a long knife, and robbed of cash and a mobile phone before the accused fled towards the highway."
23,105840008202400001,202400001,2024-08-06 21:01:00,1037,8,1,1,2,13,1,5012,2024-08-05 21:01:00,2024-08-06 00:01:00,2024-08-06 15:01:00,12.754341,77.209953,"The complainant was waylaid near a bus stop on the state highway, threatened with a long knife, and robbed of cash and a mobile phone before the accused fled into a bylane."
24,105840009202400001,202400001,2024-08-13 02:52:00,1000,9,1,1,2,13,1,5023,2024-08-11 02:52:00,2024-08-11 05:52:00,2024-08-12 21:52:00,12.763207,77.361694,"The complainant was waylaid near a bus stop on the state highway, threatened with a long knife, and robbed of cash and a mobile phone before the accused fled into the lake-bed area."
25,105840007202400002,202400002,2024-08-22 00:20:00,1034,7,1,1,2,13,1,5012,2024-08-19 23:20:00,2024-08-20 01:20:00,2024-08-21 21:20:00,12.58209,77.340505,"The complainant was waylaid near a bus stop on the state highway, threatened with a long knife, and robbed of cash and a mobile phone before the accused fled towards the bus stand."
26,105840009202400002,202400002,2024-09-17 04:06:00,1150,9,1,1,2,13,1,5001,2024-09-16 01:06:00,2024-09-16 03:06:00,2024-09-17 01:06:00,12.72632,77.404799,"The complainant was waylaid near a wedding hall on the state highway, threatened with a long knife, and robbed of cash and a mobile phone before the accused fled towards the highway."
27,105840010202400001,202400001,2024-08-21 01:41:00,1097,10,1,1,2,13,1,5014,2024-08-20 01:41:00,2024-08-20 03:41:00,2024-08-21 01:41:00,12.616235,77.236148,"The complainant was waylaid near a bus stop on the state highway, threatened with a long knife, and robbed of cash and a mobile phone before the accused fled into the lake-bed area."
28,105710024202400001,202400001,2024-02-04 03:13:00,1203,24,1,2,2,11,1,5016,2024-02-03 10:13:00,2024-02-03 13:13:00,2024-02-04 00:13:00,13.343363,76.923796,The front-door padlock was cut during daytime while the occupants were at work. Cash and gold kept near a bus stop were missing on return.
29,105710026202400001,202400001,2024-02-16 19:14:00,1176,26,1,2,2,11,1,5018,2024-02-15 14:14:00,2024-02-15 17:14:00,2024-02-16 13:14:00,13.42833,76.823489,The front-door padlock was cut during daytime while the occupants were at work. Cash and gold kept near a jewellery shop were missing on return.
30,105710023202400001,202400001,2024-03-01 14:07:00,1216,23,1,2,2,11,1,5003,2024-02-29 12:07:00,2024-02-29 15:07:00,2024-03-01 13:07:00,13.492545,76.924522,The front-door padlock was cut during daytime while the occupants were at work. Cash and gold kept near a wedding hall were missing on return.
31,105710025202400001,202400001,2024-03-02 14:58:00,1051,25,1,2,2,11,1,5004,2024-03-01 17:58:00,2024-03-01 17:58:00,2024-03-02 11:58:00,13.412773,76.845651,The front-door padlock was cut during daytime while the occupants were at work. Cash and gold kept near a temple were missing on return.
32,105710024202400002,202400002,2024-03-11 03:09:00,1121,24,1,2,2,11,1,5002,2024-03-10 16:09:00,2024-03-10 19:09:00,2024-03-11 00:09:00,13.346111,76.925185,The front-door padlock was cut during daytime while the occupants were at work. Cash and gold kept near a hospital gate were missing on return.
33,105730012202500001,202500001,2025-05-01 17:58:00,1081,12,1,2,2,10,1,5003,2025-04-28 13:58:00,2025-04-28 15:58:00,2025-05-01 11:58:00,12.56939,76.733721,"In a crowded festival procession near a petrol bunk, a gold chain was snatched from a woman devotee and the accused melted into the crowd towards the ring road."
34,105730013202500001,202500001,2025-05-07 14:23:00,1228,13,1,2,2,10,1,5006,2025-05-06 14:23:00,2025-05-06 17:23:00,2025-05-07 09:23:00,12.526119,76.680576,"In a crowded festival procession near a wedding hall, a gold chain was snatched from a woman devotee and the accused melted into the crowd into the lake-bed area."
35,105730012202500002,202500002,2025-05-17 01:43:00,1004,12,1,2,2,10,1,5016,2025-05-14 13:43:00,2025-05-14 14:43:00,2025-05-16 21:43:00,12.548158,76.777167,"In a crowded festival procession near a park gate, a gold chain was snatched from a woman devotee and the accused melted into the crowd into the residential layout."
36,105730014202500001,202500001,2025-05-28 18:37:00,1144,14,1,2,2,10,1,5010,2025-05-25 16:37:00,2025-05-25 16:37:00,2025-05-28 13:37:00,12.629051,76.728121,"In a crowded festival procession near a bank ATM, a gold chain was snatched from a woman devotee and the accused melted into the crowd towards the market."
37,105730012202500003,202500003,2025-05-19 04:42:00,1214,12,1,2,2,10,1,5013,2025-05-18 16:42:00,2025-05-18 19:42:00,2025-05-18 23:42:00,12.576797,76.748085,"In a crowded festival procession near a school, a gold chain was snatched from a woman devotee and the accused melted into the crowd into a bylane."
38,105730011202500001,202500001,2025-06-29 15:47:00,1157,11,1,2,2,10,1,5014,2025-06-27 12:47:00,2025-06-27 14:47:00,2025-06-29 10:47:00,12.490688,76.7603,"In a crowded festival procession near a jewellery shop, a gold chain was snatched from a woman devotee and the accused melted into the crowd into a bylane."
39,105740034202500001,202500001,2025-02-25 15:26:00,1041,34,1,2,2,10,1,5016,2025-02-24 15:26:00,2025-02-24 17:26:00,2025-02-25 13:26:00,12.960715,76.029112,"Outside a temple gate near a hospital gate, two youths on a scooter snatched a gold chain from an elderly woman and rode off towards the ring road at about 3:26 PM."
40,105740034202500002,202500002,2025-03-11 00:08:00,1002,34,1,2,2,10,1,5002,2025-03-08 11:08:00,2025-03-08 12:08:00,2025-03-10 21:08:00,12.934713,76.046935,"Outside a temple gate near a hospital gate, two youths on a scooter snatched a gold chain from an elderly woman and rode off into the lake-bed area at about 11:08 AM."
41,105740035202500001,202500001,2025-03-11 12:24:00,1148,35,1,2,2,10,1,5015,2025-03-10 11:24:00,2025-03-10 13:24:00,2025-03-11 12:24:00,13.029559,76.04005,"Outside a temple gate near a vegetable market, two youths on a scooter snatched a gold chain from an elderly woman and rode off into the residential layout at about 11:24 AM."
42,105740034202500003,202500003,2025-03-18 10:46:00,1192,34,1,2,2,10,1,5021,2025-03-17 13:46:00,2025-03-17 15:46:00,2025-03-18 08:46:00,12.951638,76.065819,"Outside a temple gate near a temple, two youths on a scooter snatched a gold chain from an elderly woman and rode off into a bylane at about 1:46 PM."
43,105740034202500004,202500004,2025-04-19 01:30:00,1215,34,1,2,2,10,1,5022,2025-04-17 14:30:00,2025-04-17 14:30:00,2025-04-18 20:30:00,12.950115,76.018849,"Outside a temple gate near a government office, two youths on a scooter snatched a gold chain from an elderly woman and rode off into a bylane at about 2:30 PM."
44,105740034202500005,202500005,2025-04-12 07:22:00,1106,34,1,2,2,10,1,5023,2025-04-10 13:22:00,2025-04-10 16:22:00,2025-04-12 06:22:00,12.911335,76.048072,"Outside a temple gate near a government office, two youths on a scooter snatched a gold chain from an elderly woman and rode off into the lake-bed area at about 1:22 PM."
45,105670041202400001,202400001,2024-09-25 20:54:00,1023,41,1,2,2,12,1,5001,2024-09-23 21:54:00,2024-09-23 22:54:00,2024-09-25 17:54:00,14.44545,75.902844,A motorcycle parked near a jewellery shop ATM kiosk was lifted after midnight; a duplicate key appears to have been used. No CCTV coverage at the spot.
46,105670044202400001,202400001,2024-10-08 13:53:00,1067,44,1,2,2,12,1,5023,2024-10-05 23:53:00,2024-10-05 23:53:00,2024-10-08 08:53:00,14.53735,75.978075,A motorcycle parked near a petrol bunk ATM kiosk was lifted after midnight; a duplicate key appears to have been used. No CCTV coverage at the spot.
47,105670042202400001,202400001,2024-10-17 10:07:00,1268,42,1,2,2,12,1,5025,2024-10-17 01:07:00,2024-10-17 02:07:00,2024-10-17 10:07:00,14.41671,75.935986,A motorcycle parked near a petrol bunk ATM kiosk was lifted after midnight; a duplicate key appears to have been used. No CCTV coverage at the spot.
48,105670041202400002,202400002,2024-10-09 23:32:00,1169,41,1,2,2,12,1,5009,2024-10-08 22:32:00,2024-10-08 22:32:00,2024-10-09 23:32:00,14.446224,75.916382,A motorcycle parked near a wedding hall ATM kiosk was lifted after midnight; a duplicate key appears to have been used. No CCTV coverage at the spot.
49,105670044202400002,202400002,2024-11-11 19:07:00,1000,44,1,2,2,12,1,5003,2024-11-10 23:07:00,2024-11-11 01:07:00,2024-11-11 16:07:00,14.508923,76.001496,A motorcycle parked near a wedding hall ATM kiosk was lifted after midnight; a duplicate key appears to have been used. No CCTV coverage at the spot.
50,105670044202400003,202400003,2024-11-12 07:07:00,1149,44,1,2,2,12,1,5018,2024-11-12 01:07:00,2024-11-12 03:07:00,2024-11-12 05:07:00,14.505491,76.006088,A motorcycle parked near a bank ATM ATM kiosk was lifted after midnight; a duplicate key appears to have been used. No CCTV coverage at the spot.
51,105660045202500001,202500001,2025-03-11 13:59:00,1068,45,1,1,2,13,1,5016,2025-03-08 21:59:00,2025-03-08 21:59:00,2025-03-11 10:59:00,14.220617,76.552644,"On the NH bypass near an apartment complex, lorry and car drivers were stopped, shown a knife, and relieved of cash collections before the gang escaped towards the bus stand."
52,105660047202500001,202500001,2025-03-24 15:56:00,1140,47,1,1,2,13,1,5013,2025-03-22 02:56:00,2025-03-22 04:56:00,2025-03-24 11:56:00,14.099228,76.516486,"On the NH bypass near a school, lorry and car drivers were stopped, shown a knife, and relieved of cash collections before the gang escaped into the lake-bed area."
53,105660046202500001,202500001,2025-03-31 22:45:00,1059,46,1,1,2,13,1,5025,2025-03-28 22:45:00,2025-03-29 00:45:00,2025-03-31 18:45:00,14.123197,76.539574,"On the NH bypass near an apartment complex, lorry and car drivers were stopped, shown a knife, and relieved of cash collections before the gang escaped into a bylane."
54,105660046202500002,202500002,2025-03-31 17:42:00,1128,46,1,1,2,13,1,5005,2025-03-29 21:42:00,2025-03-29 21:42:00,2025-03-31 11:42:00,14.12867,76.579243,"On the NH bypass near a temple, lorry and car drivers were stopped, shown a knife, and relieved of cash collections before the gang escaped towards the highway."
55,105660047202500002,202500002,2025-04-16 12:59:00,1027,47,1,1,2,13,1,5001,2025-04-13 21:59:00,2025-04-13 23:59:00,2025-04-16 06:59:00,14.102822,76.489503,"On the NH bypass near a petrol bunk, lorry and car drivers were stopped, shown a knife, and relieved of cash collections before the gang escaped into the lake-bed area."
56,105550051202400001,202400001,2024-04-17 14:16:00,1079,51,1,2,2,11,1,5002,2024-04-16 02:16:00,2024-04-16 03:16:00,2024-04-17 14:16:00,16.015173,74.866253,"The gang scaled the compound wall near a bus stop and broke open the rear door with a crowbar, decamping with jewellery and cash while the family slept."
57,105550049202400001,202400001,2024-04-29 03:34:00,1169,49,1,2,2,11,1,5012,2024-04-27 02:34:00,2024-04-27 04:34:00,2024-04-29 02:34:00,16.195527,74.946653,"The gang scaled the compound wall near a petrol bunk and broke open the rear door with a crowbar, decamping with jewellery and cash while the family slept."
58,105550048202400001,202400001,2024-05-09 10:34:00,1260,48,1,2,2,11,1,5015,2024-05-08 23:34:00,2024-05-09 02:34:00,2024-05-09 06:34:00,16.019906,74.869399,"The gang scaled the compound wall near a government office and broke open the rear door with a crowbar, decamping with jewellery and cash while the family slept."
59,105550049202400002,202400002,2024-05-20 15:13:00,1169,49,1,2,2,11,1,5002,2024-05-19 21:13:00,2024-05-19 21:13:00,2024-05-20 10:13:00,16.183686,74.908278,"The gang scaled the compound wall near a vegetable market and broke open the rear door with a crowbar, decamping with jewellery and cash while the family slept."
60,105550051202400002,202400002,2024-05-29 21:24:00,1023,51,1,2,2,11,1,5023,2024-05-26 21:24:00,2024-05-26 21:24:00,2024-05-29 21:24:00,16.033824,74.860773,"The gang scaled the compound wall near an apartment complex and broke open the rear door with a crowbar, decamping with jewellery and cash while the family slept."
61,105550048202400002,202400002,2024-06-18 10:34:00,1073,48,1,2,2,11,1,5010,2024-06-15 22:34:00,2024-06-16 00:34:00,2024-06-18 04:34:00,16.018428,74.879645,"The gang scaled the compound wall near a park gate and broke open the rear door with a crowbar, decamping with jewellery and cash while the family slept."
62,105620054202500001,202500001,2025-11-25 09:07:00,1034,54,1,2,2,10,1,5009,2025-11-22 13:07:00,2025-11-22 13:07:00,2025-11-25 04:07:00,15.399665,75.021376,"At the crowded main market near a bus stop, a two-wheeler-borne duo snatched a mangalsutra from a shopper and sped towards the market; the pillion wore a helmet."
63,105620053202500001,202500001,2025-12-08 22:44:00,1002,53,1,2,2,10,1,5011,2025-12-06 14:44:00,2025-12-06 15:44:00,2025-12-08 16:44:00,15.387831,75.216368,"At the crowded main market near a hospital gate, a two-wheeler-borne duo snatched a mangalsutra from a shopper and sped into a bylane; the pillion wore a helmet."
64,105620053202500002,202500002,2025-12-13 21:31:00,1071,53,1,2,2,10,1,5018,2025-12-12 14:31:00,2025-12-12 15:31:00,2025-12-13 16:31:00,15.405249,75.241178,"At the crowded main market near a vegetable market, a two-wheeler-borne duo snatched a mangalsutra from a shopper and sped towards the bus stand; the pillion wore a helmet."
65,105620053202500003,202500003,2026-01-03 00:41:00,1148,53,1,2,2,10,1,5005,2025-12-31 17:41:00,2025-12-31 20:41:00,2026-01-02 23:41:00,15.422337,75.226046,"At the crowded main market near a bus stop, a two-wheeler-borne duo snatched a mangalsutra from a shopper and sped towards the flyover; the pillion wore a helmet."
66,105620054202600001,202600001,2026-01-19 13:47:00,1032,54,1,2,2,10,1,5009,2026-01-17 12:47:00,2026-01-17 14:47:00,2026-01-19 13:47:00,15.379814,75.033196,"At the crowded main market near a government office, a two-wheeler-borne duo snatched a mangalsutra from a shopper and sped towards the ring road; the pillion wore a helmet."
67,105620053202500004,202500004,2025-12-23 19:53:00,1039,53,1,2,2,10,1,5017,2025-12-22 14:53:00,2025-12-22 16:53:00,2025-12-23 16:53:00,15.408072,75.212588,"At the crowded main market near a government office, a two-wheeler-borne duo snatched a mangalsutra from a shopper and sped into the residential layout; the pillion wore a helmet."
68,105790056202500001,202500001,2025-04-27 10:10:00,1246,56,1,1,1,22,1,5022,2025-04-25 22:10:00,2025-04-26 01:10:00,2025-04-27 07:10:00,17.245985,76.999192,An attempt was made on the complainant's life near a school with a sharp weapon following a land dispute; the assailants fled towards the bus stand on a motorcycle.
69,105790055202500001,202500001,2025-05-11 05:03:00,1009,55,1,1,1,22,1,5024,2025-05-09 22:03:00,2025-05-10 00:03:00,2025-05-11 01:03:00,17.284959,76.782309,An attempt was made on the complainant's life near a bus stop with a sharp weapon following a land dispute; the assailants fled into the residential layout on a motorcycle.
70,105790057202500001,202500001,2025-05-21 09:37:00,1267,57,1,1,1,22,1,5017,2025-05-19 02:37:00,2025-05-19 05:37:00,2025-05-21 06:37:00,17.311759,76.777963,An attempt was made on the complainant's life near a bank ATM with a sharp weapon following a land dispute; the assailants fled towards the highway on a motorcycle.
71,105790058202500001,202500001,2025-06-04 16:23:00,1179,58,1,1,1,22,1,5019,2025-06-03 01:23:00,2025-06-03 01:23:00,2025-06-04 10:23:00,17.196936,76.901786,An attempt was made on the complainant's life near a temple with a sharp weapon following a land dispute; the assailants fled into the lake-bed area on a motorcycle.
72,105790055202500002,202500002,2025-06-22 11:07:00,1209,55,1,1,1,22,1,5012,2025-06-20 02:07:00,2025-06-20 02:07:00,2025-06-22 06:07:00,17.23979,76.794605,An attempt was made on the complainant's life near a vegetable market with a sharp weapon following a land dispute; the assailants fled towards the market on a motorcycle.
73,105750064202500001,202500001,2025-02-15 00:54:00,1051,64,1,2,2,12,1,5007,2025-02-13 12:54:00,2025-02-13 15:54:00,2025-02-14 21:54:00,12.966034,75.397094,A scooter parked near an apartment complex on the beach road was found missing; the handle lock was broken. Similar thefts reported along the coastal stretch.
74,105750065202500001,202500001,2025-02-20 05:16:00,1205,65,1,2,2,12,1,5020,2025-02-19 11:16:00,2025-02-19 13:16:00,2025-02-20 01:16:00,12.871129,75.305828,A scooter parked near a park gate on the beach road was found missing; the handle lock was broken. Similar thefts reported along the coastal stretch.
75,105750063202500001,202500001,2025-03-15 03:43:00,1141,63,1,2,2,12,1,5025,2025-03-13 12:43:00,2025-03-13 15:43:00,2025-03-14 22:43:00,12.814259,75.27223,A scooter parked near a temple on the beach road was found missing; the handle lock was broken. Similar thefts reported along the coastal stretch.
76,105750064202500002,202500002,2025-03-11 03:29:00,1037,64,1,2,2,12,1,5017,2025-03-09 13:29:00,2025-03-09 15:29:00,2025-03-11 02:29:00,12.943475,75.346527,A scooter parked near a petrol bunk on the beach road was found missing; the handle lock was broken. Similar thefts reported along the coastal stretch.
77,105750062202500001,202500001,2025-04-04 00:16:00,1211,62,1,2,2,12,1,5012,2025-04-02 11:16:00,2025-04-02 11:16:00,2025-04-03 19:16:00,12.956915,75.20484,A scooter parked near a bank ATM on the beach road was found missing; the handle lock was broken. Similar thefts reported along the coastal stretch.
78,105750064202500003,202500003,2025-03-22 04:31:00,1117,64,1,2,2,12,1,5007,2025-03-20 13:31:00,2025-03-20 14:31:00,2025-03-21 23:31:00,12.93357,75.356063,A scooter parked near a government office on the beach road was found missing; the handle lock was broken. Similar thefts reported along the coastal stretch.
79,105740036202500001,202500001,2025-05-20 02:48:00,1089,36,1,1,1,22,1,5015,2025-05-17 05:48:00,2025-05-17 05:48:00,2025-05-19 22:48:00,12.987655,76.195414,An attempt was made on the complainant's life near a temple using a sharp weapon.
80,105710024202500001,202500001,2025-07-15 20:15:00,1067,24,1,2,2,14,2,5019,2025-07-15 08:15:00,2025-07-15 09:15:00,2025-07-15 14:15:00,13.316773,76.932339,Household articles and two gold bangles were stolen from the complainant's house near a park gate.
81,105690069202600001,202600001,2026-01-07 20:50:00,1049,69,1,1,3,30,2,5015,2026-01-07 10:50:00,2026-01-07 12:50:00,2026-01-07 14:50:00,13.347323,74.788886,"Near a government office, an unknown person outraged the modesty of the complainant during the afternoon."
82,105660046202400001,202400001,2024-11-29 05:32:00,1207,46,1,2,2,14,2,5003,2024-11-28 21:32:00,2024-11-28 21:32:00,2024-11-29 00:32:00,14.130001,76.540474,a handbag kept at the workplace near a wedding hall was stolen during office hours.
83,105810027202400001,202400001,2024-06-19 16:06:00,1199,27,1,2,2,11,2,5010,2024-06-19 12:06:00,2024-06-19 13:06:00,2024-06-19 14:06:00,13.190693,78.275043,On returning from a trip the complainant found the roof ventilator forced and valuables gone.
84,105650059202500001,202500001,2025-10-11 13:40:00,1155,59,1,2,2,12,1,5001,2025-10-08 23:40:00,2025-10-08 23:40:00,2025-10-11 11:40:00,15.002104,76.515626,Unknown persons rode away a TVS scooter parked near a vegetable market during the afternoon.
85,105550048202400003,202400003,2024-07-12 19:56:00,1264,48,1,2,2,10,3,5025,2024-07-12 13:56:00,2024-07-12 15:56:00,2024-07-12 17:56:00,15.975332,74.884421,An unidentified person grabbed two gold bangles from the complainant close to an apartment complex and disappeared.
86,105720003202400001,202400001,2024-07-09 09:18:00,1255,3,1,1,3,30,2,5012,2024-07-09 03:18:00,2024-07-09 06:18:00,2024-07-09 07:18:00,12.988423,77.707167,"Near a bus stop, an unknown person outraged the modesty of the complainant in the early hours."
87,105770016202600001,202600001,2026-02-26 05:15:00,1165,16,1,2,2,10,2,5006,2026-02-25 22:15:00,2026-02-25 22:15:00,2026-02-26 02:15:00,12.233221,76.563081,An unidentified person grabbed a gold chain from the complainant close to a government office and disappeared.
88,105740036202500002,202500002,2025-08-22 15:25:00,1173,36,1,2,2,12,1,5025,2025-08-21 03:25:00,2025-08-21 03:25:00,2025-08-22 14:25:00,13.015696,76.215734,a Yamaha bike parked near a bus stop was found missing late in the evening.
89,105660046202600001,202600001,2026-01-12 12:16:00,1239,46,1,2,1,21,1,5009,2026-01-11 04:16:00,2026-01-11 05:16:00,2026-01-12 08:16:00,14.092736,76.541091,A quarrel near a vegetable market led to the complainant being beaten and hurt.
90,105820031202400001,202400001,2024-11-27 12:04:00,1034,31,1,2,4,40,1,5002,2024-11-24 23:04:00,2024-11-25 00:04:00,2024-11-27 07:04:00,13.583644,77.864274,An unknown person defrauded the complainant of cash promising ear studs late in the evening.
91,105840010202400002,202400002,2024-01-14 13:41:00,1036,10,1,2,4,40,2,5010,2024-01-14 06:41:00,2024-01-14 06:41:00,2024-01-14 07:41:00,12.647176,77.255556,The complainant was cheated of money near a government office on a false promise around noon.
92,105790055202600001,202600001,2026-06-25 06:10:00,1190,55,1,1,1,22,1,5014,2026-06-23 03:10:00,2026-06-23 06:10:00,2026-06-25 04:10:00,17.26047,76.806159,An attempt was made on the complainant's life near a vegetable market using a sharp weapon.
93,105720003202500006,202500006,2025-06-14 07:56:00,1070,3,1,2,4,40,2,5009,2025-06-14 04:56:00,2025-06-14 06:56:00,2025-06-14 07:56:00,12.965472,77.681362,An unknown person defrauded the complainant of cash promising a mobile phone at night.
94,105550049202400003,202400003,2024-03-23 05:58:00,1076,49,1,2,4,40,1,5011,2024-03-21 01:58:00,2024-03-21 02:58:00,2024-03-23 05:58:00,16.16081,74.909324,An unknown person defrauded the complainant of cash promising a handbag during office hours.
95,105840007202500001,202500001,2025-07-16 00:16:00,1268,7,1,1,1,22,2,5008,2025-07-15 12:16:00,2025-07-15 13:16:00,2025-07-15 19:16:00,12.615686,77.361594,An attempt was made on the complainant's life near a vegetable market using a sharp weapon.
96,105780022202400001,202400001,2024-12-26 00:52:00,1027,22,1,2,2,14,1,5008,2024-12-24 19:52:00,2024-12-24 20:52:00,2024-12-25 18:52:00,11.889646,77.040214,two gold bangles kept at the workplace near a park gate was stolen during the afternoon.
97,105810027202500001,202500001,2025-07-13 19:48:00,1138,27,1,1,2,13,2,5002,2025-07-13 16:48:00,2025-07-13 19:48:00,2025-07-13 17:48:00,13.163826,78.287025,"Near an apartment complex, unknown persons robbed the complainant of two gold bangles and fled into the lake-bed area."
98,105650059202500002,202500002,2025-07-29 06:01:00,1256,59,1,1,3,30,2,5009,2025-07-28 22:01:00,2025-07-28 22:01:00,2025-07-29 04:01:00,15.017671,76.51421,"Near a bus stop, an unknown person outraged the modesty of the complainant in the early hours."
99,105780020202500001,202500001,2025-03-13 08:58:00,1069,20,1,1,2,13,1,5014,2025-03-12 09:58:00,2025-03-12 10:58:00,2025-03-13 06:58:00,12.056168,77.094949,"Near a bus stop, unknown persons robbed the complainant of two gold bangles and fled towards the highway."
100,105740036202400001,202400001,2024-06-04 15:06:00,1244,36,1,1,1,22,2,5005,2024-06-04 06:06:00,2024-06-04 09:06:00,2024-06-04 10:06:00,12.987266,76.179346,The complainant was attacked with a weapon near a hospital gate during the afternoon and grievously injured.
101,105710023202500001,202500001,2025-03-27 18:31:00,1268,23,1,2,2,11,1,5021,2025-03-25 19:31:00,2025-03-25 19:31:00,2025-03-27 15:31:00,13.480727,76.961499,On returning from a trip the complainant found the rear door forced and valuables gone.
102,105680039202600001,202600001,2026-03-03 16:29:00,1069,39,1,2,1,21,2,5013,2026-03-03 09:29:00,2026-03-03 12:29:00,2026-03-03 11:29:00,14.105027,75.288151,A quarrel near a bus stop led to the complainant being beaten and hurt.
103,105730011202500002,202500002,2025-06-23 00:24:00,1083,11,1,1,1,20,1,5005,2025-06-20 22:24:00,2025-06-20 23:24:00,2025-06-22 20:24:00,12.537608,76.790743,A murder was reported near a petrol bunk following a dispute in the early hours.
104,105720002202500004,202500004,2025-04-15 02:54:00,1003,2,1,2,2,14,2,5008,2025-04-14 15:54:00,2025-04-14 17:54:00,2025-04-14 23:54:00,12.880884,77.658726,ear studs was found missing from the complainant's shop near a hospital gate during office hours.
105,105710023202500002,202500002,2025-04-12 12:37:00,1068,23,1,2,2,14,2,5004,2025-04-11 23:37:00,2025-04-12 01:37:00,2025-04-12 06:37:00,13.477065,76.934521,a wallet with cash was found missing from the complainant's shop near a petrol bunk at night.
106,105750064202500004,202500004,2025-06-17 03:40:00,1106,64,1,2,4,40,2,5020,2025-06-16 23:40:00,2025-06-17 02:40:00,2025-06-17 00:40:00,12.956575,75.347215,The complainant was cheated of money near a park gate on a false promise in the early hours.
107,105830004202600001,202600001,2026-05-02 13:12:00,1171,4,1,2,4,40,2,5015,2026-05-02 05:12:00,2026-05-02 08:12:00,2026-05-02 08:12:00,13.245355,77.484641,An unknown person defrauded the complainant of cash promising ear studs during the afternoon.
108,105690069202600002,202600002,2026-05-13 22:36:00,1190,69,1,2,1,21,1,5015,2026-05-12 05:36:00,2026-05-12 07:36:00,2026-05-13 19:36:00,13.337274,74.791171,The complainant sustained injuries in an assault near a school during office hours.
109,105750065202400001,202400001,2024-06-06 17:21:00,1059,65,1,1,1,22,1,5001,2024-06-06 06:21:00,2024-06-06 08:21:00,2024-06-06 14:21:00,12.892119,75.334657,An attempt was made on the complainant's life near an apartment complex using a sharp weapon.
110,105740036202500003,202500003,2025-06-29 18:49:00,1072,36,1,2,2,14,2,5023,2025-06-29 10:49:00,2025-06-29 12:49:00,2025-06-29 14:49:00,13.00672,76.193686,two gold bangles was found missing from the complainant's shop near a bank ATM in the early hours.
111,105790058202500002,202500002,2025-09-23 16:19:00,1238,58,1,2,2,12,2,5016,2025-09-23 11:19:00,2025-09-23 12:19:00,2025-09-23 13:19:00,17.186633,76.894331,The complainant's a Hero Splendor was stolen from outside a bus stop.
112,105650060202600001,202600001,2026-05-18 03:18:00,1122,60,1,1,1,22,1,5020,2026-05-16 05:18:00,2026-05-16 06:18:00,2026-05-17 23:18:00,15.003869,76.601377,The complainant was attacked with a weapon near a bank ATM late in the evening and grievously injured.
113,105750063202400001,202400001,2024-04-28 03:38:00,1046,63,1,2,2,11,2,5007,2024-04-27 18:38:00,2024-04-27 19:38:00,2024-04-28 01:38:00,12.8439,75.302393,The complainant found the roof ventilator broken on returning home; two gold bangles and cash were missing.
114,105790056202600001,202600001,2026-01-05 17:05:00,1120,56,1,2,2,14,3,5014,2026-01-05 11:05:00,2026-01-05 14:05:00,2026-01-05 17:05:00,17.24899,77.007918,a wallet with cash kept at the workplace near a vegetable market was stolen in the early hours.
115,105780020202400001,202400001,2024-10-23 00:08:00,1233,20,1,2,1,21,2,5023,2024-10-22 21:08:00,2024-10-23 00:08:00,2024-10-23 00:08:00,12.023089,77.089386,The complainant sustained injuries in an assault near a wedding hall during office hours.
116,105740035202500002,202500002,2025-02-24 20:36:00,1143,35,1,1,3,30,2,5015,2025-02-24 17:36:00,2025-02-24 17:36:00,2025-02-24 19:36:00,13.023939,76.053742,"The complainant, a woman, was harassed and assaulted near a bank ATM at dusk."
117,105680038202400001,202400001,2024-06-20 16:44:00,1013,38,1,2,2,14,1,5010,2024-06-20 01:44:00,2024-06-20 04:44:00,2024-06-20 11:44:00,13.986222,75.237678,Household articles and a wallet with cash were stolen from the complainant's house near a wedding hall.
118,105790058202500003,202500003,2025-01-14 10:16:00,1196,58,1,2,2,12,1,5008,2025-01-13 05:16:00,2025-01-13 08:16:00,2025-01-14 04:16:00,17.197766,76.915281,The complainant's a Royal Enfield was stolen from outside a school.
119,105650061202600001,202600001,2026-02-04 04:14:00,1021,61,1,2,2,14,2,5004,2026-02-03 17:14:00,2026-02-03 19:14:00,2026-02-04 01:14:00,15.18411,76.47192,a wallet with cash kept at the workplace near a petrol bunk was stolen in the early hours.
120,105720002202500005,202500005,2025-02-25 08:33:00,1111,2,1,2,2,11,2,5020,2025-02-25 03:33:00,2025-02-25 03:33:00,2025-02-25 04:33:00,12.859887,77.678963,On returning from a trip the complainant found the main door lock forced and valuables gone.
121,105820033202400001,202400001,2024-06-14 17:17:00,1201,33,1,1,1,20,1,5006,2024-06-14 02:17:00,2024-06-14 05:17:00,2024-06-14 14:17:00,13.699289,77.852524,The deceased was found with injuries near a jewellery shop; murder is suspected.
122,105790058202400001,202400001,2024-01-20 23:09:00,1244,58,1,2,2,14,1,5014,2024-01-20 15:09:00,2024-01-20 18:09:00,2024-01-20 19:09:00,17.210465,76.901925,a handbag was found missing from the complainant's shop near a government office late in the evening.
123,105660047202500003,202500003,2025-07-03 09:05:00,1183,47,1,2,2,11,1,5016,2025-07-01 10:05:00,2025-07-01 10:05:00,2025-07-03 04:05:00,14.067679,76.47715,The house near a temple was burgled via the compound gate; a mobile phone was reported stolen.
124,105790058202400002,202400002,2024-01-17 09:21:00,1018,58,1,1,3,30,2,5024,2024-01-17 01:21:00,2024-01-17 02:21:00,2024-01-17 04:21:00,17.20277,76.911155,"The complainant, a woman, was harassed and assaulted near an apartment complex at dusk."
125,105810029202400001,202400001,2024-03-05 16:27:00,1032,29,1,2,4,40,2,5004,2024-03-05 06:27:00,2024-03-05 08:27:00,2024-03-05 10:27:00,12.999739,78.153816,An unknown person defrauded the complainant of cash promising a mangalsutra during the afternoon.
126,105680037202500001,202500001,2025-03-05 07:51:00,1019,37,1,2,4,40,1,5020,2025-03-02 22:51:00,2025-03-02 23:51:00,2025-03-05 06:51:00,14.036764,75.34669,An unknown person defrauded the complainant of cash promising two gold bangles late in the evening.
127,105750065202400002,202400002,2024-08-15 10:49:00,1027,65,1,1,3,30,1,5021,2024-08-12 14:49:00,2024-08-12 16:49:00,2024-08-15 09:49:00,12.87845,75.338128,"The complainant, a woman, was harassed and assaulted near a bus stop during office hours."
128,105790057202500002,202500002,2025-08-30 01:20:00,1248,57,1,1,2,13,2,5002,2025-08-29 18:20:00,2025-08-29 21:20:00,2025-08-29 22:20:00,17.357308,76.781381,The complainant was assaulted near a bank ATM and a mangalsutra was taken forcibly.
129,105840008202400002,202400002,2024-10-15 09:07:00,1044,8,1,2,4,40,1,5014,2024-10-14 04:07:00,2024-10-14 07:07:00,2024-10-15 05:07:00,12.780971,77.23936,An unknown person defrauded the complainant of cash promising two gold bangles at dusk.
130,105720001202500008,202500008,2025-03-04 11:02:00,1208,1,1,2,2,12,1,5007,2025-03-03 01:02:00,2025-03-03 02:02:00,2025-03-04 11:02:00,12.840312,77.512652,a Hero Splendor parked near a bank ATM was found missing around noon.
131,105710024202600001,202600001,2026-03-19 19:40:00,1106,24,1,2,1,21,2,5022,2026-03-19 11:40:00,2026-03-19 11:40:00,2026-03-19 16:40:00,13.33791,76.947178,The complainant was assaulted with a stick near a school and injured.
132,105840009202500001,202500001,2025-07-29 04:49:00,1216,9,1,1,3,30,2,5009,2025-07-28 22:49:00,2025-07-28 22:49:00,2025-07-29 02:49:00,12.74306,77.370094,"Near a government office, an unknown person outraged the modesty of the complainant at night."
133,105680037202400001,202400001,2024-03-19 15:10:00,1177,37,1,2,2,12,2,5014,2024-03-19 03:10:00,2024-03-19 06:10:00,2024-03-19 10:10:00,14.012965,75.31798,The complainant's a Bajaj Pulsar was stolen from outside an apartment complex.
134,105740034202400001,202400001,2024-08-23 17:23:00,1078,34,1,2,2,12,1,5006,2024-08-20 15:23:00,2024-08-20 16:23:00,2024-08-23 15:23:00,12.919908,76.028813,a TVS scooter parked near a bus stop was found missing at dusk.
135,105550048202500001,202500001,2025-04-04 23:10:00,1151,48,1,2,2,12,3,5016,2025-04-04 17:10:00,2025-04-04 19:10:00,2025-04-04 18:10:00,16.003348,74.877347,a Hero Splendor parked near a wedding hall was found missing late in the evening.
136,105710025202500001,202500001,2025-08-23 16:14:00,1261,25,1,2,4,40,1,5002,2025-08-20 16:14:00,2025-08-20 18:14:00,2025-08-23 13:14:00,13.415461,76.83072,An unknown person defrauded the complainant of cash promising a gold chain during office hours.
137,105620054202600002,202600002,2026-04-02 20:18:00,1171,54,1,1,1,22,2,5003,2026-04-02 14:18:00,2026-04-02 17:18:00,2026-04-02 18:18:00,15.395162,75.055989,An attempt was made on the complainant's life near a hospital gate using a sharp weapon.
138,105810029202400002,202400002,2024-01-28 01:09:00,1034,29,1,1,1,22,2,5020,2024-01-28 00:09:00,2024-01-28 02:09:00,2024-01-28 01:09:00,13.042887,78.172992,An attempt was made on the complainant's life near a wedding hall using a sharp weapon.
139,105770018202400002,202400002,2024-12-31 15:03:00,1085,18,1,1,1,22,2,5018,2024-12-31 05:03:00,2024-12-31 07:03:00,2024-12-31 09:03:00,12.113375,76.497484,An attempt was made on the complainant's life near a jewellery shop using a sharp weapon.
140,105810029202600001,202600001,2026-05-03 08:50:00,1226,29,1,1,3,30,1,5020,2026-05-01 06:50:00,2026-05-01 08:50:00,2026-05-03 06:50:00,13.038467,78.15175,"The complainant, a woman, was harassed and assaulted near a bus stop in the early hours."
141,105770015202400002,202400002,2024-03-20 08:49:00,1154,15,1,2,1,21,2,5022,2024-03-20 00:49:00,2024-03-20 00:49:00,2024-03-20 08:49:00,12.132424,76.36586,A quarrel near an apartment complex led to the complainant being beaten and hurt.
142,105730013202600001,202600001,2026-04-20 02:48:00,1094,13,1,2,2,11,2,5015,2026-04-19 18:48:00,2026-04-19 18:48:00,2026-04-19 22:48:00,12.575363,76.686711,Unknown persons entered through a window grille in the early hours and took gold ornaments and cash.
143,105680037202500002,202500002,2025-07-25 08:02:00,1219,37,1,1,1,20,2,5007,2025-07-24 23:02:00,2025-07-24 23:02:00,2025-07-25 07:02:00,14.013714,75.327493,The deceased was found with injuries near a hospital gate; murder is suspected.
144,105730014202600001,202600001,2026-01-29 15:04:00,1139,14,1,2,4,40,2,5025,2026-01-29 05:04:00,2026-01-29 08:04:00,2026-01-29 13:04:00,12.616951,76.723716,The complainant was cheated of money near a bank ATM on a false promise during the afternoon.
145,105830004202400001,202400001,2024-07-05 04:38:00,1258,4,1,1,1,22,1,5009,2024-07-02 12:38:00,2024-07-02 14:38:00,2024-07-05 03:38:00,13.235332,77.462602,The complainant was attacked with a weapon near a vegetable market at night and grievously injured.
146,105680039202600002,202600002,2026-06-25 09:10:00,1028,39,1,1,3,30,2,5013,2026-06-24 22:10:00,2026-06-25 00:10:00,2026-06-25 06:10:00,14.108723,75.286744,"The complainant, a woman, was harassed and assaulted near a hospital gate during office hours."
147,105660046202500003,202500003,2025-02-26 07:03:00,1019,46,1,1,1,20,1,5015,2025-02-25 11:03:00,2025-02-25 14:03:00,2025-02-26 05:03:00,14.091725,76.552536,The body of a person was found near a government office in the early hours; a case of murder is registered.
148,105730013202500002,202500002,2025-12-09 03:13:00,1205,13,1,1,1,22,2,5008,2025-12-08 21:13:00,2025-12-08 21:13:00,2025-12-09 01:13:00,12.540194,76.676067,An attempt was made on the complainant's life near a park gate using a sharp weapon.
149,105650059202500003,202500003,2025-11-21 23:11:00,1222,59,1,1,3,30,1,5019,2025-11-18 17:11:00,2025-11-18 17:11:00,2025-11-21 17:11:00,15.017022,76.546185,"The complainant, a woman, was harassed and assaulted near a government office around noon."
150,105740035202600001,202600001,2026-04-23 11:41:00,1248,35,1,2,1,21,2,5018,2026-04-23 09:41:00,2026-04-23 12:41:00,2026-04-23 10:41:00,13.027951,76.04079,The complainant was assaulted with a stick near a bank ATM and injured.
151,105660047202500004,202500004,2025-11-19 05:56:00,1062,47,1,2,1,21,2,5025,2025-11-18 21:56:00,2025-11-18 23:56:00,2025-11-19 02:56:00,14.097347,76.485029,The complainant was assaulted with a stick near a government office and injured.
152,105790055202500003,202500003,2025-05-02 12:15:00,1129,55,1,1,1,20,1,5018,2025-05-01 21:15:00,2025-05-02 00:15:00,2025-05-02 07:15:00,17.282512,76.786644,The body of a person was found near a jewellery shop in the early hours; a case of murder is registered.
153,105680039202400001,202400001,2024-08-03 18:58:00,1216,39,1,1,2,13,2,5004,2024-08-03 05:58:00,2024-08-03 06:58:00,2024-08-03 13:58:00,14.099766,75.327835,The complainant was assaulted near a bank ATM and a handbag was taken forcibly.
154,105670041202500001,202500001,2025-08-12 08:07:00,1144,41,1,2,2,14,2,5007,2025-08-12 02:07:00,2025-08-12 02:07:00,2025-08-12 07:07:00,14.442386,75.94675,The complainant reported theft of a handbag from the premises near a wedding hall.
155,105790055202500004,202500004,2025-09-06 16:09:00,1136,55,1,2,4,40,2,5010,2025-09-06 08:09:00,2025-09-06 11:09:00,2025-09-06 16:09:00,17.240934,76.758537,An unknown person defrauded the complainant of cash promising a mangalsutra around noon.
156,105650059202400001,202400001,2024-03-28 05:30:00,1170,59,1,2,4,40,2,5008,2024-03-28 00:30:00,2024-03-28 03:30:00,2024-03-28 05:30:00,14.985874,76.503563,An unknown person defrauded the complainant of cash promising a handbag around noon.
157,105770017202400003,202400003,2024-04-01 19:45:00,1135,17,1,1,1,22,3,5017,2024-04-01 10:45:00,2024-04-01 12:45:00,2024-04-01 16:45:00,12.162768,76.391665,The complainant was attacked with a weapon near a bus stop around noon and grievously injured.
158,105780021202500001,202500001,2025-12-23 22:27:00,1063,21,1,2,2,14,2,5012,2025-12-23 14:27:00,2025-12-23 14:27:00,2025-12-23 22:27:00,11.966468,77.202,ear studs kept at the workplace near a vegetable market was stolen around noon.
159,105680037202500003,202500003,2025-11-29 10:07:00,1002,37,1,2,2,10,2,5011,2025-11-28 21:07:00,2025-11-28 21:07:00,2025-11-29 05:07:00,14.037791,75.34571,The complainant states that a passer-by snatched two gold bangles near a wedding hall at night and fled towards the ring road.
160,105820033202400002,202400002,2024-07-02 04:49:00,1158,33,1,2,1,21,1,5022,2024-07-01 07:49:00,2024-07-01 08:49:00,2024-07-02 02:49:00,13.669975,77.866426,The complainant sustained injuries in an assault near a petrol bunk late in the evening.
161,105710024202500002,202500002,2025-03-21 08:27:00,1148,24,1,1,1,20,2,5015,2025-03-20 20:27:00,2025-03-20 23:27:00,2025-03-21 04:27:00,13.330511,76.936776,A murder was reported near an apartment complex following a dispute during office hours.
162,105620053202400001,202400001,2024-04-09 06:42:00,1023,53,1,2,1,21,1,5003,2024-04-06 14:42:00,2024-04-06 17:42:00,2024-04-09 05:42:00,15.416022,75.241245,A quarrel near a vegetable market led to the complainant being beaten and hurt.
163,105740034202600001,202600001,2026-06-12 10:06:00,1249,34,1,2,4,40,2,5010,2026-06-11 21:06:00,2026-06-11 23:06:00,2026-06-12 05:06:00,12.933276,76.057754,The complainant was cheated of money near a bus stop on a false promise during office hours.
164,105790056202600002,202600002,2026-05-13 15:54:00,1227,56,1,1,2,13,1,5016,2026-05-12 20:54:00,2026-05-12 23:54:00,2026-05-13 14:54:00,17.25146,77.000304,Two persons on a bike snatched a wallet with cash near a wedding hall after threatening the complainant.
165,105620052202500001,202500001,2025-05-13 06:37:00,1242,52,1,1,1,22,1,5004,2025-05-12 16:37:00,2025-05-12 19:37:00,2025-05-13 04:37:00,15.329654,75.211831,An attempt was made on the complainant's life near a petrol bunk using a sharp weapon.
166,105670044202500001,202500001,2025-09-09 12:42:00,1106,44,1,1,2,13,2,5010,2025-09-08 22:42:00,2025-09-08 22:42:00,2025-09-09 06:42:00,14.542439,75.97779,The complainant was assaulted near an apartment complex and a handbag was taken forcibly.
167,105710023202600001,202600001,2026-04-30 12:02:00,1023,23,1,2,2,12,1,5025,2026-04-27 16:02:00,2026-04-27 18:02:00,2026-04-30 10:02:00,13.503657,76.964044,a Royal Enfield left near a bank ATM could not be traced; the steering lock was broken.
168,105810027202500002,202500002,2025-01-05 17:46:00,1224,27,1,2,2,11,2,5014,2025-01-05 05:46:00,2025-01-05 05:46:00,2025-01-05 11:46:00,13.161873,78.3209,On returning from a trip the complainant found the rear door forced and valuables gone.
169,105770018202600001,202600001,2026-04-04 11:26:00,1084,18,1,1,2,13,1,5014,2026-04-01 13:26:00,2026-04-01 13:26:00,2026-04-04 11:26:00,12.08078,76.470491,"Near a bus stop, unknown persons robbed the complainant of a laptop bag and fled towards the market."
170,105780019202500001,202500001,2025-12-19 00:28:00,1064,19,1,1,3,30,1,5017,2025-12-18 12:28:00,2025-12-18 14:28:00,2025-12-18 20:28:00,12.063423,77.198582,"Near a park gate, an unknown person outraged the modesty of the complainant late in the evening."
171,105550048202400004,202400004,2024-09-23 06:32:00,1273,48,1,2,2,10,2,5020,2024-09-22 20:32:00,2024-09-22 21:32:00,2024-09-23 04:32:00,16.029556,74.895225,The complainant states that two youths snatched a mangalsutra near a hospital gate during office hours and fled towards the market.
172,105620053202400002,202400002,2024-03-24 15:03:00,1216,53,1,2,1,21,2,5015,2024-03-24 02:03:00,2024-03-24 05:03:00,2024-03-24 09:03:00,15.384673,75.2206,The complainant sustained injuries in an assault near a school during office hours.
173,105770015202400003,202400003,2024-05-03 19:36:00,1215,15,1,2,1,21,2,5002,2024-05-03 11:36:00,2024-05-03 13:36:00,2024-05-03 19:36:00,12.125384,76.371791,The complainant was assaulted with a stick near a school and injured.
174,105770017202600001,202600001,2026-02-21 10:32:00,1023,17,1,2,4,40,1,5022,2026-02-19 04:32:00,2026-02-19 07:32:00,2026-02-21 09:32:00,12.199807,76.359389,An unknown person defrauded the complainant of cash promising ear studs in the early hours.
175,105750065202400003,202400003,2024-01-20 23:42:00,1023,65,1,1,1,22,1,5016,2024-01-20 03:42:00,2024-01-20 03:42:00,2024-01-20 17:42:00,12.900877,75.301994,The complainant was attacked with a weapon near a government office at night and grievously injured.
176,105710024202400003,202400003,2024-09-18 05:09:00,1211,24,1,2,2,12,2,5011,2024-09-18 02:09:00,2024-09-18 04:09:00,2024-09-18 03:09:00,13.316133,76.924497,Unknown persons rode away a Honda Activa parked near a school during the afternoon.
177,105720003202400002,202400002,2024-10-05 14:37:00,1086,3,1,1,2,13,1,5008,2024-10-02 17:37:00,2024-10-02 20:37:00,2024-10-05 13:37:00,13.010181,77.668565,Two persons on a bike snatched two gold bangles near a petrol bunk after threatening the complainant.
178,105660045202600001,202600001,2026-05-13 01:13:00,1071,45,1,2,1,21,3,5024,2026-05-12 20:13:00,2026-05-12 22:13:00,2026-05-13 01:13:00,14.204828,76.502652,The complainant was assaulted with a stick near a vegetable market and injured.
179,105720002202500006,202500006,2025-11-19 18:26:00,1192,2,1,2,2,10,3,5020,2025-11-19 05:26:00,2025-11-19 07:26:00,2025-11-19 13:26:00,12.861776,77.680975,An unidentified person grabbed a mangalsutra from the complainant close to a bank ATM and disappeared.
180,105820030202500001,202500001,2025-05-20 20:02:00,1089,30,1,1,2,13,2,5003,2025-05-20 11:02:00,2025-05-20 12:02:00,2025-05-20 19:02:00,13.477192,77.944943,Two persons on a bike snatched a mobile phone near a bank ATM after threatening the complainant.
181,105650060202500001,202500001,2025-05-24 18:33:00,1012,60,1,1,3,30,1,5024,2025-05-22 11:33:00,2025-05-22 12:33:00,2025-05-24 17:33:00,14.996293,76.618751,"The complainant, a woman, was harassed and assaulted near a wedding hall late in the evening."
182,105670043202600001,202600001,2026-05-10 15:15:00,1031,43,1,2,2,10,2,5002,2026-05-10 08:15:00,2026-05-10 11:15:00,2026-05-10 10:15:00,14.345126,75.945064,"While walking near a park gate, a gold chain was snatched from the complainant by a passer-by who escaped towards the ring road."
183,105620053202400003,202400003,2024-08-28 23:50:00,1232,53,1,2,4,40,1,5017,2024-08-26 19:50:00,2024-08-26 21:50:00,2024-08-28 18:50:00,15.425106,75.237646,The complainant was cheated of money near a hospital gate on a false promise at dusk.
184,105790057202400001,202400001,2024-07-11 06:08:00,1075,57,1,2,4,40,1,5016,2024-07-09 07:08:00,2024-07-09 09:08:00,2024-07-11 02:08:00,17.356939,76.823499,The complainant was cheated of money near a vegetable market on a false promise during office hours.
185,105840009202400003,202400003,2024-12-15 15:42:00,1021,9,1,1,2,13,2,5016,2024-12-15 06:42:00,2024-12-15 07:42:00,2024-12-15 13:42:00,12.731634,77.381311,"Near a school, unknown persons robbed the complainant of a laptop bag and fled into the residential layout."
186,105780019202400001,202400001,2024-10-26 08:12:00,1125,19,1,2,2,11,1,5006,2024-10-24 14:12:00,2024-10-24 15:12:00,2024-10-26 03:12:00,12.05381,77.205928,The house near a jewellery shop was burgled via a window grille; a gold chain was reported stolen.
187,105780022202500001,202500001,2025-06-24 03:56:00,1125,22,1,1,1,20,2,5002,2025-06-23 19:56:00,2025-06-23 20:56:00,2025-06-24 01:56:00,11.88191,77.093684,A murder was reported near a park gate following a dispute during the afternoon.
188,105550050202600001,202600001,2026-02-09 07:48:00,1018,50,1,1,3,30,3,5007,2026-02-08 20:48:00,2026-02-08 21:48:00,2026-02-09 04:48:00,16.168771,74.819501,"Near a government office, an unknown person outraged the modesty of the complainant late in the evening."
189,105660046202400002,202400002,2024-08-24 02:02:00,1119,46,1,1,3,30,2,5009,2024-08-23 18:02:00,2024-08-23 18:02:00,2024-08-24 00:02:00,14.10448,76.531005,"Near a petrol bunk, an unknown person outraged the modesty of the complainant late in the evening."
190,105670043202400001,202400001,2024-09-15 05:47:00,1206,43,1,1,2,13,1,5013,2024-09-13 09:47:00,2024-09-13 09:47:00,2024-09-15 03:47:00,14.367678,75.984562,The complainant was assaulted near a vegetable market and two gold bangles was taken forcibly.
191,105710025202500002,202500002,2025-03-16 08:26:00,1181,25,1,1,1,20,2,5011,2025-03-15 22:26:00,2025-03-15 23:26:00,2025-03-16 03:26:00,13.404375,76.860279,The deceased was found with injuries near a hospital gate; murder is suspected.
192,105710025202500003,202500003,2025-05-01 10:21:00,1095,25,1,2,1,21,3,5007,2025-05-01 03:21:00,2025-05-01 03:21:00,2025-05-01 04:21:00,13.445135,76.840972,A quarrel near a bank ATM led to the complainant being beaten and hurt.
193,105550050202600002,202600002,2026-06-08 07:08:00,1003,50,1,2,2,11,1,5005,2026-06-05 06:08:00,2026-06-05 09:08:00,2026-06-08 02:08:00,16.193761,74.81197,The house near a hospital gate was burgled via the compound gate; ear studs was reported stolen.
194,105680039202500001,202500001,2025-02-07 05:52:00,1201,39,1,1,1,20,1,5023,2025-02-04 19:52:00,2025-02-04 19:52:00,2025-02-07 00:52:00,14.085995,75.311482,The body of a person was found near a government office around noon; a case of murder is registered.
195,105730014202500002,202500002,2025-05-31 19:26:00,1203,14,1,2,2,11,2,5002,2025-05-31 10:26:00,2025-05-31 10:26:00,2025-05-31 17:26:00,12.615819,76.729104,The house near a bank ATM was burgled via the rear door; a gold chain was reported stolen.
196,105680038202400002,202400002,2024-05-07 21:47:00,1272,38,1,2,2,12,2,5007,2024-05-07 17:47:00,2024-05-07 20:47:00,2024-05-07 20:47:00,13.969665,75.242705,a Yamaha bike parked near a bus stop was found missing around noon.
197,105620054202400001,202400001,2024-01-31 13:21:00,1097,54,1,2,2,10,1,5020,2024-01-29 00:21:00,2024-01-29 01:21:00,2024-01-31 09:21:00,15.373146,75.023565,The complainant states that an unknown person snatched a mangalsutra near a government office during the afternoon and fled towards the market.
198,105550050202400001,202400001,2024-08-05 22:14:00,1087,50,1,2,2,10,2,5009,2024-08-05 14:14:00,2024-08-05 14:14:00,2024-08-05 22:14:00,16.195423,74.84292,a laptop bag was pulled off the complainant's neck near a park gate; the accused ran into the residential layout.
199,105820030202400001,202400001,2024-01-25 01:48:00,1104,30,1,2,2,10,1,5021,2024-01-22 19:48:00,2024-01-22 19:48:00,2024-01-24 22:48:00,13.461882,77.914453,a handbag was pulled off the complainant's neck near a bank ATM; the accused ran into a bylane.
200,105670044202400004,202400004,2024-09-05 19:34:00,1035,44,1,1,1,20,2,5007,2024-09-05 06:34:00,2024-09-05 06:34:00,2024-09-05 14:34:00,14.484546,76.02026,A murder was reported near a vegetable market following a dispute late in the evening.
201,105680037202500004,202500004,2025-08-14 01:40:00,1079,37,1,2,2,14,2,5016,2025-08-13 14:40:00,2025-08-13 14:40:00,2025-08-13 21:40:00,14.017043,75.336064,a laptop bag kept at the workplace near a bus stop was stolen around noon.
202,105650061202400001,202400001,2024-07-19 14:58:00,1036,61,1,2,2,12,2,5014,2024-07-19 04:58:00,2024-07-19 04:58:00,2024-07-19 11:58:00,15.161869,76.473465,a Hero Splendor parked near a petrol bunk was found missing around noon.
203,105780019202400002,202400002,2024-09-25 00:29:00,1196,19,1,2,2,10,1,5013,2024-09-24 19:29:00,2024-09-24 19:29:00,2024-09-25 00:29:00,12.089611,77.19374,"While walking near an apartment complex, a mobile phone was snatched from the complainant by a passer-by who escaped into a bylane."
204,105660045202600002,202600002,2026-04-13 22:17:00,1147,45,1,2,4,40,1,5024,2026-04-13 04:17:00,2026-04-13 07:17:00,2026-04-13 16:17:00,14.222889,76.526771,An unknown person defrauded the complainant of cash promising a wallet with cash in the early hours.
205,105710026202400002,202400002,2024-03-02 15:11:00,1032,26,1,2,2,12,1,5011,2024-03-01 23:11:00,2024-03-01 23:11:00,2024-03-02 13:11:00,13.391684,76.825168,The complainant's a Hero Splendor was stolen from outside a hospital gate.
206,105550049202500001,202500001,2025-09-10 04:48:00,1204,49,1,2,2,10,2,5013,2025-09-09 16:48:00,2025-09-09 16:48:00,2025-09-09 22:48:00,16.156899,74.928526,An unidentified person grabbed a laptop bag from the complainant close to a school and disappeared.
207,105720003202500007,202500007,2025-10-10 20:55:00,1243,3,1,1,1,20,2,5022,2025-10-10 11:55:00,2025-10-10 11:55:00,2025-10-10 17:55:00,13.019553,77.716512,A murder was reported near a wedding hall following a dispute around noon.
208,105820031202400002,202400002,2024-09-07 22:10:00,1063,31,1,1,3,30,1,5022,2024-09-06 06:10:00,2024-09-06 07:10:00,2024-09-07 21:10:00,13.607473,77.898455,"The complainant, a woman, was harassed and assaulted near a bus stop late in the evening."
209,105790056202600003,202600003,2026-04-07 13:14:00,1194,56,1,1,3,30,2,5019,2026-04-07 07:14:00,2026-04-07 07:14:00,2026-04-07 09:14:00,17.219379,77.007177,"Near a government office, an unknown person outraged the modesty of the complainant at dusk."
210,105680038202600001,202600001,2026-05-09 05:31:00,1140,38,1,2,2,12,1,5023,2026-05-07 07:31:00,2026-05-07 10:31:00,2026-05-09 03:31:00,13.956943,75.23046,The complainant's a Bajaj Pulsar was stolen from outside an apartment complex.
211,105550051202400003,202400003,2024-11-05 06:58:00,1144,51,1,1,1,22,1,5023,2024-11-02 21:58:00,2024-11-02 22:58:00,2024-11-05 03:58:00,15.999648,74.867277,The complainant was attacked with a weapon near an apartment complex around noon and grievously injured.
212,105810027202400002,202400002,2024-08-12 10:12:00,1026,27,1,2,2,12,1,5004,2024-08-11 23:12:00,2024-08-12 01:12:00,2024-08-12 10:12:00,13.174942,78.298417,a Yamaha bike parked near a petrol bunk was found missing around noon.
213,105550049202600001,202600001,2026-03-06 03:50:00,1260,49,1,2,2,12,1,5008,2026-03-05 22:50:00,2026-03-05 22:50:00,2026-03-06 03:50:00,16.149521,74.914176,a TVS scooter parked near an apartment complex was found missing around noon.
214,105670042202400002,202400002,2024-03-07 14:58:00,1063,42,1,2,2,11,1,5025,2024-03-06 22:58:00,2024-03-06 23:58:00,2024-03-07 10:58:00,14.451242,75.949471,Unknown persons entered through the compound gate at night and took gold ornaments and cash.
215,105730012202500004,202500004,2025-07-30 21:54:00,1150,12,1,2,2,12,1,5022,2025-07-29 08:54:00,2025-07-29 11:54:00,2025-07-30 19:54:00,12.549725,76.787097,a TVS scooter parked near a bus stop was found missing around noon.
216,105770018202500001,202500001,2025-09-08 23:13:00,1217,18,1,1,2,13,3,5023,2025-09-08 17:13:00,2025-09-08 18:13:00,2025-09-08 20:13:00,12.103057,76.508287,The complainant was assaulted near a jewellery shop and a handbag was taken forcibly.
217,105620053202400004,202400004,2024-03-08 17:40:00,1063,53,1,1,3,30,2,5006,2024-03-08 10:40:00,2024-03-08 12:40:00,2024-03-08 14:40:00,15.425958,75.237634,"Near a temple, an unknown person outraged the modesty of the complainant in the early hours."
218,105740034202400002,202400002,2024-01-12 13:32:00,1093,34,1,2,2,12,1,5015,2024-01-10 21:32:00,2024-01-10 23:32:00,2024-01-12 08:32:00,12.945493,76.060698,The complainant's a Royal Enfield was stolen from outside a jewellery shop.
219,105730012202400001,202400001,2024-06-19 05:03:00,1272,12,1,1,2,13,2,5023,2024-06-18 18:03:00,2024-06-18 18:03:00,2024-06-19 02:03:00,12.577856,76.790226,The complainant was assaulted near an apartment complex and ear studs was taken forcibly.
220,105660047202600001,202600001,2026-05-09 14:32:00,1060,47,1,2,2,11,2,5010,2026-05-09 04:32:00,2026-05-09 06:32:00,2026-05-09 08:32:00,14.07662,76.516729,The complainant found a window grille broken on returning home; ear studs and cash were missing.
221,105660046202400003,202400003,2024-04-19 18:22:00,1063,46,1,2,2,14,1,5016,2024-04-19 00:22:00,2024-04-19 00:22:00,2024-04-19 14:22:00,14.112397,76.529454,The complainant reported theft of a laptop bag from the premises near a petrol bunk.
222,105780021202400001,202400001,2024-05-23 21:47:00,1082,21,1,1,1,22,2,5022,2024-05-23 11:47:00,2024-05-23 12:47:00,2024-05-23 18:47:00,11.960353,77.204047,An attempt was made on the complainant's life near a jewellery shop using a sharp weapon.
223,105660045202500002,202500002,2025-05-29 19:49:00,1219,45,1,2,2,12,1,5008,2025-05-27 00:49:00,2025-05-27 01:49:00,2025-05-29 17:49:00,14.198043,76.50023,a Hero Splendor parked near a government office was found missing in the early hours.
224,105780020202400002,202400002,2024-08-22 07:08:00,1118,20,1,2,4,40,2,5008,2024-08-22 03:08:00,2024-08-22 05:08:00,2024-08-22 04:08:00,12.039294,77.059417,An unknown person defrauded the complainant of cash promising two gold bangles during the afternoon.
225,105670042202400003,202400003,2024-08-05 11:30:00,1066,42,1,2,2,10,2,5011,2024-08-05 09:30:00,2024-08-05 11:30:00,2024-08-05 11:30:00,14.44115,75.95811,The complainant states that a passer-by snatched two gold bangles near a school late in the evening and fled into the residential layout.
226,105730013202400001,202400001,2024-03-18 01:39:00,1223,13,1,1,1,22,2,5003,2024-03-17 17:39:00,2024-03-17 20:39:00,2024-03-17 23:39:00,12.551194,76.701268,An attempt was made on the complainant's life near a park gate using a sharp weapon.
227,105620052202500002,202500002,2025-09-13 15:13:00,1137,52,1,2,1,21,2,5018,2025-09-13 08:13:00,2025-09-13 08:13:00,2025-09-13 13:13:00,15.32723,75.204585,The complainant sustained injuries in an assault near a temple at night.
228,105720001202500009,202500009,2025-10-28 23:40:00,1005,1,1,2,2,11,1,5012,2025-10-26 11:40:00,2025-10-26 12:40:00,2025-10-28 19:40:00,12.824497,77.571023,The house near a jewellery shop was burgled via the compound gate; a mangalsutra was reported stolen.
229,105550051202400004,202400004,2024-06-09 23:14:00,1251,51,1,2,4,40,1,5024,2024-06-08 14:14:00,2024-06-08 15:14:00,2024-06-09 17:14:00,16.04708,74.835004,An unknown person defrauded the complainant of cash promising two gold bangles during the afternoon.
230,105730013202600002,202600002,2026-01-12 02:08:00,1073,13,1,2,1,21,1,5021,2026-01-11 16:08:00,2026-01-11 16:08:00,2026-01-12 01:08:00,12.539186,76.663244,The complainant sustained injuries in an assault near a temple in the early hours.
231,105840008202500001,202500001,2025-07-11 20:17:00,1218,8,1,1,2,13,1,5013,2025-07-10 22:17:00,2025-07-10 23:17:00,2025-07-11 20:17:00,12.777493,77.1895,The complainant was waylaid near a jewellery shop in the early hours and robbed of a gold chain at knife-point.
232,105670043202400002,202400002,2024-05-03 22:59:00,1146,43,1,2,4,40,1,5012,2024-05-01 11:59:00,2024-05-01 11:59:00,2024-05-03 21:59:00,14.371926,75.978804,The complainant was cheated of money near a vegetable market on a false promise late in the evening.
233,105840009202400004,202400004,2024-04-27 21:27:00,1211,9,1,1,1,22,1,5020,2024-04-25 18:27:00,2024-04-25 20:27:00,2024-04-27 19:27:00,12.751549,77.38293,An attempt was made on the complainant's life near a bus stop using a sharp weapon.
234,105810029202500001,202500001,2025-12-20 10:15:00,1071,29,1,1,3,30,2,5010,2025-12-20 02:15:00,2025-12-20 05:15:00,2025-12-20 08:15:00,13.047929,78.195415,"The complainant, a woman, was harassed and assaulted near a bus stop in the early hours."
235,105780021202400002,202400002,2024-01-31 17:23:00,1153,21,1,2,4,40,2,5016,2024-01-31 04:23:00,2024-01-31 07:23:00,2024-01-31 12:23:00,11.924125,77.181634,The complainant was cheated of money near a bus stop on a false promise at night.
236,105650059202500004,202500004,2025-07-22 04:53:00,1108,59,1,2,1,21,2,5013,2025-07-21 22:53:00,2025-07-21 22:53:00,2025-07-22 00:53:00,15.002811,76.557102,The complainant was assaulted with a stick near a petrol bunk and injured.
237,105730014202400001,202400001,2024-04-17 13:23:00,1096,14,1,2,2,14,1,5018,2024-04-16 02:23:00,2024-04-16 03:23:00,2024-04-17 09:23:00,12.571721,76.732339,Household articles and a mobile phone were stolen from the complainant's house near a vegetable market.
238,105660046202600002,202600002,2026-02-08 21:25:00,1076,46,1,2,2,10,3,5001,2026-02-08 09:25:00,2026-02-08 12:25:00,2026-02-08 16:25:00,14.111753,76.550362,a laptop bag was pulled off the complainant's neck near an apartment complex; the accused ran towards the flyover.
239,105670044202400005,202400005,2024-10-25 14:39:00,1007,44,1,2,2,12,1,5005,2024-10-24 11:39:00,2024-10-24 13:39:00,2024-10-25 10:39:00,14.52185,75.997919,Unknown persons rode away a Bajaj Pulsar parked near a hospital gate at dusk.
240,105840010202400003,202400003,2024-07-03 01:49:00,1066,10,1,2,2,11,2,5015,2024-07-02 22:49:00,2024-07-03 00:49:00,2024-07-02 23:49:00,12.6617,77.247871,On returning from a trip the complainant found a window grille forced and valuables gone.
241,105680038202500001,202500001,2025-01-19 18:36:00,1055,38,1,2,2,11,2,5003,2025-01-19 05:36:00,2025-01-19 06:36:00,2025-01-19 13:36:00,13.958907,75.238241,The complainant found the kitchen door broken on returning home; a handbag and cash were missing.
242,105780019202500002,202500002,2025-10-17 13:20:00,1090,19,1,1,1,22,3,5003,2025-10-17 06:20:00,2025-10-17 07:20:00,2025-10-17 07:20:00,12.084373,77.171267,An attempt was made on the complainant's life near a park gate using a sharp weapon.
243,105780022202400002,202400002,2024-07-22 15:26:00,1074,22,1,2,2,14,2,5011,2024-07-22 11:26:00,2024-07-22 13:26:00,2024-07-22 15:26:00,11.8893,77.069774,The complainant reported theft of a handbag from the premises near a hospital gate.
244,105710025202500004,202500004,2025-03-09 07:34:00,1157,25,1,1,2,13,1,5017,2025-03-06 22:34:00,2025-03-06 22:34:00,2025-03-09 01:34:00,13.425622,76.829772,"Near an apartment complex, unknown persons robbed the complainant of a laptop bag and fled towards the market."
245,105780021202500002,202500002,2025-07-09 20:24:00,1053,21,1,2,2,12,2,5016,2025-07-09 13:24:00,2025-07-09 13:24:00,2025-07-09 15:24:00,11.916704,77.205937,Unknown persons rode away a Yamaha bike parked near a bank ATM in the early hours.
246,105620053202600001,202600001,2026-04-22 21:45:00,1123,53,1,1,1,22,1,5001,2026-04-20 20:45:00,2026-04-20 23:45:00,2026-04-22 15:45:00,15.423011,75.24523,An attempt was made on the complainant's life near a jewellery shop using a sharp weapon.
247,105840007202600001,202600001,2026-03-31 22:27:00,1060,7,1,2,1,21,2,5021,2026-03-31 18:27:00,2026-03-31 21:27:00,2026-03-31 22:27:00,12.624007,77.335504,The complainant was assaulted with a stick near a vegetable market and injured.
248,105830004202600002,202600002,2026-02-01 07:08:00,1193,4,1,2,1,21,1,5025,2026-01-30 23:08:00,2026-01-31 01:08:00,2026-02-01 03:08:00,13.268145,77.476307,The complainant was assaulted with a stick near an apartment complex and injured.
249,105710024202400004,202400004,2024-04-05 16:31:00,1160,24,1,2,2,14,1,5021,2024-04-05 02:31:00,2024-04-05 05:31:00,2024-04-05 15:31:00,13.333977,76.92781,The complainant reported theft of a mangalsutra from the premises near a petrol bunk.
250,105770016202400003,202400003,2024-07-16 23:01:00,1137,16,1,2,2,14,3,5009,2024-07-16 19:01:00,2024-07-16 22:01:00,2024-07-16 23:01:00,12.253539,76.561799,The complainant reported theft of a laptop bag from the premises near a temple.
251,105750063202500002,202500002,2025-03-20 01:27:00,1017,63,1,1,2,13,3,5017,2025-03-19 14:27:00,2025-03-19 16:27:00,2025-03-19 20:27:00,12.863403,75.289747,The complainant was assaulted near a petrol bunk and a mangalsutra was taken forcibly.
252,105770016202400004,202400004,2024-01-10 19:44:00,1052,16,1,1,1,20,2,5018,2024-01-10 10:44:00,2024-01-10 12:44:00,2024-01-10 17:44:00,12.245982,76.537044,The deceased was found with injuries near a park gate; murder is suspected.
253,105670042202500001,202500001,2025-08-28 17:15:00,1008,42,1,2,4,40,3,5003,2025-08-28 12:15:00,2025-08-28 15:15:00,2025-08-28 13:15:00,14.456095,75.919479,An unknown person defrauded the complainant of cash promising a gold chain at night.
254,105810029202400003,202400003,2024-02-18 06:08:00,1022,29,1,2,2,10,2,5004,2024-02-18 00:08:00,2024-02-18 00:08:00,2024-02-18 01:08:00,13.049085,78.15899,a handbag was pulled off the complainant's neck near a bank ATM; the accused ran towards the flyover.
255,105770016202500001,202500001,2025-06-19 02:15:00,1124,16,1,1,1,22,3,5022,2025-06-18 16:15:00,2025-06-18 17:15:00,2025-06-18 21:15:00,12.214842,76.538919,An attempt was made on the complainant's life near a park gate using a sharp weapon.
256,105780020202600001,202600001,2026-05-19 20:06:00,1157,20,1,1,1,22,1,5019,2026-05-18 16:06:00,2026-05-18 16:06:00,2026-05-19 20:06:00,12.031526,77.050882,The complainant was attacked with a weapon near a vegetable market during the afternoon and grievously injured.
257,105660046202400004,202400004,2024-09-28 07:59:00,1195,46,1,1,1,22,3,5024,2024-09-28 03:59:00,2024-09-28 06:59:00,2024-09-28 04:59:00,14.097893,76.5261,An attempt was made on the complainant's life near a vegetable market using a sharp weapon.
258,105740035202400001,202400001,2024-09-01 11:34:00,1147,35,1,2,2,10,2,5023,2024-09-01 02:34:00,2024-09-01 04:34:00,2024-09-01 10:34:00,12.99039,76.034373,"While walking near a bank ATM, a handbag was snatched from the complainant by a passer-by who escaped into the residential layout."
259,105650061202500001,202500001,2025-03-14 14:01:00,1023,61,1,2,2,10,2,5001,2025-03-14 10:01:00,2025-03-14 12:01:00,2025-03-14 11:01:00,15.195793,76.442568,two gold bangles was pulled off the complainant's neck near a hospital gate; the accused ran towards the ring road.
260,105680039202500002,202500002,2025-12-28 16:57:00,1072,39,1,1,1,20,3,5012,2025-12-28 10:57:00,2025-12-28 13:57:00,2025-12-28 13:57:00,14.126364,75.316927,A murder was reported near an apartment complex following a dispute at dusk.
261,105620054202400002,202400002,2024-10-09 17:12:00,1075,54,1,2,1,21,2,5015,2024-10-09 09:12:00,2024-10-09 10:12:00,2024-10-09 15:12:00,15.373296,75.004437,The complainant was assaulted with a stick near a petrol bunk and injured.
262,105680040202400001,202400001,2024-01-07 09:22:00,1100,40,1,1,1,22,1,5014,2024-01-06 13:22:00,2024-01-06 13:22:00,2024-01-07 04:22:00,13.946522,75.168851,The complainant was attacked with a weapon near a jewellery shop at night and grievously injured.
263,105790056202500002,202500002,2025-11-26 14:51:00,1093,56,1,2,4,40,3,5013,2025-11-26 10:51:00,2025-11-26 13:51:00,2025-11-26 12:51:00,17.231315,76.993676,The complainant was cheated of money near a park gate on a false promise late in the evening.
264,105690066202500001,202500001,2025-01-17 18:39:00,1054,66,1,1,2,13,3,5011,2025-01-17 04:39:00,2025-01-17 04:39:00,2025-01-17 12:39:00,13.415719,74.897987,The complainant was assaulted near an apartment complex and a handbag was taken forcibly.
265,105720001202600001,202600001,2026-04-06 03:39:00,1258,1,1,2,2,14,1,5015,2026-04-04 15:39:00,2026-04-04 18:39:00,2026-04-06 02:39:00,12.813019,77.513386,a gold chain was found missing from the complainant's shop near a bank ATM at dusk.
266,105710024202400005,202400005,2024-05-26 10:42:00,1054,24,1,2,2,10,2,5015,2024-05-25 23:42:00,2024-05-26 02:42:00,2024-05-26 05:42:00,13.309248,76.928444,"While walking near an apartment complex, ear studs was snatched from the complainant by a passer-by who escaped towards the ring road."
267,105750065202600001,202600001,2026-05-27 03:13:00,1071,65,1,1,1,20,2,5009,2026-05-26 16:13:00,2026-05-26 18:13:00,2026-05-26 22:13:00,12.912017,75.303125,A murder was reported near a bus stop following a dispute during office hours.
268,105750064202500005,202500005,2025-11-28 03:20:00,1226,64,1,2,2,11,1,5025,2025-11-26 15:20:00,2025-11-26 17:20:00,2025-11-28 03:20:00,12.921292,75.385135,Unknown persons entered through the roof ventilator in the early hours and took gold ornaments and cash.
269,105810029202400004,202400004,2024-07-26 02:10:00,1036,29,1,2,2,14,2,5011,2024-07-25 23:10:00,2024-07-26 00:10:00,2024-07-26 02:10:00,13.018578,78.167891,The complainant reported theft of a gold chain from the premises near a bank ATM.
270,105730011202400001,202400001,2024-05-11 03:19:00,1034,11,1,2,2,11,2,5006,2024-05-10 16:19:00,2024-05-10 18:19:00,2024-05-10 21:19:00,12.500413,76.781179,On returning from a trip the complainant found the compound gate forced and valuables gone.
271,105670043202600002,202600002,2026-06-28 07:08:00,1041,43,1,1,2,13,2,5018,2026-06-28 01:08:00,2026-06-28 04:08:00,2026-06-28 07:08:00,14.375333,75.973463,The complainant was assaulted near a bank ATM and a gold chain was taken forcibly.
272,105750062202400001,202400001,2024-02-23 20:49:00,1029,62,1,2,2,10,2,5008,2024-02-23 12:49:00,2024-02-23 13:49:00,2024-02-23 18:49:00,12.926463,75.183021,"While walking near a bank ATM, a handbag was snatched from the complainant by a passer-by who escaped towards the bus stand."
273,105660045202500003,202500003,2025-09-09 00:56:00,1182,45,1,1,1,20,2,5008,2025-09-08 20:56:00,2025-09-08 23:56:00,2025-09-08 22:56:00,14.237412,76.507625,The deceased was found with injuries near a bank ATM; murder is suspected.
274,105810027202400003,202400003,2024-05-21 00:14:00,1138,27,1,2,2,11,2,5009,2024-05-20 16:14:00,2024-05-20 19:14:00,2024-05-21 00:14:00,13.154884,78.320164,Unknown persons entered through a window grille during the afternoon and took gold ornaments and cash.
275,105690069202400001,202400001,2024-02-24 08:19:00,1218,69,1,2,1,21,2,5024,2024-02-23 21:19:00,2024-02-23 21:19:00,2024-02-24 03:19:00,13.38182,74.764593,A quarrel near a park gate led to the complainant being beaten and hurt.
276,105730011202400002,202400002,2024-09-12 21:18:00,1135,11,1,2,2,14,2,5006,2024-09-12 17:18:00,2024-09-12 20:18:00,2024-09-12 19:18:00,12.519436,76.758242,a wallet with cash kept at the workplace near an apartment complex was stolen late in the evening.
277,105710024202400006,202400006,2024-09-22 07:16:00,1225,24,1,1,1,22,1,5019,2024-09-21 08:16:00,2024-09-21 10:16:00,2024-09-22 02:16:00,13.295047,76.946361,The complainant was attacked with a weapon near an apartment complex in the early hours and grievously injured.
278,105770015202500001,202500001,2025-06-07 05:15:00,1208,15,1,1,1,22,2,5021,2025-06-07 02:15:00,2025-06-07 04:15:00,2025-06-07 03:15:00,12.11433,76.38488,An attempt was made on the complainant's life near a petrol bunk using a sharp weapon.
279,105550049202600002,202600002,2026-02-22 17:05:00,1137,49,1,2,2,12,1,5007,2026-02-19 20:05:00,2026-02-19 22:05:00,2026-02-22 12:05:00,16.17399,74.933314,The complainant's a Royal Enfield was stolen from outside a bank ATM.
280,105750065202400004,202400004,2024-03-19 23:41:00,1133,65,1,1,1,20,2,5010,2024-03-19 11:41:00,2024-03-19 13:41:00,2024-03-19 18:41:00,12.903949,75.291056,The body of a person was found near a bus stop at dusk; a case of murder is registered.
281,105650061202600002,202600002,2026-02-01 15:08:00,1123,61,1,1,3,30,1,5023,2026-01-30 03:08:00,2026-01-30 05:08:00,2026-02-01 13:08:00,15.151047,76.45603,"Near a vegetable market, an unknown person outraged the modesty of the complainant at night."
282,105680038202600002,202600002,2026-02-15 02:44:00,1143,38,1,2,1,21,2,5025,2026-02-14 15:44:00,2026-02-14 15:44:00,2026-02-14 23:44:00,13.946026,75.199747,The complainant sustained injuries in an assault near a hospital gate at dusk.
283,105670041202400003,202400003,2024-04-11 14:18:00,1105,41,1,2,2,14,2,5018,2024-04-11 11:18:00,2024-04-11 12:18:00,2024-04-11 13:18:00,14.441124,75.905604,Household articles and ear studs were stolen from the complainant's house near a bus stop.
284,105790057202600001,202600001,2026-06-29 17:31:00,1232,57,1,2,2,11,2,5021,2026-06-29 13:31:00,2026-06-29 13:31:00,2026-06-29 15:31:00,17.31323,76.797089,Unknown persons entered through the rear door at night and took gold ornaments and cash.
285,105750064202400001,202400001,2024-10-17 06:12:00,1194,64,1,2,2,12,1,5021,2024-10-16 04:12:00,2024-10-16 05:12:00,2024-10-17 06:12:00,12.944137,75.355923,a Honda Activa parked near a bank ATM was found missing around noon.
286,105680038202400003,202400003,2024-04-09 12:07:00,1177,38,1,1,1,22,1,5023,2024-04-08 07:07:00,2024-04-08 10:07:00,2024-04-09 09:07:00,13.984179,75.228781,An attempt was made on the complainant's life near an apartment complex using a sharp weapon.
287,105840008202500002,202500002,2025-08-01 09:16:00,1023,8,1,2,1,21,1,5010,2025-07-29 10:16:00,2025-07-29 13:16:00,2025-08-01 04:16:00,12.7359,77.226236,A quarrel near a jewellery shop led to the complainant being beaten and hurt.
288,105840009202500002,202500002,2025-11-01 09:33:00,1127,9,1,1,3,30,2,5001,2025-11-01 01:33:00,2025-11-01 01:33:00,2025-11-01 07:33:00,12.746701,77.38723,"The complainant, a woman, was harassed and assaulted near a jewellery shop at night."
289,105770016202600002,202600002,2026-04-12 13:41:00,1077,16,1,2,2,14,2,5004,2026-04-12 12:41:00,2026-04-12 15:41:00,2026-04-12 13:41:00,12.254433,76.53791,Household articles and a mangalsutra were stolen from the complainant's house near a government office.
290,105740036202500004,202500004,2025-05-10 05:58:00,1203,36,1,2,1,21,1,5025,2025-05-09 09:58:00,2025-05-09 10:58:00,2025-05-10 02:58:00,12.999145,76.233088,The complainant was assaulted with a stick near a government office and injured.
291,105820032202400001,202400001,2024-03-28 09:25:00,1208,32,1,2,4,40,1,5001,2024-03-26 04:25:00,2024-03-26 06:25:00,2024-03-28 03:25:00,13.488267,77.825303,An unknown person defrauded the complainant of cash promising a mobile phone around noon.
292,105730014202500003,202500003,2025-03-12 02:04:00,1268,14,1,2,2,11,2,5016,2025-03-11 22:04:00,2025-03-11 23:04:00,2025-03-11 23:04:00,12.600773,76.715328,The complainant found a window grille broken on returning home; a mangalsutra and cash were missing.
293,105550048202500002,202500002,2025-06-15 22:16:00,1034,48,1,2,4,40,2,5001,2025-06-15 19:16:00,2025-06-15 21:16:00,2025-06-15 20:16:00,15.995557,74.855923,The complainant was cheated of money near a government office on a false promise at night.
294,105710025202400002,202400002,2024-10-09 02:52:00,1143,25,1,2,2,10,1,5006,2024-10-08 09:52:00,2024-10-08 11:52:00,2024-10-08 22:52:00,13.412939,76.855494,An unidentified person grabbed a wallet with cash from the complainant close to a petrol bunk and disappeared.
295,105730012202600001,202600001,2026-04-03 07:09:00,1060,12,1,1,2,13,2,5008,2026-04-02 19:09:00,2026-04-02 22:09:00,2026-04-03 02:09:00,12.575256,76.748502,"Near a bus stop, unknown persons robbed the complainant of a laptop bag and fled towards the ring road."
296,105770016202500002,202500002,2025-07-25 20:41:00,1005,16,1,2,2,14,2,5007,2025-07-25 13:41:00,2025-07-25 16:41:00,2025-07-25 17:41:00,12.232326,76.5614,ear studs was found missing from the complainant's shop near a government office around noon.
297,105740036202500005,202500005,2025-10-02 11:36:00,1078,36,1,2,2,14,1,5023,2025-10-02 01:36:00,2025-10-02 02:36:00,2025-10-02 09:36:00,12.987431,76.228233,ear studs kept at the workplace near a wedding hall was stolen during office hours.
298,105780022202500002,202500002,2025-08-24 07:23:00,1022,22,1,1,1,20,3,5009,2025-08-23 23:23:00,2025-08-24 00:23:00,2025-08-24 02:23:00,11.861935,77.04542,A murder was reported near a temple following a dispute in the early hours.
299,105730012202400002,202400002,2024-07-10 23:37:00,1097,12,1,2,2,12,1,5024,2024-07-09 10:37:00,2024-07-09 11:37:00,2024-07-10 21:37:00,12.597193,76.768888,a Bajaj Pulsar parked near a school was found missing around noon.
300,105740034202500006,202500006,2025-12-15 21:16:00,1107,34,1,2,2,14,2,5023,2025-12-15 14:16:00,2025-12-15 17:16:00,2025-12-15 15:16:00,12.944084,76.027633,Household articles and a laptop bag were stolen from the complainant's house near a vegetable market.
301,105550049202500002,202500002,2025-11-06 05:57:00,1183,49,1,1,1,20,2,5010,2025-11-05 18:57:00,2025-11-05 19:57:00,2025-11-06 00:57:00,16.196702,74.91808,A murder was reported near a petrol bunk following a dispute around noon.
302,105750065202400005,202400005,2024-04-21 11:27:00,1027,65,1,1,2,13,1,5003,2024-04-20 13:27:00,2024-04-20 15:27:00,2024-04-21 10:27:00,12.908668,75.330082,"Near a bus stop, unknown persons robbed the complainant of a gold chain and fled towards the highway."
303,105820031202600001,202600001,2026-05-28 18:27:00,1241,31,1,2,2,12,2,5022,2026-05-28 06:27:00,2026-05-28 09:27:00,2026-05-28 14:27:00,13.60553,77.900426,The complainant's a Honda Activa was stolen from outside a bus stop.
304,105820031202500001,202500001,2025-01-12 15:21:00,1173,31,1,2,2,12,3,5013,2025-01-12 11:21:00,2025-01-12 12:21:00,2025-01-12 15:21:00,13.576997,77.884623,a Honda Activa parked near a park gate was found missing during the afternoon.
305,105620052202600001,202600001,2026-04-02 13:10:00,1059,52,1,2,2,11,2,5020,2026-04-02 00:10:00,2026-04-02 03:10:00,2026-04-02 07:10:00,15.279352,75.212302,On returning from a trip the complainant found the roof ventilator forced and valuables gone.
306,105650059202500005,202500005,2025-03-21 09:29:00,1012,59,1,1,3,30,2,5018,2025-03-21 01:29:00,2025-03-21 03:29:00,2025-03-21 06:29:00,15.000405,76.517807,"The complainant, a woman, was harassed and assaulted near a hospital gate during office hours."
307,105730011202500003,202500003,2025-07-04 06:08:00,1190,11,1,2,2,12,1,5002,2025-07-01 03:08:00,2025-07-01 04:08:00,2025-07-04 02:08:00,12.512835,76.743575,Unknown persons rode away a TVS scooter parked near a government office at dusk.
308,105730011202600001,202600001,2026-05-08 02:07:00,1095,11,1,2,2,14,1,5009,2026-05-06 13:07:00,2026-05-06 13:07:00,2026-05-07 20:07:00,12.541459,76.75547,Household articles and a mobile phone were stolen from the complainant's house near a school.
309,105650060202500002,202500002,2025-09-06 08:20:00,1243,60,1,2,2,14,2,5018,2025-09-05 20:20:00,2025-09-05 20:20:00,2025-09-06 03:20:00,15.011925,76.598432,The complainant reported theft of a laptop bag from the premises near a hospital gate.
310,105660045202400001,202400001,2024-03-27 09:47:00,1220,45,1,1,3,30,1,5014,2024-03-26 06:47:00,2024-03-26 06:47:00,2024-03-27 05:47:00,14.216206,76.532729,"Near an apartment complex, an unknown person outraged the modesty of the complainant around noon."
311,105680038202400004,202400004,2024-07-03 07:49:00,1162,38,1,2,4,40,1,5017,2024-07-01 05:49:00,2024-07-01 08:49:00,2024-07-03 01:49:00,13.94859,75.195482,An unknown person defrauded the complainant of cash promising a handbag at dusk.
312,105650060202500003,202500003,2025-11-03 14:43:00,1041,60,1,1,1,20,1,5020,2025-11-02 05:43:00,2025-11-02 08:43:00,2025-11-03 13:43:00,15.012793,76.596147,The deceased was found with injuries near a park gate; murder is suspected.
313,105780021202500003,202500003,2025-04-14 21:46:00,1227,21,1,1,2,13,1,5008,2025-04-13 11:46:00,2025-04-13 12:46:00,2025-04-14 17:46:00,11.943389,77.16469,Two persons on a bike snatched a mobile phone near a jewellery shop after threatening the complainant.
314,105650061202600003,202600003,2026-06-04 03:04:00,1203,61,1,1,3,30,1,5024,2026-06-01 12:04:00,2026-06-01 12:04:00,2026-06-04 00:04:00,15.193065,76.417801,"Near an apartment complex, an unknown person outraged the modesty of the complainant at dusk."
315,105780019202400003,202400003,2024-09-05 22:13:00,1230,19,1,1,1,20,2,5023,2024-09-05 15:13:00,2024-09-05 17:13:00,2024-09-05 20:13:00,12.061071,77.181756,The deceased was found with injuries near a wedding hall; murder is suspected.
316,105680038202400005,202400005,2024-06-09 10:51:00,1132,38,1,1,1,22,1,5012,2024-06-07 23:51:00,2024-06-08 02:51:00,2024-06-09 06:51:00,13.944977,75.224198,The complainant was attacked with a weapon near an apartment complex during the afternoon and grievously injured.
317,105720002202500007,202500007,2025-11-15 08:21:00,1006,2,1,2,1,21,2,5024,2025-11-15 02:21:00,2025-11-15 03:21:00,2025-11-15 06:21:00,12.884298,77.656817,The complainant sustained injuries in an assault near a government office at night.
318,105710024202500003,202500003,2025-12-08 05:54:00,1067,24,1,2,2,14,2,5017,2025-12-07 20:54:00,2025-12-07 22:54:00,2025-12-08 00:54:00,13.342579,76.909115,a gold chain kept at the workplace near a vegetable market was stolen late in the evening.
319,105710026202400003,202400003,2024-04-13 01:37:00,1233,26,1,1,1,22,2,5001,2024-04-12 17:37:00,2024-04-12 19:37:00,2024-04-12 21:37:00,13.434888,76.854552,An attempt was made on the complainant's life near a bank ATM using a sharp weapon.
320,105770015202600001,202600001,2026-02-13 13:31:00,1093,15,1,1,1,22,2,5007,2026-02-13 05:31:00,2026-02-13 05:31:00,2026-02-13 07:31:00,12.104504,76.401536,An attempt was made on the complainant's life near a petrol bunk using a sharp weapon.
321,105780022202600001,202600001,2026-05-23 16:39:00,1155,22,1,2,1,21,1,5012,2026-05-22 05:39:00,2026-05-22 06:39:00,2026-05-23 14:39:00,11.874256,77.086439,A quarrel near a petrol bunk led to the complainant being beaten and hurt.
322,105770018202500002,202500002,2025-04-14 14:01:00,1110,18,1,1,1,20,1,5020,2025-04-12 08:01:00,2025-04-12 11:01:00,2025-04-14 12:01:00,12.109177,76.495944,The body of a person was found near a temple late in the evening; a case of murder is registered.
323,105550049202400004,202400004,2024-03-01 18:03:00,1077,49,1,2,4,40,1,5005,2024-03-01 03:03:00,2024-03-01 05:03:00,2024-03-01 16:03:00,16.201154,74.9508,An unknown person defrauded the complainant of cash promising a laptop bag around noon.
324,105790058202600001,202600001,2026-02-04 15:11:00,1061,58,1,1,1,20,2,5021,2026-02-04 06:11:00,2026-02-04 09:11:00,2026-02-04 11:11:00,17.212868,76.857054,The body of a person was found near an apartment complex during office hours; a case of murder is registered.
325,105730012202500005,202500005,2025-07-25 16:34:00,1077,12,1,2,4,40,2,5021,2025-07-25 03:34:00,2025-07-25 05:34:00,2025-07-25 10:34:00,12.563567,76.757426,The complainant was cheated of money near a park gate on a false promise at night.
326,105740034202600002,202600002,2026-05-27 07:37:00,1092,34,1,2,2,12,1,5004,2026-05-26 07:37:00,2026-05-26 07:37:00,2026-05-27 06:37:00,12.955351,76.03066,a Yamaha bike left near a park gate could not be traced; the steering lock was broken.
327,105820030202400002,202400002,2024-08-10 18:01:00,1105,30,1,2,2,14,2,5025,2024-08-10 11:01:00,2024-08-10 14:01:00,2024-08-10 18:01:00,13.470894,77.929304,a handbag kept at the workplace near a government office was stolen at night.
328,105770015202500002,202500002,2025-04-12 13:00:00,1043,15,1,1,3,30,2,5021,2025-04-12 00:00:00,2025-04-12 03:00:00,2025-04-12 07:00:00,12.117032,76.377025,"Near a jewellery shop, an unknown person outraged the modesty of the complainant at night."
329,105830005202400001,202400001,2024-03-04 00:51:00,1083,5,1,1,1,22,2,5001,2024-03-03 19:51:00,2024-03-03 22:51:00,2024-03-03 22:51:00,13.151232,77.487502,An attempt was made on the complainant's life near a bus stop using a sharp weapon.
330,105550049202600003,202600003,2026-02-20 00:46:00,1225,49,1,2,2,10,3,5005,2026-02-19 19:46:00,2026-02-19 19:46:00,2026-02-19 21:46:00,16.170389,74.931758,"While walking near a bank ATM, a gold chain was snatched from the complainant by a passer-by who escaped towards the bus stand."
331,105810029202500002,202500002,2025-11-06 13:47:00,1266,29,1,2,2,12,2,5017,2025-11-06 02:47:00,2025-11-06 04:47:00,2025-11-06 08:47:00,13.055441,78.18351,Unknown persons rode away a Bajaj Pulsar parked near a jewellery shop during the afternoon.
332,105780021202500004,202500004,2025-02-10 22:00:00,1143,21,1,1,2,13,3,5021,2025-02-10 10:00:00,2025-02-10 12:00:00,2025-02-10 18:00:00,11.931486,77.176379,"Near a petrol bunk, unknown persons robbed the complainant of a mobile phone and fled towards the highway."
333,105730013202400002,202400002,2024-08-20 20:53:00,1261,13,1,2,2,12,2,5007,2024-08-20 14:53:00,2024-08-20 15:53:00,2024-08-20 17:53:00,12.573487,76.711365,a TVS scooter left near a petrol bunk could not be traced; the steering lock was broken.
334,105790055202600002,202600002,2026-05-28 14:17:00,1128,55,1,2,2,12,2,5023,2026-05-28 06:17:00,2026-05-28 08:17:00,2026-05-28 09:17:00,17.283754,76.746369,Unknown persons rode away a Royal Enfield parked near a wedding hall around noon.
335,105820032202600001,202600001,2026-05-04 18:04:00,1167,32,1,1,2,13,2,5001,2026-05-04 11:04:00,2026-05-04 11:04:00,2026-05-04 15:04:00,13.487775,77.822544,The complainant was assaulted near a government office and a handbag was taken forcibly.
336,105820033202400003,202400003,2024-04-26 03:29:00,1221,33,1,2,1,21,2,5014,2024-04-25 20:29:00,2024-04-25 20:29:00,2024-04-26 02:29:00,13.692686,77.880379,The complainant sustained injuries in an assault near a vegetable market in the early hours.
337,105750064202400002,202400002,2024-08-15 07:27:00,1050,64,1,2,4,40,1,5019,2024-08-14 18:27:00,2024-08-14 18:27:00,2024-08-15 03:27:00,12.925515,75.390431,The complainant was cheated of money near a hospital gate on a false promise around noon.
338,105830004202400002,202400002,2024-08-10 06:11:00,1127,4,1,2,1,21,2,5009,2024-08-09 18:11:00,2024-08-09 21:11:00,2024-08-10 00:11:00,13.258699,77.453871,A quarrel near a government office led to the complainant being beaten and hurt.
339,105730013202600003,202600003,2026-01-09 10:40:00,1081,13,1,2,2,14,2,5006,2026-01-09 02:40:00,2026-01-09 04:40:00,2026-01-09 08:40:00,12.572639,76.711975,two gold bangles kept at the workplace near a jewellery shop was stolen at night.
340,105780019202600001,202600001,2026-01-03 17:34:00,1079,19,1,2,2,14,2,5022,2026-01-03 10:34:00,2026-01-03 12:34:00,2026-01-03 16:34:00,12.069905,77.157522,The complainant reported theft of a mangalsutra from the premises near a hospital gate.
341,105620052202500003,202500003,2025-10-06 21:56:00,1068,52,1,1,3,30,1,5011,2025-10-04 18:56:00,2025-10-04 19:56:00,2025-10-06 20:56:00,15.29529,75.208227,"Near a jewellery shop, an unknown person outraged the modesty of the complainant around noon."
342,105840007202500002,202500002,2025-04-17 04:28:00,1181,7,1,2,2,14,2,5003,2025-04-16 19:28:00,2025-04-16 21:28:00,2025-04-17 01:28:00,12.633461,77.336797,two gold bangles kept at the workplace near a wedding hall was stolen at dusk.
343,105670041202600001,202600001,2026-06-02 08:39:00,1091,41,1,1,3,30,2,5006,2026-06-02 00:39:00,2026-06-02 00:39:00,2026-06-02 03:39:00,14.412815,75.955931,"Near a bank ATM, an unknown person outraged the modesty of the complainant at dusk."
344,105710023202500003,202500003,2025-12-25 22:56:00,1010,23,1,1,1,20,2,5020,2025-12-25 13:56:00,2025-12-25 13:56:00,2025-12-25 19:56:00,13.489146,76.948383,The body of a person was found near a park gate late in the evening; a case of murder is registered.
345,105710024202500004,202500004,2025-07-02 15:22:00,1019,24,1,1,1,22,2,5018,2025-07-02 06:22:00,2025-07-02 06:22:00,2025-07-02 09:22:00,13.341877,76.907116,The complainant was attacked with a weapon near a wedding hall during office hours and grievously injured.
346,105550050202600003,202600003,2026-03-15 00:07:00,1245,50,1,1,3,30,1,5022,2026-03-13 14:07:00,2026-03-13 14:07:00,2026-03-14 18:07:00,16.176928,74.816943,"The complainant, a woman, was harassed and assaulted near a park gate at night."
347,105790055202500005,202500005,2025-02-17 21:24:00,1028,55,1,2,2,14,2,5017,2025-02-17 13:24:00,2025-02-17 13:24:00,2025-02-17 18:24:00,17.287002,76.792592,a mangalsutra was found missing from the complainant's shop near a wedding hall at dusk.
348,105710023202500004,202500004,2025-06-05 20:43:00,1007,23,1,1,3,30,1,5002,2025-06-04 11:43:00,2025-06-04 14:43:00,2025-06-05 17:43:00,13.456441,76.955376,"The complainant, a woman, was harassed and assaulted near a government office late in the evening."
349,105820032202500001,202500001,2025-09-29 05:16:00,1097,32,1,2,4,40,1,5025,2025-09-28 21:16:00,2025-09-29 00:16:00,2025-09-29 02:16:00,13.528643,77.828644,An unknown person defrauded the complainant of cash promising a wallet with cash late in the evening.
350,105840009202400005,202400005,2024-07-07 01:20:00,1103,9,1,1,1,22,2,5003,2024-07-06 17:20:00,2024-07-06 20:20:00,2024-07-06 19:20:00,12.729061,77.403426,An attempt was made on the complainant's life near a jewellery shop using a sharp weapon.
351,105550048202500003,202500003,2025-03-25 04:09:00,1089,48,1,2,1,21,2,5012,2025-03-24 23:09:00,2025-03-25 02:09:00,2025-03-25 02:09:00,16.022148,74.86195,The complainant sustained injuries in an assault near a school in the early hours.
352,105690068202400001,202400001,2024-10-22 01:10:00,1073,68,1,2,4,40,2,5004,2024-10-21 17:10:00,2024-10-21 18:10:00,2024-10-21 20:10:00,13.481025,74.815219,An unknown person defrauded the complainant of cash promising a mangalsutra at dusk.
353,105680037202500005,202500005,2025-12-04 04:24:00,1114,37,1,2,1,21,2,5005,2025-12-03 19:24:00,2025-12-03 21:24:00,2025-12-04 03:24:00,14.007732,75.362825,The complainant was assaulted with a stick near a school and injured.
354,105660046202400005,202400005,2024-08-03 14:26:00,1105,46,1,2,2,12,1,5008,2024-08-01 12:26:00,2024-08-01 13:26:00,2024-08-03 09:26:00,14.105471,76.563629,Unknown persons rode away a Hero Splendor parked near a wedding hall late in the evening.
355,105790058202400003,202400003,2024-11-04 03:26:00,1088,58,1,2,2,11,2,5009,2024-11-03 19:26:00,2024-11-03 20:26:00,2024-11-04 03:26:00,17.209647,76.878824,Unknown persons entered through the roof ventilator around noon and took gold ornaments and cash.
356,105720002202600001,202600001,2026-06-03 07:21:00,1228,2,1,2,2,10,1,5016,2026-06-01 01:21:00,2026-06-01 03:21:00,2026-06-03 03:21:00,12.908926,77.65766,a mobile phone was pulled off the complainant's neck near a park gate; the accused ran towards the bus stand.
357,105740036202500006,202500006,2025-12-10 01:07:00,1185,36,1,1,1,22,1,5015,2025-12-07 07:07:00,2025-12-07 08:07:00,2025-12-10 00:07:00,13.031729,76.209748,The complainant was attacked with a weapon near a petrol bunk around noon and grievously injured.
358,105780020202400003,202400003,2024-04-25 00:12:00,1143,20,1,2,1,21,1,5017,2024-04-23 21:12:00,2024-04-23 21:12:00,2024-04-24 22:12:00,12.065931,77.052551,A quarrel near a wedding hall led to the complainant being beaten and hurt.
359,105730011202400003,202400003,2024-12-07 00:02:00,1192,11,1,1,1,22,2,5011,2024-12-06 17:02:00,2024-12-06 19:02:00,2024-12-07 00:02:00,12.527047,76.7552,The complainant was attacked with a weapon near a park gate around noon and grievously injured.
360,105730014202400002,202400002,2024-09-05 14:11:00,1235,14,1,2,2,12,2,5021,2024-09-05 02:11:00,2024-09-05 04:11:00,2024-09-05 08:11:00,12.625597,76.681981,The complainant's a Honda Activa was stolen from outside a temple.
361,105710025202500005,202500005,2025-05-04 19:45:00,1101,25,1,1,3,30,1,5009,2025-05-02 06:45:00,2025-05-02 07:45:00,2025-05-04 18:45:00,13.434249,76.816428,"The complainant, a woman, was harassed and assaulted near a hospital gate at night."
362,105620053202500005,202500005,2025-06-03 07:18:00,1252,53,1,2,2,14,2,5012,2025-06-02 20:18:00,2025-06-02 20:18:00,2025-06-03 01:18:00,15.378527,75.194367,Household articles and a mobile phone were stolen from the complainant's house near an apartment complex.
363,105750063202400002,202400002,2024-11-17 07:47:00,1072,63,1,2,2,14,2,5024,2024-11-16 17:47:00,2024-11-16 20:47:00,2024-11-17 01:47:00,12.868187,75.289914,The complainant reported theft of a laptop bag from the premises near a wedding hall.
364,105650061202400002,202400002,2024-06-02 20:21:00,1081,61,1,2,1,21,2,5016,2024-06-02 08:21:00,2024-06-02 08:21:00,2024-06-02 16:21:00,15.186824,76.440185,A quarrel near a jewellery shop led to the complainant being beaten and hurt.
365,105770016202500003,202500003,2025-09-05 14:33:00,1167,16,1,2,1,21,2,5023,2025-09-05 04:33:00,2025-09-05 05:33:00,2025-09-05 12:33:00,12.234894,76.517975,The complainant was assaulted with a stick near a wedding hall and injured.
366,105690066202600001,202600001,2026-06-20 18:24:00,1141,66,1,1,1,20,1,5023,2026-06-20 03:24:00,2026-06-20 04:24:00,2026-06-20 15:24:00,13.435833,74.906296,A murder was reported near a wedding hall following a dispute at dusk.
367,105710026202600001,202600001,2026-04-25 13:12:00,1005,26,1,1,3,30,1,5010,2026-04-23 20:12:00,2026-04-23 22:12:00,2026-04-25 07:12:00,13.409103,76.859726,"The complainant, a woman, was harassed and assaulted near a vegetable market at night."
368,105790057202600002,202600002,2026-02-16 08:06:00,1167,57,1,2,2,12,1,5018,2026-02-15 10:06:00,2026-02-15 13:06:00,2026-02-16 06:06:00,17.361192,76.784404,Unknown persons rode away a Yamaha bike parked near a wedding hall late in the evening.
369,105680037202400002,202400002,2024-11-28 00:48:00,1047,37,1,2,2,10,3,5025,2024-11-27 18:48:00,2024-11-27 20:48:00,2024-11-27 20:48:00,13.990282,75.352889,The complainant states that two youths snatched two gold bangles near a bank ATM during the afternoon and fled into a bylane.
370,105790058202400004,202400004,2024-06-11 18:48:00,1021,58,1,1,2,13,1,5002,2024-06-11 03:48:00,2024-06-11 04:48:00,2024-06-11 13:48:00,17.218583,76.869197,The complainant was assaulted near an apartment complex and a mobile phone was taken forcibly.
371,105840009202400006,202400006,2024-02-11 12:37:00,1144,9,1,2,1,21,2,5009,2024-02-11 06:37:00,2024-02-11 08:37:00,2024-02-11 09:37:00,12.734664,77.386227,The complainant sustained injuries in an assault near a government office in the early hours.
372,105690066202600002,202600002,2026-02-27 20:13:00,1027,66,1,1,1,22,2,5021,2026-02-27 12:13:00,2026-02-27 13:13:00,2026-02-27 16:13:00,13.46153,74.916361,The complainant was attacked with a weapon near a park gate at night and grievously injured.
373,105680037202600001,202600001,2026-03-27 12:54:00,1081,37,1,1,3,30,1,5004,2026-03-25 21:54:00,2026-03-25 21:54:00,2026-03-27 12:54:00,13.998686,75.332943,"The complainant, a woman, was harassed and assaulted near a hospital gate in the early hours."
374,105810027202400004,202400004,2024-05-06 16:47:00,1139,27,1,1,1,22,1,5009,2024-05-03 20:47:00,2024-05-03 20:47:00,2024-05-06 10:47:00,13.206793,78.311679,The complainant was attacked with a weapon near a bank ATM during office hours and grievously injured.
375,105620053202400005,202400005,2024-06-28 12:36:00,1120,53,1,1,1,22,1,5023,2024-06-28 00:36:00,2024-06-28 03:36:00,2024-06-28 07:36:00,15.385169,75.242989,The complainant was attacked with a weapon near a park gate at night and grievously injured.
376,105650061202500002,202500002,2025-07-12 11:23:00,1177,61,1,1,1,22,1,5025,2025-07-11 05:23:00,2025-07-11 07:23:00,2025-07-12 07:23:00,15.167507,76.442263,An attempt was made on the complainant's life near an apartment complex using a sharp weapon.
377,105780022202600002,202600002,2026-06-30 11:21:00,1214,22,1,1,3,30,3,5004,2026-06-30 01:21:00,2026-06-30 01:21:00,2026-06-30 05:21:00,11.88753,77.03997,"The complainant, a woman, was harassed and assaulted near a government office during the afternoon."
378,105810029202500003,202500003,2025-10-18 02:29:00,1107,29,1,2,2,11,2,5018,2025-10-17 20:29:00,2025-10-17 20:29:00,2025-10-18 01:29:00,13.042352,78.16158,Unknown persons entered through the rear door during the afternoon and took gold ornaments and cash.
379,105670044202500002,202500002,2025-02-01 17:13:00,1196,44,1,2,2,14,2,5025,2025-02-01 11:13:00,2025-02-01 11:13:00,2025-02-01 17:13:00,14.49953,75.996484,a gold chain kept at the workplace near a temple was stolen around noon.
380,105670044202400006,202400006,2024-09-05 02:30:00,1259,44,1,2,1,21,2,5015,2024-09-04 19:30:00,2024-09-04 19:30:00,2024-09-04 22:30:00,14.535946,76.014918,A quarrel near a petrol bunk led to the complainant being beaten and hurt.
381,105670043202500001,202500001,2025-03-12 10:43:00,1252,43,1,2,2,14,2,5008,2025-03-12 03:43:00,2025-03-12 06:43:00,2025-03-12 10:43:00,14.336476,75.950979,ear studs was found missing from the complainant's shop near a temple around noon.
382,105740036202500007,202500007,2025-03-22 20:44:00,1095,36,1,2,2,10,2,5022,2025-03-22 17:44:00,2025-03-22 18:44:00,2025-03-22 20:44:00,12.987148,76.17976,The complainant states that an unknown person snatched a wallet with cash near a wedding hall around noon and fled towards the highway.
383,105720002202500008,202500008,2025-01-16 22:32:00,1096,2,1,2,1,21,1,5022,2025-01-15 01:32:00,2025-01-15 04:32:00,2025-01-16 21:32:00,12.906006,77.670727,The complainant sustained injuries in an assault near a temple late in the evening.
384,105780022202400003,202400003,2024-09-10 03:48:00,1191,22,1,2,2,11,2,5013,2024-09-09 20:48:00,2024-09-09 23:48:00,2024-09-10 03:48:00,11.857493,77.078655,The house near a petrol bunk was burgled via the rear door; a wallet with cash was reported stolen.
385,105730011202500004,202500004,2025-12-24 04:49:00,1157,11,1,2,2,11,1,5016,2025-12-22 04:49:00,2025-12-22 07:49:00,2025-12-23 22:49:00,12.517447,76.758608,The house near an apartment complex was burgled via the roof ventilator; a handbag was reported stolen.
386,105820031202500002,202500002,2025-08-03 09:22:00,1185,31,1,1,1,20,1,5023,2025-08-02 06:22:00,2025-08-02 08:22:00,2025-08-03 03:22:00,13.610518,77.8762,The body of a person was found near a hospital gate around noon; a case of murder is registered.
387,105650059202500006,202500006,2025-07-04 20:09:00,1232,59,1,2,2,14,2,5018,2025-07-04 10:09:00,2025-07-04 12:09:00,2025-07-04 14:09:00,15.036204,76.555706,a mangalsutra was found missing from the complainant's shop near a petrol bunk in the early hours.
388,105830006202600001,202600001,2026-05-17 03:17:00,1141,6,1,2,2,10,2,5010,2026-05-17 02:17:00,2026-05-17 05:17:00,2026-05-17 03:17:00,13.22717,77.618409,a mangalsutra was pulled off the complainant's neck near a petrol bunk; the accused ran towards the market.
389,105740035202600002,202600002,2026-04-08 20:07:00,1222,35,1,2,4,40,2,5019,2026-04-08 15:07:00,2026-04-08 18:07:00,2026-04-08 20:07:00,12.980318,76.062428,An unknown person defrauded the complainant of cash promising a mobile phone during the afternoon.
390,105790056202600004,202600004,2026-03-19 22:21:00,1086,56,1,1,1,22,2,5013,2026-03-19 16:21:00,2026-03-19 17:21:00,2026-03-19 18:21:00,17.247531,76.996974,An attempt was made on the complainant's life near a park gate using a sharp weapon.
391,105790058202500004,202500004,2025-12-31 05:24:00,1187,58,1,2,2,11,3,5009,2025-12-31 00:24:00,2025-12-31 03:24:00,2025-12-31 02:24:00,17.183305,76.869379,The house near a government office was burgled via the roof ventilator; a gold chain was reported stolen.
392,105840007202400003,202400003,2024-09-14 14:33:00,1118,7,1,1,3,30,1,5003,2024-09-13 02:33:00,2024-09-13 02:33:00,2024-09-14 11:33:00,12.600102,77.359154,"Near a jewellery shop, an unknown person outraged the modesty of the complainant at night."
393,105710023202500005,202500005,2025-06-30 15:49:00,1010,23,1,2,2,14,2,5017,2025-06-30 03:49:00,2025-06-30 03:49:00,2025-06-30 09:49:00,13.454345,76.933291,Household articles and two gold bangles were stolen from the complainant's house near a bus stop.
394,105780021202500005,202500005,2025-10-18 06:48:00,1268,21,1,1,2,13,2,5015,2025-10-17 19:48:00,2025-10-17 21:48:00,2025-10-18 02:48:00,11.948206,77.174221,"Near a vegetable market, unknown persons robbed the complainant of a gold chain and fled towards the ring road."
395,105620053202500006,202500006,2025-01-27 02:19:00,1071,53,1,2,4,40,2,5021,2025-01-26 12:19:00,2025-01-26 14:19:00,2025-01-26 20:19:00,15.404277,75.236195,An unknown person defrauded the complainant of cash promising a mobile phone at night.
396,105680038202500002,202500002,2025-01-18 08:22:00,1169,38,1,2,2,11,2,5007,2025-01-18 01:22:00,2025-01-18 03:22:00,2025-01-18 02:22:00,13.97763,75.193209,On returning from a trip the complainant found the compound gate forced and valuables gone.
397,105690067202500001,202500001,2025-08-22 12:56:00,1225,67,1,2,2,10,2,5024,2025-08-22 03:56:00,2025-08-22 05:56:00,2025-08-22 06:56:00,13.428996,74.989044,An unidentified person grabbed a gold chain from the complainant close to a government office and disappeared.
398,105790055202500006,202500006,2025-07-15 07:16:00,1252,55,1,2,2,12,1,5004,2025-07-14 18:16:00,2025-07-14 18:16:00,2025-07-15 06:16:00,17.255563,76.80522,The complainant's a Bajaj Pulsar was stolen from outside a jewellery shop.
399,105690067202500002,202500002,2025-11-29 21:51:00,1153,67,1,2,4,40,3,5009,2025-11-29 08:51:00,2025-11-29 08:51:00,2025-11-29 16:51:00,13.4658,74.952484,The complainant was cheated of money near a jewellery shop on a false promise late in the evening.
400,105840008202500003,202500003,2025-03-22 23:52:00,1109,8,1,1,1,20,2,5013,2025-03-22 12:52:00,2025-03-22 15:52:00,2025-03-22 20:52:00,12.778433,77.211841,The deceased was found with injuries near a bank ATM; murder is suspected.
401,105750064202400003,202400003,2024-04-05 09:41:00,1158,64,1,2,1,21,2,5011,2024-04-04 22:41:00,2024-04-04 22:41:00,2024-04-05 04:41:00,12.953367,75.342565,The complainant sustained injuries in an assault near a bus stop late in the evening.
402,105740034202400003,202400003,2024-06-12 01:49:00,1260,34,1,2,4,40,1,5010,2024-06-10 20:49:00,2024-06-10 22:49:00,2024-06-11 20:49:00,12.937331,76.045442,The complainant was cheated of money near a temple on a false promise around noon.
403,105730011202400004,202400004,2024-03-02 04:56:00,1209,11,1,2,2,10,2,5004,2024-03-01 18:56:00,2024-03-01 20:56:00,2024-03-02 00:56:00,12.499685,76.767879,The complainant states that a passer-by snatched two gold bangles near a bank ATM late in the evening and fled towards the flyover.
404,105650060202500004,202500004,2025-11-06 15:50:00,1128,60,1,1,1,22,1,5014,2025-11-05 12:50:00,2025-11-05 12:50:00,2025-11-06 15:50:00,15.028361,76.575796,An attempt was made on the complainant's life near a government office using a sharp weapon.
405,105660047202500005,202500005,2025-12-31 13:51:00,1258,47,1,2,2,10,1,5009,2025-12-29 10:51:00,2025-12-29 13:51:00,2025-12-31 08:51:00,14.083793,76.514937,a mangalsutra was pulled off the complainant's neck near a park gate; the accused ran into a bylane.
406,105840009202500003,202500003,2025-04-30 22:59:00,1135,9,1,2,4,40,2,5001,2025-04-30 13:59:00,2025-04-30 14:59:00,2025-04-30 17:59:00,12.77616,77.369302,The complainant was cheated of money near a jewellery shop on a false promise during office hours.
407,105840007202500003,202500003,2025-05-23 22:13:00,1125,7,1,2,4,40,3,5016,2025-05-23 18:13:00,2025-05-23 18:13:00,2025-05-23 22:13:00,12.622511,77.332705,An unknown person defrauded the complainant of cash promising a mobile phone late in the evening.
408,105680040202500001,202500001,2025-07-11 00:35:00,1256,40,1,2,2,14,1,5025,2025-07-09 22:35:00,2025-07-10 01:35:00,2025-07-11 00:35:00,13.976176,75.129348,a mangalsutra was found missing from the complainant's shop near a bank ATM at night.
409,105820033202600001,202600001,2026-01-14 23:58:00,1199,33,1,1,2,13,1,5025,2026-01-12 00:58:00,2026-01-12 03:58:00,2026-01-14 17:58:00,13.678418,77.842271,The complainant was waylaid near a bus stop at dusk and robbed of two gold bangles at knife-point.
410,105670042202500002,202500002,2025-10-21 13:12:00,1161,42,1,2,1,21,1,5015,2025-10-19 11:12:00,2025-10-19 11:12:00,2025-10-21 10:12:00,14.445997,75.917578,The complainant sustained injuries in an assault near a school in the early hours.
411,105680038202400006,202400006,2024-02-09 20:03:00,1153,38,1,2,1,21,1,5014,2024-02-09 03:03:00,2024-02-09 03:03:00,2024-02-09 16:03:00,13.948627,75.219041,The complainant was assaulted with a stick near a jewellery shop and injured.
412,105670041202600002,202600002,2026-06-28 12:11:00,1206,41,1,1,1,20,3,5025,2026-06-28 03:11:00,2026-06-28 03:11:00,2026-06-28 08:11:00,14.440612,75.90317,A murder was reported near a jewellery shop following a dispute at night.
413,105620052202500004,202500004,2025-07-08 07:16:00,1086,52,1,1,1,20,2,5024,2025-07-08 03:16:00,2025-07-08 04:16:00,2025-07-08 04:16:00,15.289186,75.229293,A murder was reported near a bus stop following a dispute during office hours.
414,105680037202400003,202400003,2024-10-03 04:39:00,1065,37,1,2,4,40,1,5019,2024-10-02 07:39:00,2024-10-02 08:39:00,2024-10-03 01:39:00,14.015923,75.354865,The complainant was cheated of money near a hospital gate on a false promise around noon.
415,105810027202600001,202600001,2026-01-06 08:53:00,1265,27,1,2,2,10,1,5022,2026-01-04 03:53:00,2026-01-04 05:53:00,2026-01-06 06:53:00,13.212242,78.292707,An unidentified person grabbed a laptop bag from the complainant close to a bus stop and disappeared.
416,105790056202500003,202500003,2025-04-20 22:03:00,1007,56,1,2,2,10,1,5016,2025-04-19 05:03:00,2025-04-19 05:03:00,2025-04-20 21:03:00,17.214322,76.966601,The complainant states that two youths snatched ear studs near a park gate around noon and fled towards the bus stand.
417,105790057202400002,202400002,2024-05-16 10:49:00,1050,57,1,1,2,13,2,5009,2024-05-16 00:49:00,2024-05-16 02:49:00,2024-05-16 05:49:00,17.326076,76.792258,"Near an apartment complex, unknown persons robbed the complainant of a mobile phone and fled towards the bus stand."
418,105750062202400002,202400002,2024-07-18 00:06:00,1125,62,1,2,2,10,1,5011,2024-07-17 05:06:00,2024-07-17 05:06:00,2024-07-17 21:06:00,12.943155,75.168606,An unidentified person grabbed a wallet with cash from the complainant close to an apartment complex and disappeared.
419,105620053202600002,202600002,2026-06-06 07:13:00,1209,53,1,1,2,13,2,5004,2026-06-06 01:13:00,2026-06-06 03:13:00,2026-06-06 05:13:00,15.374662,75.206057,The complainant was waylaid near a park gate during office hours and robbed of ear studs at knife-point.
420,105750063202600001,202600001,2026-04-16 10:50:00,1231,63,1,2,2,10,2,5018,2026-04-16 06:50:00,2026-04-16 07:50:00,2026-04-16 07:50:00,12.856025,75.318862,a mangalsutra was pulled off the complainant's neck near a park gate; the accused ran into the residential layout.
421,105840008202500004,202500004,2025-11-09 18:14:00,1242,8,1,1,1,22,1,5013,2025-11-08 14:14:00,2025-11-08 14:14:00,2025-11-09 13:14:00,12.726559,77.242129,The complainant was attacked with a weapon near a jewellery shop at night and grievously injured.
422,105820030202500002,202500002,2025-12-19 21:17:00,1227,30,1,2,1,21,1,5009,2025-12-17 05:17:00,2025-12-17 07:17:00,2025-12-19 18:17:00,13.454413,77.955554,The complainant was assaulted with a stick near a hospital gate and injured.
423,105550051202500001,202500001,2025-10-30 21:45:00,1123,51,1,1,1,22,1,5018,2025-10-27 18:45:00,2025-10-27 18:45:00,2025-10-30 15:45:00,16.031753,74.876737,The complainant was attacked with a weapon near a bus stop during the afternoon and grievously injured.
424,105770018202600002,202600002,2026-04-04 07:44:00,1172,18,1,1,2,13,1,5001,2026-04-02 07:44:00,2026-04-02 07:44:00,2026-04-04 04:44:00,12.085571,76.468182,Two persons on a bike snatched ear studs near a government office after threatening the complainant.
425,105730013202500003,202500003,2025-03-26 04:41:00,1075,13,1,1,1,22,2,5020,2025-03-25 17:41:00,2025-03-25 20:41:00,2025-03-25 22:41:00,12.541813,76.667784,The complainant was attacked with a weapon near a petrol bunk during office hours and grievously injured.
426,105840007202400004,202400004,2024-01-06 21:16:00,1120,7,1,2,2,10,1,5014,2024-01-03 21:16:00,2024-01-03 22:16:00,2024-01-06 20:16:00,12.605717,77.361704,An unidentified person grabbed a laptop bag from the complainant close to a government office and disappeared.
427,105840007202500004,202500004,2025-02-20 09:15:00,1062,7,1,1,1,22,2,5013,2025-02-20 06:15:00,2025-02-20 08:15:00,2025-02-20 09:15:00,12.585049,77.376044,An attempt was made on the complainant's life near an apartment complex using a sharp weapon.
428,105820032202400002,202400002,2024-06-08 06:04:00,1214,32,1,2,2,14,2,5025,2024-06-07 21:04:00,2024-06-07 22:04:00,2024-06-08 04:04:00,13.488746,77.820579,a wallet with cash kept at the workplace near a vegetable market was stolen at dusk.
429,105710024202500005,202500005,2025-02-19 02:46:00,1148,24,1,2,2,10,1,5017,2025-02-16 07:46:00,2025-02-16 07:46:00,2025-02-18 23:46:00,13.311201,76.952821,two gold bangles was pulled off the complainant's neck near a government office; the accused ran towards the bus stand.
430,105680038202500003,202500003,2025-12-06 21:03:00,1072,38,1,2,2,10,1,5004,2025-12-04 20:03:00,2025-12-04 20:03:00,2025-12-06 16:03:00,13.934131,75.232851,a mobile phone was pulled off the complainant's neck near a school; the accused ran into the residential layout.
431,105810028202400001,202400001,2024-05-17 21:41:00,1208,28,1,1,1,22,2,5025,2024-05-17 12:41:00,2024-05-17 12:41:00,2024-05-17 18:41:00,13.181258,78.180316,The complainant was attacked with a weapon near a bank ATM in the early hours and grievously injured.
432,105670043202500002,202500002,2025-04-29 05:44:00,1029,43,1,2,1,21,2,5003,2025-04-28 20:44:00,2025-04-28 22:44:00,2025-04-29 03:44:00,14.354924,75.958322,The complainant was assaulted with a stick near a temple and injured.
433,105810028202500001,202500001,2025-09-14 00:32:00,1150,28,1,2,2,12,2,5005,2025-09-13 19:32:00,2025-09-13 22:32:00,2025-09-14 00:32:00,13.217265,78.174109,The complainant's a TVS scooter was stolen from outside a petrol bunk.
434,105790055202600003,202600003,2026-03-10 10:02:00,1164,55,1,2,2,12,1,5024,2026-03-10 00:02:00,2026-03-10 01:02:00,2026-03-10 07:02:00,17.236705,76.773686,a TVS scooter parked near a petrol bunk was found missing at dusk.
435,105790055202600004,202600004,2026-02-22 15:41:00,1229,55,1,1,1,22,1,5025,2026-02-20 17:41:00,2026-02-20 18:41:00,2026-02-22 11:41:00,17.227763,76.778017,The complainant was attacked with a weapon near a temple in the early hours and grievously injured.
436,105730014202500004,202500004,2025-11-16 06:28:00,1231,14,1,2,2,10,1,5009,2025-11-14 11:28:00,2025-11-14 12:28:00,2025-11-16 04:28:00,12.605507,76.733856,The complainant states that two youths snatched a gold chain near a hospital gate at dusk and fled towards the bus stand.
437,105550050202500001,202500001,2025-10-14 22:15:00,1114,50,1,2,4,40,2,5010,2025-10-14 18:15:00,2025-10-14 19:15:00,2025-10-14 21:15:00,16.159172,74.845795,The complainant was cheated of money near a hospital gate on a false promise at dusk.
438,105710023202600002,202600002,2026-02-06 14:19:00,1008,23,1,1,1,22,3,5010,2026-02-06 06:19:00,2026-02-06 06:19:00,2026-02-06 10:19:00,13.452348,76.970775,The complainant was attacked with a weapon near an apartment complex at dusk and grievously injured.
439,105550049202500003,202500003,2025-08-09 22:22:00,1061,49,1,1,3,30,2,5009,2025-08-09 12:22:00,2025-08-09 13:22:00,2025-08-09 16:22:00,16.174233,74.941143,"The complainant, a woman, was harassed and assaulted near a petrol bunk in the early hours."
440,105790056202500004,202500004,2025-09-07 22:58:00,1013,56,1,1,3,30,1,5002,2025-09-06 12:58:00,2025-09-06 12:58:00,2025-09-07 16:58:00,17.234028,77.005391,"The complainant, a woman, was harassed and assaulted near a park gate in the early hours."
441,105690067202400001,202400001,2024-07-22 16:28:00,1083,67,1,2,2,12,1,5002,2024-07-19 18:28:00,2024-07-19 21:28:00,2024-07-22 13:28:00,13.432883,74.966297,The complainant's a Bajaj Pulsar was stolen from outside a jewellery shop.
442,105840009202600001,202600001,2026-02-26 13:01:00,1103,9,1,2,4,40,2,5012,2026-02-26 08:01:00,2026-02-26 11:01:00,2026-02-26 11:01:00,12.74337,77.40989,An unknown person defrauded the complainant of cash promising a mobile phone during the afternoon.
443,105660045202500004,202500004,2025-01-20 09:12:00,1261,45,1,1,1,22,2,5002,2025-01-20 03:12:00,2025-01-20 03:12:00,2025-01-20 09:12:00,14.189561,76.519008,The complainant was attacked with a weapon near a hospital gate in the early hours and grievously injured.
444,105780022202400004,202400004,2024-07-11 07:00:00,1251,22,1,1,3,30,1,5024,2024-07-10 02:00:00,2024-07-10 05:00:00,2024-07-11 03:00:00,11.878705,77.079138,"The complainant, a woman, was harassed and assaulted near a park gate late in the evening."
445,105720003202500008,202500008,2025-05-20 07:37:00,1075,3,1,1,1,22,3,5001,2025-05-19 22:37:00,2025-05-20 00:37:00,2025-05-20 06:37:00,13.017227,77.69112,An attempt was made on the complainant's life near a government office using a sharp weapon.
446,105790058202400005,202400005,2024-04-18 07:16:00,1020,58,1,1,1,20,2,5018,2024-04-17 21:16:00,2024-04-17 23:16:00,2024-04-18 03:16:00,17.191885,76.88307,The body of a person was found near a bus stop in the early hours; a case of murder is registered.
447,105820033202500001,202500001,2025-06-03 23:41:00,1225,33,1,2,4,40,2,5003,2025-06-03 09:41:00,2025-06-03 11:41:00,2025-06-03 17:41:00,13.685594,77.842632,An unknown person defrauded the complainant of cash promising a mangalsutra late in the evening.
448,105750064202500006,202500006,2025-01-31 17:09:00,1162,64,1,1,3,30,1,5022,2025-01-28 17:09:00,2025-01-28 17:09:00,2025-01-31 12:09:00,12.921338,75.378737,"Near a bus stop, an unknown person outraged the modesty of the complainant late in the evening."
449,105830004202500001,202500001,2025-11-20 15:10:00,1150,4,1,2,2,10,2,5006,2025-11-20 03:10:00,2025-11-20 04:10:00,2025-11-20 11:10:00,13.241362,77.441149,"While walking near a jewellery shop, a laptop bag was snatched from the complainant by a passer-by who escaped into the lake-bed area."
450,105670044202600001,202600001,2026-01-11 01:11:00,1189,44,1,1,3,30,1,5004,2026-01-09 15:11:00,2026-01-09 16:11:00,2026-01-10 23:11:00,14.515967,76.014969,"Near a petrol bunk, an unknown person outraged the modesty of the complainant at dusk."
451,105680037202600002,202600002,2026-04-24 20:14:00,1267,37,1,1,1,22,2,5023,2026-04-24 08:14:00,2026-04-24 10:14:00,2026-04-24 16:14:00,14.009534,75.312871,An attempt was made on the complainant's life near a hospital gate using a sharp weapon.
452,105670042202400004,202400004,2024-07-27 19:13:00,1023,42,1,1,1,20,1,5001,2024-07-26 03:13:00,2024-07-26 05:13:00,2024-07-27 13:13:00,14.426588,75.968226,The deceased was found with injuries near a government office; murder is suspected.
453,105690068202500001,202500001,2025-05-02 01:03:00,1219,68,1,2,4,40,1,5014,2025-04-29 17:03:00,2025-04-29 17:03:00,2025-05-02 00:03:00,13.478468,74.849107,The complainant was cheated of money near a bus stop on a false promise during the afternoon.
454,105690066202400001,202400001,2024-12-13 16:57:00,1060,66,1,1,1,20,1,5003,2024-12-11 23:57:00,2024-12-12 02:57:00,2024-12-13 15:57:00,13.44258,74.912978,A murder was reported near a petrol bunk following a dispute late in the evening.
455,105770015202600002,202600002,2026-03-29 21:55:00,1145,15,1,2,2,12,2,5010,2026-03-29 10:55:00,2026-03-29 12:55:00,2026-03-29 17:55:00,12.122201,76.404183,The complainant's a TVS scooter was stolen from outside a temple.
456,105780022202500003,202500003,2025-01-13 07:13:00,1073,22,1,1,3,30,1,5021,2025-01-12 09:13:00,2025-01-12 09:13:00,2025-01-13 06:13:00,11.896117,77.042643,"The complainant, a woman, was harassed and assaulted near a vegetable market at night."
457,105650060202400001,202400001,2024-12-19 09:34:00,1185,60,1,1,3,30,2,5018,2024-12-19 00:34:00,2024-12-19 02:34:00,2024-12-19 06:34:00,15.004067,76.581565,"Near a bus stop, an unknown person outraged the modesty of the complainant at night."
458,105710024202600002,202600002,2026-01-06 23:07:00,1088,24,1,1,3,30,1,5005,2026-01-05 14:07:00,2026-01-05 15:07:00,2026-01-06 17:07:00,13.348302,76.924844,"The complainant, a woman, was harassed and assaulted near a park gate around noon."
459,105660047202500006,202500006,2025-12-20 20:50:00,1252,47,1,1,1,20,3,5008,2025-12-20 07:50:00,2025-12-20 08:50:00,2025-12-20 15:50:00,14.082949,76.514971,A murder was reported near a jewellery shop following a dispute around noon.
460,105840008202400003,202400003,2024-12-06 08:42:00,1265,8,1,2,2,12,1,5008,2024-12-05 07:42:00,2024-12-05 08:42:00,2024-12-06 04:42:00,12.779837,77.244808,Unknown persons rode away a Yamaha bike parked near a park gate around noon.
461,105650060202500005,202500005,2025-06-18 15:32:00,1201,60,1,1,1,22,1,5002,2025-06-15 16:32:00,2025-06-15 16:32:00,2025-06-18 13:32:00,14.98729,76.604191,An attempt was made on the complainant's life near a government office using a sharp weapon.
462,105810027202600002,202600002,2026-06-12 06:36:00,1261,27,1,2,2,12,1,5007,2026-06-11 23:36:00,2026-06-11 23:36:00,2026-06-12 06:36:00,13.171774,78.298662,a Yamaha bike parked near a bus stop was found missing at night.
463,105780020202400004,202400004,2024-04-28 08:10:00,1092,20,1,2,2,12,2,5002,2024-04-28 06:10:00,2024-04-28 06:10:00,2024-04-28 08:10:00,12.037811,77.0473,Unknown persons rode away a Yamaha bike parked near a temple in the early hours.
464,105670044202400007,202400007,2024-08-02 19:00:00,1202,44,1,2,1,21,1,5021,2024-08-01 17:00:00,2024-08-01 18:00:00,2024-08-02 19:00:00,14.489589,75.969431,A quarrel near a bus stop led to the complainant being beaten and hurt.
465,105720001202600002,202600002,2026-04-05 06:45:00,1167,1,1,2,2,11,1,5018,2026-04-04 06:45:00,2026-04-04 08:45:00,2026-04-05 04:45:00,12.818248,77.568017,The house near a park gate was burgled via the rear door; ear studs was reported stolen.
466,105780021202500006,202500006,2025-05-05 20:35:00,1066,21,1,2,4,40,2,5005,2025-05-05 07:35:00,2025-05-05 09:35:00,2025-05-05 14:35:00,11.951167,77.174727,The complainant was cheated of money near a government office on a false promise in the early hours.
467,105620052202500005,202500005,2025-05-25 20:58:00,1126,52,1,1,1,20,1,5009,2025-05-23 18:58:00,2025-05-23 21:58:00,2025-05-25 18:58:00,15.293184,75.237413,The deceased was found with injuries near a bank ATM; murder is suspected.
468,105820030202400003,202400003,2024-04-12 22:25:00,1054,30,1,2,1,21,2,5005,2024-04-12 14:25:00,2024-04-12 14:25:00,2024-04-12 16:25:00,13.487691,77.927328,The complainant sustained injuries in an assault near a temple at dusk.
469,105670043202400003,202400003,2024-03-23 03:52:00,1222,43,1,1,2,13,1,5006,2024-03-22 01:52:00,2024-03-22 03:52:00,2024-03-23 03:52:00,14.360583,75.939061,The complainant was assaulted near a park gate and a wallet with cash was taken forcibly.
470,105710026202500001,202500001,2025-11-18 12:38:00,1243,26,1,1,1,20,2,5001,2025-11-18 06:38:00,2025-11-18 06:38:00,2025-11-18 08:38:00,13.400975,76.82598,The deceased was found with injuries near a bus stop; murder is suspected.
471,105770016202400005,202400005,2024-09-15 07:01:00,1033,16,1,1,1,22,1,5011,2024-09-15 01:01:00,2024-09-15 02:01:00,2024-09-15 05:01:00,12.224831,76.565257,An attempt was made on the complainant's life near a bank ATM using a sharp weapon.
472,105790057202500003,202500003,2025-12-02 08:52:00,1127,57,1,1,1,22,2,5008,2025-12-02 03:52:00,2025-12-02 04:52:00,2025-12-02 08:52:00,17.332927,76.81123,An attempt was made on the complainant's life near a bus stop using a sharp weapon.
473,105780022202400005,202400005,2024-04-18 05:26:00,1262,22,1,1,1,22,2,5020,2024-04-18 02:26:00,2024-04-18 05:26:00,2024-04-18 04:26:00,11.8681,77.077174,The complainant was attacked with a weapon near an apartment complex late in the evening and grievously injured.
474,105790057202500004,202500004,2025-06-05 10:28:00,1092,57,1,1,2,13,1,5007,2025-06-03 11:28:00,2025-06-03 14:28:00,2025-06-05 07:28:00,17.343821,76.826698,Two persons on a bike snatched a gold chain near a temple after threatening the complainant.
475,105780020202500002,202500002,2025-04-20 03:48:00,1216,20,1,1,3,30,2,5004,2025-04-19 23:48:00,2025-04-20 01:48:00,2025-04-20 01:48:00,12.069139,77.046336,"Near a hospital gate, an unknown person outraged the modesty of the complainant late in the evening."
476,105620054202500002,202500002,2025-12-21 13:18:00,1227,54,1,2,2,10,1,5001,2025-12-19 20:18:00,2025-12-19 21:18:00,2025-12-21 10:18:00,15.397387,75.013038,An unidentified person grabbed a mobile phone from the complainant close to a hospital gate and disappeared.
477,105740035202500003,202500003,2025-07-02 17:34:00,1034,35,1,1,2,13,1,5014,2025-07-01 12:34:00,2025-07-01 12:34:00,2025-07-02 11:34:00,13.011761,76.058275,Two persons on a bike snatched a gold chain near a jewellery shop after threatening the complainant.
478,105620053202400006,202400006,2024-01-01 17:11:00,1154,53,1,1,1,22,1,5016,2024-01-01 10:11:00,2024-01-01 11:11:00,2024-01-01 16:11:00,15.39047,75.248039,The complainant was attacked with a weapon near a bank ATM around noon and grievously injured.
479,105750062202600001,202600001,2026-02-04 16:49:00,1040,62,1,1,1,22,3,5015,2026-02-04 02:49:00,2026-02-04 04:49:00,2026-02-04 10:49:00,12.947913,75.162644,An attempt was made on the complainant's life near a government office using a sharp weapon.
480,105790057202400003,202400003,2024-11-15 18:24:00,1092,57,1,1,3,30,3,5002,2024-11-15 16:24:00,2024-11-15 19:24:00,2024-11-15 18:24:00,17.340648,76.820312,"The complainant, a woman, was harassed and assaulted near a school at night."
481,105670041202400004,202400004,2024-09-14 07:45:00,1154,41,1,2,1,21,1,5005,2024-09-11 13:45:00,2024-09-11 15:45:00,2024-09-14 07:45:00,14.404087,75.932791,The complainant sustained injuries in an assault near a hospital gate in the early hours.
482,105740034202400004,202400004,2024-06-16 19:52:00,1113,34,1,2,1,21,1,5007,2024-06-14 00:52:00,2024-06-14 00:52:00,2024-06-16 13:52:00,12.96615,76.064371,A quarrel near a wedding hall led to the complainant being beaten and hurt.
483,105730014202500005,202500005,2025-02-11 23:21:00,1231,14,1,2,2,10,1,5014,2025-02-10 20:21:00,2025-02-10 23:21:00,2025-02-11 23:21:00,12.581556,76.695405,a gold chain was pulled off the complainant's neck near an apartment complex; the accused ran into a bylane.
484,105730012202500006,202500006,2025-01-19 14:52:00,1100,12,1,2,2,11,1,5003,2025-01-16 16:52:00,2025-01-16 17:52:00,2025-01-19 09:52:00,12.576627,76.763879,On returning from a trip the complainant found the rear door forced and valuables gone.
485,105780019202600002,202600002,2026-01-17 12:58:00,1272,19,1,2,2,11,2,5002,2026-01-17 03:58:00,2026-01-17 06:58:00,2026-01-17 10:58:00,12.085139,77.198846,Unknown persons entered through the kitchen door late in the evening and took gold ornaments and cash.
486,105680037202500006,202500006,2025-10-31 12:21:00,1251,37,1,1,1,20,1,5022,2025-10-29 14:21:00,2025-10-29 14:21:00,2025-10-31 06:21:00,14.012715,75.355979,The body of a person was found near a bus stop during office hours; a case of murder is registered.
487,105690069202500001,202500001,2025-01-26 03:10:00,1099,69,1,1,3,30,1,5002,2025-01-23 21:10:00,2025-01-24 00:10:00,2025-01-26 02:10:00,13.381668,74.753844,"Near a temple, an unknown person outraged the modesty of the complainant at night."
488,105690066202400002,202400002,2024-03-12 05:55:00,1184,66,1,2,2,11,2,5009,2024-03-11 22:55:00,2024-03-12 00:55:00,2024-03-12 03:55:00,13.427722,74.934907,On returning from a trip the complainant found the rear door forced and valuables gone.
489,105770016202400006,202400006,2024-05-31 06:29:00,1068,16,1,2,4,40,1,5016,2024-05-30 17:29:00,2024-05-30 17:29:00,2024-05-31 04:29:00,12.269466,76.524278,An unknown person defrauded the complainant of cash promising a handbag around noon.
490,105810029202500004,202500004,2025-08-29 18:10:00,1107,29,1,1,3,30,3,5006,2025-08-29 14:10:00,2025-08-29 14:10:00,2025-08-29 15:10:00,13.052201,78.152836,"The complainant, a woman, was harassed and assaulted near an apartment complex during office hours."
491,105550049202400005,202400005,2024-04-27 07:58:00,1147,49,1,2,1,21,2,5002,2024-04-27 01:58:00,2024-04-27 02:58:00,2024-04-27 06:58:00,16.164883,74.954665,The complainant was assaulted with a stick near a bank ATM and injured.
492,105670041202600003,202600003,2026-05-03 04:50:00,1224,41,1,2,4,40,2,5003,2026-05-02 21:50:00,2026-05-02 23:50:00,2026-05-03 02:50:00,14.458288,75.932444,The complainant was cheated of money near a bus stop on a false promise in the early hours.
493,105670042202400005,202400005,2024-04-13 19:39:00,1072,42,1,1,1,22,1,5013,2024-04-12 12:39:00,2024-04-12 15:39:00,2024-04-13 16:39:00,14.426194,75.92927,An attempt was made on the complainant's life near a hospital gate using a sharp weapon.
494,105790055202400001,202400001,2024-07-03 17:29:00,1183,55,1,1,1,20,1,5015,2024-07-03 11:29:00,2024-07-03 12:29:00,2024-07-03 17:29:00,17.235427,76.799219,A murder was reported near a hospital gate following a dispute during the afternoon.
495,105770016202500004,202500004,2025-04-16 17:29:00,1074,16,1,1,1,20,2,5009,2025-04-16 15:29:00,2025-04-16 15:29:00,2025-04-16 17:29:00,12.242383,76.553242,The body of a person was found near a petrol bunk at dusk; a case of murder is registered.
496,105680038202500004,202500004,2025-01-19 16:53:00,1025,38,1,1,1,20,1,5003,2025-01-16 15:53:00,2025-01-16 18:53:00,2025-01-19 10:53:00,13.926804,75.223615,The deceased was found with injuries near a bus stop; murder is suspected.
497,105670042202600001,202600001,2026-06-29 04:56:00,1046,42,1,2,4,40,1,5005,2026-06-27 23:56:00,2026-06-28 02:56:00,2026-06-28 23:56:00,14.416722,75.944289,The complainant was cheated of money near an apartment complex on a false promise at night.
498,105710023202600003,202600003,2026-05-16 05:56:00,1069,23,1,2,4,40,1,5007,2026-05-14 14:56:00,2026-05-14 14:56:00,2026-05-15 23:56:00,13.495769,76.943386,The complainant was cheated of money near a government office on a false promise in the early hours.
499,105680040202500002,202500002,2025-08-01 08:20:00,1241,40,1,2,4,40,1,5025,2025-07-29 22:20:00,2025-07-29 22:20:00,2025-08-01 06:20:00,13.938172,75.124521,The complainant was cheated of money near a wedding hall on a false promise around noon.
500,105660046202600003,202600003,2026-03-07 07:42:00,1123,46,1,2,2,12,1,5011,2026-03-04 17:42:00,2026-03-04 18:42:00,2026-03-07 05:42:00,14.112979,76.57311,The complainant's a Honda Activa was stolen from outside a jewellery shop.
501,105710025202500006,202500006,2025-07-14 15:11:00,1141,25,1,1,3,30,2,5023,2025-07-14 09:11:00,2025-07-14 09:11:00,2025-07-14 15:11:00,13.430525,76.838315,"The complainant, a woman, was harassed and assaulted near a vegetable market in the early hours."
502,105670043202600003,202600003,2026-02-23 12:06:00,1198,43,1,2,2,10,2,5004,2026-02-23 10:06:00,2026-02-23 10:06:00,2026-02-23 12:06:00,14.346101,75.968025,a gold chain was pulled off the complainant's neck near a bank ATM; the accused ran towards the bus stand.
503,105710024202500006,202500006,2025-03-26 06:50:00,1093,24,1,2,2,12,1,5012,2025-03-24 10:50:00,2025-03-24 12:50:00,2025-03-26 06:50:00,13.312973,76.957064,a Bajaj Pulsar left near a government office could not be traced; the steering lock was broken.
504,105660046202500004,202500004,2025-12-28 23:37:00,1060,46,1,2,2,10,1,5001,2025-12-26 23:37:00,2025-12-27 01:37:00,2025-12-28 17:37:00,14.12482,76.532427,The complainant states that an unknown person snatched a mangalsutra near a petrol bunk late in the evening and fled towards the highway.
505,105670044202600002,202600002,2026-06-21 06:39:00,1208,44,1,1,2,13,1,5016,2026-06-20 19:39:00,2026-06-20 19:39:00,2026-06-21 04:39:00,14.507458,75.970063,The complainant was assaulted near a hospital gate and a mobile phone was taken forcibly.
506,105750062202500002,202500002,2025-05-28 16:44:00,1193,62,1,1,2,13,1,5025,2025-05-27 08:44:00,2025-05-27 09:44:00,2025-05-28 16:44:00,12.915011,75.186277,Two persons on a bike snatched a mobile phone near a jewellery shop after threatening the complainant.
507,105710024202400007,202400007,2024-10-19 13:29:00,1048,24,1,2,1,21,3,5003,2024-10-19 03:29:00,2024-10-19 03:29:00,2024-10-19 07:29:00,13.306016,76.925157,The complainant sustained injuries in an assault near an apartment complex at dusk.
508,105550051202500002,202500002,2025-03-30 19:50:00,1087,51,1,2,1,21,2,5019,2025-03-30 07:50:00,2025-03-30 10:50:00,2025-03-30 13:50:00,16.029275,74.834836,The complainant sustained injuries in an assault near a hospital gate at dusk.
509,105770017202400004,202400004,2024-01-03 02:07:00,1087,17,1,2,4,40,2,5003,2024-01-02 14:07:00,2024-01-02 16:07:00,2024-01-02 21:07:00,12.203238,76.344987,An unknown person defrauded the complainant of cash promising a mobile phone during the afternoon.
510,105650060202500006,202500006,2025-12-10 21:10:00,1110,60,1,1,1,20,1,5003,2025-12-07 15:10:00,2025-12-07 18:10:00,2025-12-10 15:10:00,15.024709,76.602177,The body of a person was found near a school during the afternoon; a case of murder is registered.
511,105780021202400003,202400003,2024-01-02 04:11:00,1142,21,1,1,1,22,3,5021,2024-01-02 01:11:00,2024-01-02 02:11:00,2024-01-02 02:11:00,11.921039,77.166712,An attempt was made on the complainant's life near a bus stop using a sharp weapon.
512,105780020202400005,202400005,2024-08-12 19:08:00,1213,20,1,2,2,14,1,5011,2024-08-12 04:08:00,2024-08-12 04:08:00,2024-08-12 13:08:00,12.060414,77.07123,two gold bangles kept at the workplace near a park gate was stolen late in the evening.
513,105690069202400002,202400002,2024-08-17 14:49:00,1081,69,1,2,2,11,2,5019,2024-08-17 04:49:00,2024-08-17 05:49:00,2024-08-17 12:49:00,13.354753,74.775035,The complainant found the rear door broken on returning home; two gold bangles and cash were missing.
514,105750065202400006,202400006,2024-02-27 14:25:00,1185,65,1,2,2,10,3,5012,2024-02-27 11:25:00,2024-02-27 11:25:00,2024-02-27 14:25:00,12.903084,75.331019,a handbag was pulled off the complainant's neck near a petrol bunk; the accused ran into the lake-bed area.
515,105680039202500003,202500003,2025-10-24 23:24:00,1210,39,1,2,2,10,2,5022,2025-10-24 19:24:00,2025-10-24 20:24:00,2025-10-24 21:24:00,14.133107,75.292709,"While walking near a petrol bunk, two gold bangles was snatched from the complainant by a passer-by who escaped towards the bus stand."
516,105550049202400006,202400006,2024-09-26 17:12:00,1103,49,1,2,2,11,3,5002,2024-09-26 07:12:00,2024-09-26 08:12:00,2024-09-26 13:12:00,16.156674,74.921584,Unknown persons entered through a window grille during office hours and took gold ornaments and cash.
517,105670043202400004,202400004,2024-07-23 16:15:00,1040,43,1,2,2,14,2,5006,2024-07-23 11:15:00,2024-07-23 13:15:00,2024-07-23 13:15:00,14.330856,75.954395,a handbag kept at the workplace near a hospital gate was stolen at night.
518,105710024202400008,202400008,2024-04-25 13:00:00,1026,24,1,1,1,22,2,5022,2024-04-25 07:00:00,2024-04-25 09:00:00,2024-04-25 10:00:00,13.300089,76.954113,An attempt was made on the complainant's life near a hospital gate using a sharp weapon.
519,105810029202400005,202400005,2024-04-17 05:57:00,1162,29,1,1,1,22,2,5006,2024-04-16 21:57:00,2024-04-16 22:57:00,2024-04-17 05:57:00,13.051973,78.176828,The complainant was attacked with a weapon near a bank ATM in the early hours and grievously injured.
520,105670044202600003,202600003,2026-06-16 07:52:00,1142,44,1,2,1,21,2,5002,2026-06-15 23:52:00,2026-06-15 23:52:00,2026-06-16 06:52:00,14.495882,75.968272,A quarrel near a petrol bunk led to the complainant being beaten and hurt.
521,105840009202400007,202400007,2024-11-12 15:20:00,1044,9,1,2,2,12,2,5016,2024-11-12 05:20:00,2024-11-12 06:20:00,2024-11-12 09:20:00,12.745777,77.40242,The complainant's a Honda Activa was stolen from outside a jewellery shop.
522,105660045202400002,202400002,2024-05-12 13:23:00,1089,45,1,1,2,13,1,5001,2024-05-10 23:23:00,2024-05-11 01:23:00,2024-05-12 08:23:00,14.218067,76.54889,The complainant was assaulted near a bus stop and a mobile phone was taken forcibly.
523,105550051202400005,202400005,2024-04-06 03:35:00,1195,51,1,1,1,22,1,5002,2024-04-03 01:35:00,2024-04-03 01:35:00,2024-04-05 21:35:00,16.004843,74.874884,The complainant was attacked with a weapon near a wedding hall at night and grievously injured.
524,105740034202500007,202500007,2025-06-30 12:49:00,1260,34,1,2,1,21,2,5001,2025-06-30 08:49:00,2025-06-30 08:49:00,2025-06-30 11:49:00,12.966108,76.07347,The complainant sustained injuries in an assault near a bus stop during the afternoon.
525,105840007202500005,202500005,2025-02-04 00:53:00,1053,7,1,1,1,20,1,5008,2025-02-02 07:53:00,2025-02-02 07:53:00,2025-02-03 21:53:00,12.622426,77.357431,A murder was reported near a bank ATM following a dispute at dusk.
526,105620052202500006,202500006,2025-11-08 22:32:00,1128,52,1,2,2,12,1,5019,2025-11-07 01:32:00,2025-11-07 01:32:00,2025-11-08 16:32:00,15.30465,75.208495,Unknown persons rode away a Yamaha bike parked near a petrol bunk in the early hours.
527,105550049202500004,202500004,2025-08-29 09:37:00,1007,49,1,2,2,11,2,5003,2025-08-29 06:37:00,2025-08-29 09:37:00,2025-08-29 07:37:00,16.152647,74.965437,On returning from a trip the complainant found the roof ventilator forced and valuables gone.
528,105820030202400004,202400004,2024-03-23 04:49:00,1106,30,1,1,1,22,2,5021,2024-03-22 19:49:00,2024-03-22 21:49:00,2024-03-23 02:49:00,13.458319,77.943597,An attempt was made on the complainant's life near a wedding hall using a sharp weapon.
529,105840009202400008,202400008,2024-12-26 08:49:00,1215,9,1,2,2,11,2,5018,2024-12-26 00:49:00,2024-12-26 03:49:00,2024-12-26 08:49:00,12.764555,77.354124,On returning from a trip the complainant found the kitchen door forced and valuables gone.
530,105670043202400005,202400005,2024-02-03 09:26:00,1237,43,1,2,2,14,2,5015,2024-02-03 00:26:00,2024-02-03 00:26:00,2024-02-03 05:26:00,14.343936,75.948762,Household articles and a mobile phone were stolen from the complainant's house near a temple.
531,105690068202400002,202400002,2024-06-15 22:26:00,1222,68,1,2,2,12,1,5008,2024-06-13 14:26:00,2024-06-13 16:26:00,2024-06-15 20:26:00,13.480413,74.817834,Unknown persons rode away a Honda Activa parked near a hospital gate late in the evening.
532,105820032202600002,202600002,2026-02-12 08:15:00,1087,32,1,2,4,40,1,5005,2026-02-10 19:15:00,2026-02-10 20:15:00,2026-02-12 08:15:00,13.510779,77.846577,An unknown person defrauded the complainant of cash promising ear studs late in the evening.
533,105790058202400006,202400006,2024-05-12 11:44:00,1172,58,1,2,4,40,2,5016,2024-05-12 01:44:00,2024-05-12 02:44:00,2024-05-12 06:44:00,17.210594,76.880434,An unknown person defrauded the complainant of cash promising ear studs late in the evening.
534,105830004202400003,202400003,2024-05-25 09:55:00,1169,4,1,2,2,10,2,5019,2024-05-24 23:55:00,2024-05-25 01:55:00,2024-05-25 05:55:00,13.260137,77.456224,"While walking near a school, a mobile phone was snatched from the complainant by a passer-by who escaped into the lake-bed area."
535,105550048202400005,202400005,2024-02-20 12:18:00,1208,48,1,1,2,13,1,5007,2024-02-19 06:18:00,2024-02-19 06:18:00,2024-02-20 10:18:00,15.99803,74.857889,Two persons on a bike snatched two gold bangles near a bus stop after threatening the complainant.
536,105840007202400005,202400005,2024-06-07 15:05:00,1116,7,1,2,4,40,1,5018,2024-06-05 20:05:00,2024-06-05 22:05:00,2024-06-07 14:05:00,12.631894,77.331431,An unknown person defrauded the complainant of cash promising a wallet with cash during the afternoon.
537,105690067202400002,202400002,2024-06-05 23:50:00,1129,67,1,2,2,12,2,5014,2024-06-05 19:50:00,2024-06-05 22:50:00,2024-06-05 23:50:00,13.420104,74.962575,The complainant's a TVS scooter was stolen from outside a hospital gate.
538,105810027202400005,202400005,2024-02-27 12:57:00,1023,27,1,1,1,20,2,5005,2024-02-27 02:57:00,2024-02-27 04:57:00,2024-02-27 07:57:00,13.208681,78.317528,The body of a person was found near a park gate in the early hours; a case of murder is registered.
539,105650060202600002,202600002,2026-01-18 16:53:00,1116,60,1,1,3,30,1,5018,2026-01-17 03:53:00,2026-01-17 06:53:00,2026-01-18 16:53:00,14.99939,76.604334,"Near a hospital gate, an unknown person outraged the modesty of the complainant at night."
540,105680037202500007,202500007,2025-12-30 11:58:00,1024,37,1,1,3,30,3,5004,2025-12-30 08:58:00,2025-12-30 11:58:00,2025-12-30 11:58:00,13.988278,75.315215,"The complainant, a woman, was harassed and assaulted near a park gate around noon."
541,105820033202500002,202500002,2025-12-12 17:11:00,1083,33,1,2,4,40,3,5001,2025-12-12 11:11:00,2025-12-12 13:11:00,2025-12-12 16:11:00,13.653743,77.867748,The complainant was cheated of money near a bus stop on a false promise around noon.
542,105710026202400004,202400004,2024-07-26 17:18:00,1191,26,1,1,3,30,2,5020,2024-07-26 09:18:00,2024-07-26 12:18:00,2024-07-26 14:18:00,13.387791,76.82766,"The complainant, a woman, was harassed and assaulted near a hospital gate late in the evening."
543,105710024202500007,202500007,2025-04-09 00:30:00,1068,24,1,2,2,14,2,5001,2025-04-08 15:30:00,2025-04-08 17:30:00,2025-04-08 22:30:00,13.325301,76.913801,The complainant reported theft of a laptop bag from the premises near a temple.
544,105620052202400001,202400001,2024-08-26 17:15:00,1132,52,1,2,4,40,2,5020,2024-08-26 13:15:00,2024-08-26 13:15:00,2024-08-26 14:15:00,15.2987,75.206916,The complainant was cheated of money near a government office on a false promise late in the evening.
545,105730013202600004,202600004,2026-04-28 16:50:00,1004,13,1,2,2,12,2,5004,2026-04-28 05:50:00,2026-04-28 05:50:00,2026-04-28 12:50:00,12.554255,76.682316,a Yamaha bike left near a vegetable market could not be traced; the steering lock was broken.
546,105750062202400003,202400003,2024-09-07 22:33:00,1092,62,1,1,3,30,2,5004,2024-09-07 10:33:00,2024-09-07 11:33:00,2024-09-07 17:33:00,12.922602,75.174602,"Near a government office, an unknown person outraged the modesty of the complainant late in the evening."
547,105690066202600003,202600003,2026-06-22 13:49:00,1082,66,1,1,1,22,1,5017,2026-06-20 18:49:00,2026-06-20 19:49:00,2026-06-22 09:49:00,13.453897,74.900497,The complainant was attacked with a weapon near a bus stop at night and grievously injured.
548,105670044202400008,202400008,2024-07-17 23:25:00,1000,44,1,2,2,12,2,5012,2024-07-17 17:25:00,2024-07-17 18:25:00,2024-07-17 22:25:00,14.537361,76.022017,a Yamaha bike parked near a school was found missing at night.
549,105550050202500002,202500002,2025-11-21 11:13:00,1156,50,1,1,3,30,1,5025,2025-11-20 06:13:00,2025-11-20 06:13:00,2025-11-21 08:13:00,16.179964,74.810314,"Near an apartment complex, an unknown person outraged the modesty of the complainant in the early hours."
550,105840009202500004,202500004,2025-06-28 07:20:00,1085,9,1,1,1,22,1,5001,2025-06-25 15:20:00,2025-06-25 15:20:00,2025-06-28 01:20:00,12.759646,77.376267,The complainant was attacked with a weapon near a bank ATM during office hours and grievously injured.
551,105690069202500002,202500002,2025-10-22 16:34:00,1204,69,1,2,1,21,1,5018,2025-10-20 07:34:00,2025-10-20 10:34:00,2025-10-22 13:34:00,13.354184,74.795748,A quarrel near an apartment complex led to the complainant being beaten and hurt.
552,105780021202400004,202400004,2024-12-20 00:14:00,1210,21,1,2,4,40,1,5014,2024-12-17 10:14:00,2024-12-17 12:14:00,2024-12-19 22:14:00,11.953362,77.15855,An unknown person defrauded the complainant of cash promising a gold chain during the afternoon.
553,105680037202500008,202500008,2025-02-22 02:04:00,1204,37,1,2,4,40,1,5024,2025-02-19 08:04:00,2025-02-19 08:04:00,2025-02-21 22:04:00,14.037102,75.33066,The complainant was cheated of money near a wedding hall on a false promise during the afternoon.
554,105770018202500003,202500003,2025-04-14 11:25:00,1097,18,1,2,1,21,2,5022,2025-04-14 01:25:00,2025-04-14 01:25:00,2025-04-14 07:25:00,12.081955,76.464889,The complainant was assaulted with a stick near a bus stop and injured.
555,105830006202500001,202500001,2025-11-26 16:46:00,1098,6,1,1,2,13,2,5015,2025-11-26 11:46:00,2025-11-26 13:46:00,2025-11-26 16:46:00,13.253961,77.605834,"Near a temple, unknown persons robbed the complainant of a laptop bag and fled into the lake-bed area."
556,105770016202400007,202400007,2024-02-20 03:17:00,1205,16,1,1,1,20,1,5012,2024-02-18 07:17:00,2024-02-18 08:17:00,2024-02-19 22:17:00,12.230451,76.530724,The deceased was found with injuries near a temple; murder is suspected.
557,105710024202600003,202600003,2026-05-25 14:07:00,1199,24,1,2,2,12,1,5010,2026-05-25 05:07:00,2026-05-25 07:07:00,2026-05-25 12:07:00,13.322671,76.934119,a Yamaha bike left near an apartment complex could not be traced; the steering lock was broken.
558,105770018202400003,202400003,2024-10-21 13:46:00,1241,18,1,2,2,11,2,5008,2024-10-21 10:46:00,2024-10-21 11:46:00,2024-10-21 13:46:00,12.131524,76.455682,The complainant found the kitchen door broken on returning home; a gold chain and cash were missing.
559,105730013202500004,202500004,2025-02-19 06:32:00,1229,13,1,1,1,20,2,5015,2025-02-19 03:32:00,2025-02-19 05:32:00,2025-02-19 04:32:00,12.542796,76.663793,The deceased was found with injuries near a temple; murder is suspected.
560,105650059202400002,202400002,2024-07-24 17:18:00,1042,59,1,2,2,14,1,5003,2024-07-23 08:18:00,2024-07-23 09:18:00,2024-07-24 16:18:00,14.987646,76.513104,The complainant reported theft of a laptop bag from the premises near a vegetable market.
561,105720002202400001,202400001,2024-10-20 05:27:00,1115,2,1,1,2,13,2,5016,2024-10-19 17:27:00,2024-10-19 17:27:00,2024-10-19 23:27:00,12.894025,77.678248,The complainant was waylaid near a government office late in the evening and robbed of two gold bangles at knife-point.
562,105780021202500007,202500007,2025-08-31 21:37:00,1174,21,1,2,1,21,1,5002,2025-08-29 12:37:00,2025-08-29 12:37:00,2025-08-31 16:37:00,11.96335,77.165707,A quarrel near a hospital gate led to the complainant being beaten and hurt.
563,105620053202500007,202500007,2025-11-13 10:18:00,1189,53,1,2,2,11,1,5025,2025-11-10 16:18:00,2025-11-10 19:18:00,2025-11-13 06:18:00,15.391094,75.200912,Unknown persons entered through the main door lock at dusk and took gold ornaments and cash.
564,105680039202500004,202500004,2025-06-27 08:12:00,1105,39,1,2,2,12,1,5014,2025-06-25 17:12:00,2025-06-25 20:12:00,2025-06-27 06:12:00,14.123641,75.324759,Unknown persons rode away a Honda Activa parked near a hospital gate at dusk.
565,105820032202500002,202500002,2025-09-16 20:53:00,1161,32,1,2,2,11,3,5005,2025-09-16 15:53:00,2025-09-16 18:53:00,2025-09-16 17:53:00,13.507311,77.808836,The house near a hospital gate was burgled via the kitchen door; a gold chain was reported stolen.
566,105730011202400005,202400005,2024-01-11 14:54:00,1167,11,1,2,4,40,3,5018,2024-01-11 07:54:00,2024-01-11 07:54:00,2024-01-11 14:54:00,12.519768,76.780388,An unknown person defrauded the complainant of cash promising two gold bangles in the early hours.
567,105810028202500002,202500002,2025-12-07 20:32:00,1220,28,1,2,2,11,1,5003,2025-12-07 11:32:00,2025-12-07 13:32:00,2025-12-07 15:32:00,13.195572,78.141977,On returning from a trip the complainant found the main door lock forced and valuables gone.
568,105660046202400006,202400006,2024-12-21 12:06:00,1215,46,1,2,2,12,2,5025,2024-12-21 03:06:00,2024-12-21 06:06:00,2024-12-21 11:06:00,14.108954,76.571547,The complainant's a Yamaha bike was stolen from outside a vegetable market.
569,105730014202500006,202500006,2025-10-02 11:29:00,1019,14,1,2,2,10,1,5007,2025-09-30 22:29:00,2025-09-30 22:29:00,2025-10-02 11:29:00,12.629581,76.735558,a mobile phone was pulled off the complainant's neck near an apartment complex; the accused ran into the lake-bed area.
570,105740035202500004,202500004,2025-04-11 15:33:00,1001,35,1,2,2,14,1,5019,2025-04-09 03:33:00,2025-04-09 04:33:00,2025-04-11 12:33:00,13.004256,76.063868,The complainant reported theft of a laptop bag from the premises near a hospital gate.
571,105770018202600003,202600003,2026-05-17 04:07:00,1017,18,1,1,1,22,2,5007,2026-05-16 15:07:00,2026-05-16 17:07:00,2026-05-16 22:07:00,12.125619,76.467862,The complainant was attacked with a weapon near a bank ATM at night and grievously injured.
572,105790058202400007,202400007,2024-01-15 10:06:00,1178,58,1,1,1,22,2,5009,2024-01-15 08:06:00,2024-01-15 09:06:00,2024-01-15 09:06:00,17.200706,76.87942,The complainant was attacked with a weapon near a school during the afternoon and grievously injured.
573,105840008202500005,202500005,2025-12-26 11:31:00,1158,8,1,2,2,10,1,5004,2025-12-25 22:31:00,2025-12-25 23:31:00,2025-12-26 11:31:00,12.760046,77.230935,a mobile phone was pulled off the complainant's neck near a school; the accused ran towards the highway.
574,105750064202600001,202600001,2026-05-12 16:50:00,1026,64,1,2,2,11,2,5002,2026-05-12 09:50:00,2026-05-12 10:50:00,2026-05-12 16:50:00,12.92552,75.389845,The house near an apartment complex was burgled via the kitchen door; a wallet with cash was reported stolen.
575,105820031202500003,202500003,2025-02-04 22:46:00,1030,31,1,1,1,20,2,5004,2025-02-04 13:46:00,2025-02-04 16:46:00,2025-02-04 19:46:00,13.592871,77.877278,A murder was reported near a hospital gate following a dispute in the early hours.
576,105730012202400003,202400003,2024-04-22 09:34:00,1161,12,1,2,2,12,1,5023,2024-04-21 06:34:00,2024-04-21 08:34:00,2024-04-22 09:34:00,12.548452,76.779767,a Honda Activa parked near a petrol bunk was found missing around noon.
577,105840007202400006,202400006,2024-05-28 12:48:00,1138,7,1,2,1,21,2,5025,2024-05-28 07:48:00,2024-05-28 07:48:00,2024-05-28 10:48:00,12.592271,77.382606,The complainant sustained injuries in an assault near an apartment complex around noon.
578,105670041202400005,202400005,2024-04-06 12:59:00,1183,41,1,1,1,20,2,5019,2024-04-06 07:59:00,2024-04-06 09:59:00,2024-04-06 10:59:00,14.458019,75.946774,The deceased was found with injuries near a government office; murder is suspected.
579,105790055202600005,202600005,2026-03-22 00:43:00,1118,55,1,1,3,30,2,5015,2026-03-21 16:43:00,2026-03-21 16:43:00,2026-03-21 21:43:00,17.242994,76.777018,"The complainant, a woman, was harassed and assaulted near a vegetable market at dusk."
580,105820030202400005,202400005,2024-10-13 01:17:00,1004,30,1,1,1,20,3,5006,2024-10-12 17:17:00,2024-10-12 17:17:00,2024-10-12 23:17:00,13.469987,77.914235,The deceased was found with injuries near a bank ATM; murder is suspected.
581,105690067202500003,202500003,2025-01-20 09:50:00,1001,67,1,2,2,10,2,5001,2025-01-20 07:50:00,2025-01-20 07:50:00,2025-01-20 09:50:00,13.421448,74.973779,An unidentified person grabbed a mobile phone from the complainant close to a hospital gate and disappeared.
582,105730011202600002,202600002,2026-05-25 22:27:00,1125,11,1,1,3,30,2,5015,2026-05-25 17:27:00,2026-05-25 17:27:00,2026-05-25 21:27:00,12.511404,76.792402,"Near a temple, an unknown person outraged the modesty of the complainant at dusk."
583,105840009202500005,202500005,2025-01-08 02:20:00,1207,9,1,2,2,10,1,5014,2025-01-06 06:20:00,2025-01-06 09:20:00,2025-01-07 22:20:00,12.775331,77.370453,a handbag was pulled off the complainant's neck near a school; the accused ran into the residential layout.
584,105680037202400004,202400004,2024-01-02 10:57:00,1098,37,1,1,1,22,2,5014,2024-01-02 04:57:00,2024-01-02 06:57:00,2024-01-02 07:57:00,13.994123,75.364823,The complainant was attacked with a weapon near a wedding hall late in the evening and grievously injured.
585,105660045202500005,202500005,2025-08-01 13:18:00,1043,45,1,1,1,20,1,5005,2025-08-01 00:18:00,2025-08-01 01:18:00,2025-08-01 11:18:00,14.206698,76.496685,The deceased was found with injuries near a hospital gate; murder is suspected.
586,105830004202500002,202500002,2025-11-03 06:34:00,1156,4,1,2,2,12,1,5021,2025-11-01 08:34:00,2025-11-01 09:34:00,2025-11-03 03:34:00,13.261242,77.490967,a Hero Splendor parked near a park gate was found missing at night.
587,105810027202600003,202600003,2026-01-22 10:31:00,1051,27,1,1,1,22,1,5024,2026-01-19 09:31:00,2026-01-19 10:31:00,2026-01-22 09:31:00,13.163398,78.289055,An attempt was made on the complainant's life near a bank ATM using a sharp weapon.
588,105790057202600003,202600003,2026-06-24 19:54:00,1211,57,1,2,4,40,3,5004,2026-06-24 13:54:00,2026-06-24 15:54:00,2026-06-24 14:54:00,17.316288,76.777872,An unknown person defrauded the complainant of cash promising a wallet with cash during office hours.
589,105790056202600005,202600005,2026-05-15 05:38:00,1063,56,1,1,1,20,1,5004,2026-05-13 08:38:00,2026-05-13 11:38:00,2026-05-14 23:38:00,17.214298,77.005079,The deceased was found with injuries near a bus stop; murder is suspected.
590,105680037202500009,202500009,2025-05-28 01:51:00,1050,37,1,2,4,40,2,5004,2025-05-27 16:51:00,2025-05-27 16:51:00,2025-05-27 23:51:00,14.032449,75.311155,The complainant was cheated of money near a vegetable market on a false promise in the early hours.
591,105690068202500002,202500002,2025-03-10 10:52:00,1103,68,1,2,4,40,1,5004,2025-03-10 00:52:00,2025-03-10 03:52:00,2025-03-10 10:52:00,13.437215,74.796746,An unknown person defrauded the complainant of cash promising a mangalsutra at night.
592,105730013202500005,202500005,2025-08-27 05:48:00,1145,13,1,1,1,22,1,5021,2025-08-26 14:48:00,2025-08-26 17:48:00,2025-08-27 00:48:00,12.554725,76.664139,An attempt was made on the complainant's life near a bus stop using a sharp weapon.
593,105720003202500009,202500009,2025-04-28 12:35:00,1218,3,1,2,2,11,3,5001,2025-04-28 05:35:00,2025-04-28 05:35:00,2025-04-28 09:35:00,12.969925,77.684953,On returning from a trip the complainant found a window grille forced and valuables gone.
594,105720002202500009,202500009,2025-11-21 09:45:00,1202,2,1,2,2,14,3,5006,2025-11-20 23:45:00,2025-11-21 00:45:00,2025-11-21 03:45:00,12.900453,77.63545,Household articles and a gold chain were stolen from the complainant's house near an apartment complex.
595,105770016202400008,202400008,2024-09-11 04:54:00,1002,16,1,2,4,40,1,5016,2024-09-08 18:54:00,2024-09-08 18:54:00,2024-09-11 02:54:00,12.259281,76.528712,An unknown person defrauded the complainant of cash promising two gold bangles during office hours.
596,105770018202400004,202400004,2024-10-23 01:54:00,1023,18,1,1,2,13,2,5005,2024-10-22 17:54:00,2024-10-22 17:54:00,2024-10-22 19:54:00,12.076621,76.503092,The complainant was waylaid near a bank ATM during office hours and robbed of a gold chain at knife-point.
597,105730012202400004,202400004,2024-04-05 04:20:00,1164,12,1,2,2,14,2,5024,2024-04-05 00:20:00,2024-04-05 00:20:00,2024-04-05 02:20:00,12.575303,76.763458,ear studs was found missing from the complainant's shop near a bus stop around noon.
598,105650060202400002,202400002,2024-06-13 20:46:00,1183,60,1,2,4,40,2,5003,2024-06-13 07:46:00,2024-06-13 10:46:00,2024-06-13 14:46:00,15.003966,76.574426,The complainant was cheated of money near a school on a false promise at night.
599,105750063202400003,202400003,2024-11-21 22:14:00,1088,63,1,2,2,11,3,5011,2024-11-21 09:14:00,2024-11-21 11:14:00,2024-11-21 17:14:00,12.825106,75.265772,Unknown persons entered through the main door lock at night and took gold ornaments and cash.
600,105750062202400004,202400004,2024-03-11 19:13:00,1258,62,1,2,2,12,1,5016,2024-03-10 22:13:00,2024-03-10 22:13:00,2024-03-11 18:13:00,12.968431,75.182704,The complainant's a Hero Splendor was stolen from outside a government office.
601,105830004202500003,202500003,2025-12-07 08:53:00,1160,4,1,1,1,20,1,5007,2025-12-04 16:53:00,2025-12-04 18:53:00,2025-12-07 05:53:00,13.274811,77.479319,The body of a person was found near a government office in the early hours; a case of murder is registered.
602,105830004202400004,202400004,2024-09-04 19:16:00,1075,4,1,2,4,40,2,5016,2024-09-04 16:16:00,2024-09-04 16:16:00,2024-09-04 19:16:00,13.260088,77.443254,The complainant was cheated of money near a bus stop on a false promise around noon.
603,105550048202400006,202400006,2024-04-26 15:17:00,1095,48,1,1,3,30,1,5001,2024-04-26 09:17:00,2024-04-26 10:17:00,2024-04-26 14:17:00,16.00565,74.89529,"Near a bus stop, an unknown person outraged the modesty of the complainant in the early hours."
604,105840010202500001,202500001,2025-04-08 18:56:00,1101,10,1,2,2,10,1,5007,2025-04-06 14:56:00,2025-04-06 15:56:00,2025-04-08 13:56:00,12.610807,77.225789,The complainant states that an unknown person snatched a mangalsutra near a wedding hall at night and fled towards the market.
605,105790056202400001,202400001,2024-09-04 23:00:00,1115,56,1,1,1,22,3,5005,2024-09-04 17:00:00,2024-09-04 20:00:00,2024-09-04 23:00:00,17.239248,76.969116,The complainant was attacked with a weapon near a temple during the afternoon and grievously injured.
606,105790056202600006,202600006,2026-01-05 21:28:00,1191,56,1,2,2,12,2,5001,2026-01-05 13:28:00,2026-01-05 16:28:00,2026-01-05 17:28:00,17.22667,76.993383,a Bajaj Pulsar left near an apartment complex could not be traced; the steering lock was broken.
607,105780022202500004,202500004,2025-09-01 06:10:00,1178,22,1,2,2,11,2,5007,2025-09-01 01:10:00,2025-09-01 02:10:00,2025-09-01 02:10:00,11.859447,77.08899,The complainant found the compound gate broken on returning home; a wallet with cash and cash were missing.
608,105810029202600002,202600002,2026-05-25 23:37:00,1218,29,1,2,2,10,3,5005,2026-05-25 12:37:00,2026-05-25 12:37:00,2026-05-25 17:37:00,13.011781,78.198557,a mobile phone was pulled off the complainant's neck near a park gate; the accused ran into a bylane.
609,105550051202400006,202400006,2024-11-19 15:38:00,1081,51,1,1,1,20,1,5003,2024-11-16 19:38:00,2024-11-16 19:38:00,2024-11-19 12:38:00,16.013878,74.845974,The body of a person was found near a petrol bunk during the afternoon; a case of murder is registered.
610,105730013202500006,202500006,2025-05-10 02:14:00,1013,13,1,1,2,13,1,5020,2025-05-08 11:14:00,2025-05-08 14:14:00,2025-05-09 23:14:00,12.530458,76.71257,Two persons on a bike snatched a wallet with cash near a bus stop after threatening the complainant.
611,105840009202400009,202400009,2024-12-29 18:14:00,1025,9,1,2,2,11,1,5017,2024-12-28 22:14:00,2024-12-29 01:14:00,2024-12-29 14:14:00,12.760288,77.372024,The house near a park gate was burgled via the main door lock; a laptop bag was reported stolen.
612,105670042202500003,202500003,2025-12-19 03:50:00,1101,42,1,2,2,14,2,5007,2025-12-18 17:50:00,2025-12-18 18:50:00,2025-12-19 00:50:00,14.439056,75.966903,The complainant reported theft of a gold chain from the premises near a wedding hall.
613,105710025202600001,202600001,2026-04-30 05:34:00,1064,25,1,1,3,30,2,5022,2026-04-29 23:34:00,2026-04-30 00:34:00,2026-04-30 00:34:00,13.434269,76.835529,"Near a bus stop, an unknown person outraged the modesty of the complainant around noon."
614,105690069202400003,202400003,2024-07-08 00:46:00,1086,69,1,2,2,11,1,5006,2024-07-06 11:46:00,2024-07-06 12:46:00,2024-07-07 23:46:00,13.370833,74.743986,On returning from a trip the complainant found a window grille forced and valuables gone.
615,105830006202400001,202400001,2024-05-17 23:25:00,1038,6,1,1,1,22,2,5002,2024-05-17 13:25:00,2024-05-17 13:25:00,2024-05-17 18:25:00,13.222844,77.60283,An attempt was made on the complainant's life near a bus stop using a sharp weapon.
616,105830006202500002,202500002,2025-03-05 13:59:00,1223,6,1,2,2,10,3,5005,2025-03-05 00:59:00,2025-03-05 03:59:00,2025-03-05 07:59:00,13.270917,77.588239,An unidentified person grabbed a gold chain from the complainant close to a jewellery shop and disappeared.
617,105710026202600002,202600002,2026-03-16 22:07:00,1059,26,1,1,2,13,2,5024,2026-03-16 13:07:00,2026-03-16 14:07:00,2026-03-16 20:07:00,13.403103,76.866715,The complainant was assaulted near a bus stop and a mangalsutra was taken forcibly.
618,105790055202600006,202600006,2026-04-08 07:30:00,1086,55,1,2,2,14,2,5010,2026-04-08 02:30:00,2026-04-08 03:30:00,2026-04-08 05:30:00,17.269305,76.748819,Household articles and ear studs were stolen from the complainant's house near a wedding hall.
619,105720002202400002,202400002,2024-06-18 21:55:00,1222,2,1,1,1,22,2,5024,2024-06-18 11:55:00,2024-06-18 13:55:00,2024-06-18 16:55:00,12.882428,77.634525,An attempt was made on the complainant's life near a petrol bunk using a sharp weapon.
620,105720003202600001,202600001,2026-05-08 01:37:00,1048,3,1,1,1,20,1,5010,2026-05-05 01:37:00,2026-05-05 02:37:00,2026-05-07 19:37:00,13.002061,77.684657,The deceased was found with injuries near a petrol bunk; murder is suspected.
621,105650060202400003,202400003,2024-05-15 09:56:00,1017,60,1,2,1,21,2,5002,2024-05-14 21:56:00,2024-05-14 22:56:00,2024-05-15 03:56:00,15.007263,76.602481,The complainant sustained injuries in an assault near a jewellery shop during office hours.
622,105820030202500003,202500003,2025-12-23 11:28:00,1061,30,1,2,2,10,2,5018,2025-12-23 07:28:00,2025-12-23 08:28:00,2025-12-23 11:28:00,13.49313,77.933613,An unidentified person grabbed a mobile phone from the complainant close to a petrol bunk and disappeared.
623,105620054202400003,202400003,2024-07-30 07:43:00,1233,54,1,1,2,13,1,5002,2024-07-28 09:43:00,2024-07-28 11:43:00,2024-07-30 03:43:00,15.374968,75.053643,"Near an apartment complex, unknown persons robbed the complainant of a gold chain and fled towards the market."
624,105720002202500010,202500010,2025-04-30 12:51:00,1104,2,1,2,2,12,3,5025,2025-04-30 06:51:00,2025-04-30 07:51:00,2025-04-30 08:51:00,12.863606,77.664799,The complainant's a Yamaha bike was stolen from outside a vegetable market.
625,105670042202400006,202400006,2024-11-06 07:40:00,1174,42,1,1,2,13,1,5018,2024-11-05 21:40:00,2024-11-06 00:40:00,2024-11-06 04:40:00,14.436942,75.920943,The complainant was waylaid near a hospital gate around noon and robbed of a wallet with cash at knife-point.
626,105650060202600003,202600003,2026-01-13 04:07:00,1026,60,1,2,2,11,2,5004,2026-01-12 17:07:00,2026-01-12 20:07:00,2026-01-12 23:07:00,15.007873,76.617767,The complainant found the main door lock broken on returning home; a handbag and cash were missing.
627,105830006202500003,202500003,2025-04-01 12:13:00,1151,6,1,2,2,14,2,5010,2025-04-01 01:13:00,2025-04-01 03:13:00,2025-04-01 08:13:00,13.230915,77.612006,a mangalsutra was found missing from the complainant's shop near a petrol bunk during the afternoon.
628,105770015202600003,202600003,2026-01-09 19:56:00,1061,15,1,2,4,40,1,5015,2026-01-06 19:56:00,2026-01-06 19:56:00,2026-01-09 18:56:00,12.128352,76.377669,The complainant was cheated of money near a bus stop on a false promise in the early hours.
629,105670043202500003,202500003,2025-06-20 16:52:00,1208,43,1,2,2,14,1,5020,2025-06-18 21:52:00,2025-06-18 21:52:00,2025-06-20 15:52:00,14.357797,75.96001,two gold bangles was found missing from the complainant's shop near a government office late in the evening.
630,105820032202500003,202500003,2025-09-16 23:41:00,1217,32,1,2,2,10,1,5009,2025-09-16 12:41:00,2025-09-16 12:41:00,2025-09-16 21:41:00,13.500522,77.84792,The complainant states that an unknown person snatched a wallet with cash near a school during the afternoon and fled into the residential layout.
631,105790058202500005,202500005,2025-05-25 11:33:00,1270,58,1,1,1,20,2,5014,2025-05-25 07:33:00,2025-05-25 09:33:00,2025-05-25 08:33:00,17.192203,76.883482,A murder was reported near a bus stop following a dispute during the afternoon.
632,105720002202500011,202500011,2025-01-28 18:25:00,1244,2,1,2,2,12,2,5013,2025-01-28 13:25:00,2025-01-28 16:25:00,2025-01-28 17:25:00,12.873608,77.655824,Unknown persons rode away a Bajaj Pulsar parked near a school around noon.
633,105820033202500003,202500003,2025-09-14 08:06:00,1238,33,1,1,3,30,2,5013,2025-09-14 07:06:00,2025-09-14 08:06:00,2025-09-14 08:06:00,13.6579,77.843464,"The complainant, a woman, was harassed and assaulted near a petrol bunk in the early hours."
634,105650061202400003,202400003,2024-05-16 18:37:00,1077,61,1,1,3,30,1,5002,2024-05-15 01:37:00,2024-05-15 02:37:00,2024-05-16 18:37:00,15.16317,76.472391,"Near a jewellery shop, an unknown person outraged the modesty of the complainant during the afternoon."
635,105830005202500001,202500001,2025-10-26 23:25:00,1269,5,1,1,3,30,3,5014,2025-10-26 11:25:00,2025-10-26 13:25:00,2025-10-26 19:25:00,13.122996,77.486969,"The complainant, a woman, was harassed and assaulted near a park gate during office hours."
636,105750062202500003,202500003,2025-11-08 11:20:00,1115,62,1,1,2,13,1,5014,2025-11-07 19:20:00,2025-11-07 19:20:00,2025-11-08 08:20:00,12.974279,75.177807,The complainant was waylaid near a wedding hall during the afternoon and robbed of a gold chain at knife-point.
637,105710024202600004,202600004,2026-04-12 07:54:00,1273,24,1,2,2,14,1,5014,2026-04-09 09:54:00,2026-04-09 10:54:00,2026-04-12 04:54:00,13.294277,76.950283,Household articles and a wallet with cash were stolen from the complainant's house near a temple.
638,105660046202400007,202400007,2024-04-01 20:44:00,1181,46,1,1,3,30,2,5017,2024-04-01 15:44:00,2024-04-01 15:44:00,2024-04-01 20:44:00,14.117839,76.524633,"The complainant, a woman, was harassed and assaulted near a school around noon."
639,105750063202600002,202600002,2026-04-20 21:00:00,1127,63,1,2,2,10,2,5020,2026-04-20 15:00:00,2026-04-20 16:00:00,2026-04-20 17:00:00,12.830819,75.263885,The complainant states that two youths snatched a mobile phone near a jewellery shop late in the evening and fled into the residential layout.
640,105780021202500008,202500008,2025-09-15 04:21:00,1028,21,1,1,1,20,2,5007,2025-09-14 22:21:00,2025-09-15 01:21:00,2025-09-15 02:21:00,11.958968,77.157916,The deceased was found with injuries near a park gate; murder is suspected.
641,105730012202500007,202500007,2025-07-10 07:52:00,1141,12,1,2,4,40,1,5018,2025-07-07 23:52:00,2025-07-08 01:52:00,2025-07-10 04:52:00,12.552971,76.750466,An unknown person defrauded the complainant of cash promising a mangalsutra at night.
642,105780019202400004,202400004,2024-01-21 06:14:00,1029,19,1,2,2,12,1,5018,2024-01-19 10:14:00,2024-01-19 11:14:00,2024-01-21 03:14:00,12.086938,77.212591,Unknown persons rode away a Hero Splendor parked near a jewellery shop late in the evening.
643,105550050202500003,202500003,2025-02-21 11:55:00,1066,50,1,1,1,22,2,5012,2025-02-21 04:55:00,2025-02-21 07:55:00,2025-02-21 11:55:00,16.197063,74.813516,The complainant was attacked with a weapon near a park gate in the early hours and grievously injured.
644,105550048202400007,202400007,2024-02-15 11:46:00,1060,48,1,2,2,10,3,5006,2024-02-15 04:46:00,2024-02-15 04:46:00,2024-02-15 05:46:00,15.98356,74.84953,The complainant states that two youths snatched a handbag near a hospital gate at dusk and fled towards the bus stand.
645,105710024202500008,202500008,2025-02-06 19:03:00,1070,24,1,2,2,11,1,5002,2025-02-05 01:03:00,2025-02-05 03:03:00,2025-02-06 13:03:00,13.309138,76.943105,On returning from a trip the complainant found the main door lock forced and valuables gone.
646,105680037202600003,202600003,2026-06-26 21:48:00,1208,37,1,1,2,13,2,5013,2026-06-26 09:48:00,2026-06-26 09:48:00,2026-06-26 17:48:00,14.010181,75.328952,"Near a school, unknown persons robbed the complainant of two gold bangles and fled towards the bus stand."
647,105840009202500006,202500006,2025-01-10 02:23:00,1027,9,1,1,1,20,2,5012,2025-01-09 16:23:00,2025-01-09 19:23:00,2025-01-09 23:23:00,12.770435,77.373015,The deceased was found with injuries near a park gate; murder is suspected.
648,105810028202400002,202400002,2024-04-10 07:51:00,1207,28,1,1,1,20,2,5019,2024-04-09 21:51:00,2024-04-09 22:51:00,2024-04-10 04:51:00,13.233405,78.178876,The deceased was found with injuries near a wedding hall; murder is suspected.
649,105750062202600002,202600002,2026-05-18 02:51:00,1111,62,1,1,2,13,1,5007,2026-05-17 15:51:00,2026-05-17 16:51:00,2026-05-17 22:51:00,12.936437,75.186162,The complainant was assaulted near a hospital gate and a gold chain was taken forcibly.
650,105670042202400007,202400007,2024-09-02 09:52:00,1072,42,1,2,2,12,2,5002,2024-09-02 05:52:00,2024-09-02 06:52:00,2024-09-02 08:52:00,14.444269,75.96918,Unknown persons rode away a TVS scooter parked near a wedding hall around noon.
651,105680039202500005,202500005,2025-05-22 13:04:00,1064,39,1,1,2,13,1,5013,2025-05-21 21:04:00,2025-05-21 21:04:00,2025-05-22 11:04:00,14.125552,75.318768,Two persons on a bike snatched a gold chain near a school after threatening the complainant.
652,105780020202400006,202400006,2024-07-08 05:40:00,1017,20,1,1,2,13,1,5013,2024-07-07 13:40:00,2024-07-07 16:40:00,2024-07-08 02:40:00,12.068058,77.071404,Two persons on a bike snatched ear studs near a wedding hall after threatening the complainant.
653,105750065202600002,202600002,2026-03-27 08:08:00,1222,65,1,2,4,40,1,5016,2026-03-26 09:08:00,2026-03-26 11:08:00,2026-03-27 05:08:00,12.885079,75.323292,The complainant was cheated of money near a government office on a false promise late in the evening.
654,105660046202500005,202500005,2025-10-14 11:56:00,1111,46,1,1,3,30,1,5019,2025-10-11 12:56:00,2025-10-11 15:56:00,2025-10-14 06:56:00,14.11671,76.5265,"Near a wedding hall, an unknown person outraged the modesty of the complainant late in the evening."
655,105780019202600003,202600003,2026-04-25 17:49:00,1273,19,1,1,2,13,1,5021,2026-04-23 13:49:00,2026-04-23 13:49:00,2026-04-25 17:49:00,12.051199,77.164493,The complainant was assaulted near a park gate and two gold bangles was taken forcibly.
656,105780021202400005,202400005,2024-05-20 15:52:00,1251,21,1,2,1,21,3,5003,2024-05-20 06:52:00,2024-05-20 07:52:00,2024-05-20 12:52:00,11.958626,77.194778,The complainant was assaulted with a stick near a bus stop and injured.
657,105550048202500004,202500004,2025-02-16 03:29:00,1123,48,1,2,2,14,1,5001,2025-02-14 09:29:00,2025-02-14 12:29:00,2025-02-15 23:29:00,16.017082,74.870111,Household articles and a gold chain were stolen from the complainant's house near a vegetable market.
658,105730013202500007,202500007,2025-03-06 09:22:00,1252,13,1,2,2,10,1,5012,2025-03-04 10:22:00,2025-03-04 10:22:00,2025-03-06 07:22:00,12.569381,76.679736,An unidentified person grabbed a handbag from the complainant close to a wedding hall and disappeared.
659,105690068202600001,202600001,2026-05-27 04:18:00,1133,68,1,2,1,21,1,5003,2026-05-26 04:18:00,2026-05-26 07:18:00,2026-05-27 03:18:00,13.478563,74.844691,A quarrel near a jewellery shop led to the complainant being beaten and hurt.
660,105790058202400008,202400008,2024-01-21 10:26:00,1024,58,1,2,2,11,2,5018,2024-01-21 07:26:00,2024-01-21 08:26:00,2024-01-21 10:26:00,17.215848,76.875633,The house near an apartment complex was burgled via the compound gate; two gold bangles was reported stolen.
661,105550050202500004,202500004,2025-09-16 17:33:00,1164,50,1,1,1,20,2,5016,2025-09-16 08:33:00,2025-09-16 09:33:00,2025-09-16 13:33:00,16.211092,74.796294,The deceased was found with injuries near a petrol bunk; murder is suspected.
662,105670043202500004,202500004,2025-06-20 01:39:00,1223,43,1,2,2,12,1,5015,2025-06-17 08:39:00,2025-06-17 10:39:00,2025-06-19 20:39:00,14.345929,75.954716,a TVS scooter parked near a temple was found missing during the afternoon.
663,105670041202600004,202600004,2026-03-18 00:33:00,1192,41,1,2,2,12,1,5023,2026-03-16 20:33:00,2026-03-16 22:33:00,2026-03-17 21:33:00,14.403006,75.935714,a Bajaj Pulsar left near an apartment complex could not be traced; the steering lock was broken.
664,105810028202500003,202500003,2025-11-04 21:58:00,1159,28,1,2,4,40,1,5014,2025-11-03 20:58:00,2025-11-03 20:58:00,2025-11-04 18:58:00,13.22494,78.171974,An unknown person defrauded the complainant of cash promising a mangalsutra during the afternoon.
665,105840008202400004,202400004,2024-02-07 14:52:00,1238,8,1,2,4,40,1,5015,2024-02-06 22:52:00,2024-02-07 00:52:00,2024-02-07 09:52:00,12.776077,77.204894,An unknown person defrauded the complainant of cash promising a wallet with cash during office hours.
666,105810027202500003,202500003,2025-04-19 02:04:00,1199,27,1,1,1,22,2,5006,2025-04-18 16:04:00,2025-04-18 19:04:00,2025-04-18 22:04:00,13.212861,78.31571,The complainant was attacked with a weapon near a vegetable market at dusk and grievously injured.
667,105770015202500003,202500003,2025-10-09 03:38:00,1013,15,1,2,2,12,2,5021,2025-10-08 21:38:00,2025-10-09 00:38:00,2025-10-08 23:38:00,12.123933,76.412192,a Royal Enfield left near a bank ATM could not be traced; the steering lock was broken.
668,105820030202400006,202400006,2024-08-17 20:57:00,1211,30,1,1,3,30,1,5017,2024-08-17 08:57:00,2024-08-17 09:57:00,2024-08-17 17:57:00,13.473535,77.932967,"Near a temple, an unknown person outraged the modesty of the complainant during the afternoon."
669,105670043202400006,202400006,2024-12-16 08:02:00,1134,43,1,1,1,20,1,5002,2024-12-14 20:02:00,2024-12-14 22:02:00,2024-12-16 04:02:00,14.33477,75.986904,The deceased was found with injuries near an apartment complex; murder is suspected.
670,105710026202500002,202500002,2025-02-15 05:28:00,1072,26,1,2,2,10,2,5008,2025-02-14 17:28:00,2025-02-14 19:28:00,2025-02-15 01:28:00,13.413327,76.820893,An unidentified person grabbed a mangalsutra from the complainant close to a hospital gate and disappeared.
671,105840009202500007,202500007,2025-03-20 11:08:00,1082,9,1,2,2,10,1,5020,2025-03-18 06:08:00,2025-03-18 07:08:00,2025-03-20 07:08:00,12.778591,77.376016,An unidentified person grabbed ear studs from the complainant close to a park gate and disappeared.
672,105780021202600001,202600001,2026-04-21 15:14:00,1238,21,1,2,2,14,2,5007,2026-04-21 07:14:00,2026-04-21 09:14:00,2026-04-21 11:14:00,11.94169,77.173331,a laptop bag was found missing from the complainant's shop near a school during office hours.
673,105770015202500004,202500004,2025-03-10 09:28:00,1050,15,1,2,4,40,2,5008,2025-03-10 02:28:00,2025-03-10 04:28:00,2025-03-10 04:28:00,12.12796,76.380464,The complainant was cheated of money near an apartment complex on a false promise in the early hours.
674,105680037202500010,202500010,2025-11-12 23:15:00,1193,37,1,2,1,21,1,5015,2025-11-11 20:15:00,2025-11-11 23:15:00,2025-11-12 23:15:00,14.013949,75.321374,The complainant sustained injuries in an assault near a government office in the early hours.
675,105770018202600004,202600004,2026-03-24 15:08:00,1008,18,1,2,2,10,1,5004,2026-03-23 04:08:00,2026-03-23 07:08:00,2026-03-24 12:08:00,12.104986,76.488635,"While walking near a government office, a gold chain was snatched from the complainant by a passer-by who escaped into the lake-bed area."
676,105820032202600003,202600003,2026-03-06 17:04:00,1065,32,1,1,2,13,2,5013,2026-03-06 11:04:00,2026-03-06 12:04:00,2026-03-06 13:04:00,13.502254,77.835393,"Near a petrol bunk, unknown persons robbed the complainant of a handbag and fled towards the market."
677,105670042202400008,202400008,2024-01-05 23:47:00,1117,42,1,1,3,30,1,5019,2024-01-03 05:47:00,2024-01-03 05:47:00,2024-01-05 22:47:00,14.411847,75.971768,"Near an apartment complex, an unknown person outraged the modesty of the complainant late in the evening."
678,105710026202400005,202400005,2024-06-01 14:05:00,1124,26,1,2,4,40,2,5015,2024-06-01 11:05:00,2024-06-01 14:05:00,2024-06-01 12:05:00,13.38738,76.837021,An unknown person defrauded the complainant of cash promising ear studs in the early hours.
679,105820033202400004,202400004,2024-08-22 15:30:00,1268,33,1,2,2,11,3,5011,2024-08-22 13:30:00,2024-08-22 16:30:00,2024-08-22 15:30:00,13.677432,77.864807,Unknown persons entered through the roof ventilator in the early hours and took gold ornaments and cash.
680,105710026202400006,202400006,2024-01-13 18:02:00,1086,26,1,2,2,12,2,5010,2024-01-13 12:02:00,2024-01-13 12:02:00,2024-01-13 13:02:00,13.406128,76.867544,The complainant's a Royal Enfield was stolen from outside a school.
681,105690067202400003,202400003,2024-05-25 06:08:00,1014,67,1,1,2,13,1,5004,2024-05-24 04:08:00,2024-05-24 04:08:00,2024-05-25 06:08:00,13.428667,74.957797,The complainant was assaulted near a hospital gate and a gold chain was taken forcibly.
682,105690067202500004,202500004,2025-01-22 07:50:00,1152,67,1,2,2,12,2,5025,2025-01-22 03:50:00,2025-01-22 05:50:00,2025-01-22 06:50:00,13.424578,74.979443,The complainant's a TVS scooter was stolen from outside an apartment complex.
683,105650059202500007,202500007,2025-10-16 01:30:00,1090,59,1,2,1,21,1,5013,2025-10-13 21:30:00,2025-10-14 00:30:00,2025-10-15 22:30:00,15.030247,76.505565,The complainant sustained injuries in an assault near a wedding hall at night.
684,105650061202600004,202600004,2026-03-12 17:14:00,1208,61,1,2,2,14,2,5005,2026-03-12 11:14:00,2026-03-12 13:14:00,2026-03-12 15:14:00,15.155903,76.449048,Household articles and a wallet with cash were stolen from the complainant's house near a petrol bunk.
685,105810029202400006,202400006,2024-11-29 22:13:00,1075,29,1,1,3,30,1,5010,2024-11-27 08:13:00,2024-11-27 11:13:00,2024-11-29 16:13:00,13.00308,78.187253,"Near a petrol bunk, an unknown person outraged the modesty of the complainant during the afternoon."
686,105820032202400003,202400003,2024-01-24 19:51:00,1246,32,1,2,2,10,2,5018,2024-01-24 15:51:00,2024-01-24 15:51:00,2024-01-24 17:51:00,13.511408,77.831433,"While walking near a bus stop, a gold chain was snatched from the complainant by a passer-by who escaped towards the market."
687,105550051202400007,202400007,2024-07-07 20:41:00,1071,51,1,1,1,22,2,5024,2024-07-07 10:41:00,2024-07-07 12:41:00,2024-07-07 14:41:00,16.006814,74.830205,The complainant was attacked with a weapon near a jewellery shop late in the evening and grievously injured.
688,105620053202500008,202500008,2025-11-30 05:14:00,1205,53,1,2,2,10,2,5025,2025-11-29 17:14:00,2025-11-29 18:14:00,2025-11-29 23:14:00,15.415252,75.192322,"While walking near a petrol bunk, a mangalsutra was snatched from the complainant by a passer-by who escaped into a bylane."
689,105730013202400003,202400003,2024-10-15 02:52:00,1046,13,1,1,3,30,3,5004,2024-10-15 01:52:00,2024-10-15 04:52:00,2024-10-15 02:52:00,12.583924,76.712751,"Near a wedding hall, an unknown person outraged the modesty of the complainant at dusk."
690,105770016202600003,202600003,2026-05-15 11:16:00,1049,16,1,2,2,12,3,5016,2026-05-15 06:16:00,2026-05-15 06:16:00,2026-05-15 08:16:00,12.213557,76.534091,a Bajaj Pulsar left near a park gate could not be traced; the steering lock was broken.
691,105770018202400005,202400005,2024-11-08 10:42:00,1038,18,1,2,2,10,1,5025,2024-11-06 14:42:00,2024-11-06 15:42:00,2024-11-08 08:42:00,12.083896,76.480678,"While walking near a bank ATM, a mangalsutra was snatched from the complainant by a passer-by who escaped towards the ring road."
692,105750064202400004,202400004,2024-11-06 21:07:00,1121,64,1,2,2,10,1,5003,2024-11-04 19:07:00,2024-11-04 21:07:00,2024-11-06 19:07:00,12.971666,75.344707,An unidentified person grabbed a wallet with cash from the complainant close to an apartment complex and disappeared.
693,105670044202400009,202400009,2024-06-22 05:11:00,1238,44,1,1,1,20,1,5019,2024-06-20 10:11:00,2024-06-20 12:11:00,2024-06-22 02:11:00,14.527423,75.971968,The deceased was found with injuries near a bus stop; murder is suspected.
694,105790056202500005,202500005,2025-04-10 05:42:00,1199,56,1,1,1,20,1,5013,2025-04-07 11:42:00,2025-04-07 12:42:00,2025-04-10 00:42:00,17.24078,76.983318,The body of a person was found near a bus stop at night; a case of murder is registered.
695,105770015202600004,202600004,2026-05-09 00:00:00,1210,15,1,2,2,14,1,5014,2026-05-08 07:00:00,2026-05-08 07:00:00,2026-05-09 00:00:00,12.078118,76.401553,a handbag kept at the workplace near a temple was stolen at night.
696,105660045202600003,202600003,2026-06-11 02:10:00,1079,45,1,2,2,11,2,5017,2026-06-10 21:10:00,2026-06-10 22:10:00,2026-06-10 22:10:00,14.197773,76.514878,Unknown persons entered through a window grille during the afternoon and took gold ornaments and cash.
697,105710025202400003,202400003,2024-11-23 02:59:00,1237,25,1,1,1,20,2,5017,2024-11-22 14:59:00,2024-11-22 15:59:00,2024-11-22 22:59:00,13.462627,76.847583,A murder was reported near a jewellery shop following a dispute in the early hours.
698,105730013202500008,202500008,2025-11-02 11:18:00,1114,13,1,1,3,30,2,5001,2025-11-02 08:18:00,2025-11-02 11:18:00,2025-11-02 11:18:00,12.562779,76.698676,"Near a bus stop, an unknown person outraged the modesty of the complainant at dusk."
699,105620052202500007,202500007,2025-09-02 23:00:00,1000,52,1,1,2,13,2,5014,2025-09-02 18:00:00,2025-09-02 21:00:00,2025-09-02 19:00:00,15.321655,75.197997,The complainant was assaulted near a school and a laptop bag was taken forcibly.
700,105730011202500005,202500005,2025-02-12 15:09:00,1143,11,1,2,2,10,2,5007,2025-02-12 10:09:00,2025-02-12 13:09:00,2025-02-12 13:09:00,12.498527,76.740213,The complainant states that an unknown person snatched a handbag near a bank ATM late in the evening and fled towards the market.
701,105820031202600002,202600002,2026-01-31 09:57:00,1203,31,1,2,2,12,2,5020,2026-01-31 04:57:00,2026-01-31 04:57:00,2026-01-31 09:57:00,13.607532,77.879019,The complainant's a Honda Activa was stolen from outside a bank ATM.
702,105810029202500005,202500005,2025-11-06 06:39:00,1071,29,1,1,2,13,1,5020,2025-11-03 04:39:00,2025-11-03 07:39:00,2025-11-06 03:39:00,13.010586,78.160181,The complainant was assaulted near a school and two gold bangles was taken forcibly.
703,105650060202500007,202500007,2025-07-08 09:57:00,1181,60,1,2,1,21,2,5025,2025-07-08 05:57:00,2025-07-08 05:57:00,2025-07-08 06:57:00,14.989488,76.573517,The complainant was assaulted with a stick near a hospital gate and injured.
704,105820031202500004,202500004,2025-10-20 09:13:00,1220,31,1,2,4,40,2,5004,2025-10-20 07:13:00,2025-10-20 10:13:00,2025-10-20 08:13:00,13.606847,77.897381,The complainant was cheated of money near a temple on a false promise in the early hours.
705,105810028202400003,202400003,2024-05-20 08:14:00,1125,28,1,1,1,20,2,5015,2024-05-19 23:14:00,2024-05-19 23:14:00,2024-05-20 06:14:00,13.202006,78.139948,The deceased was found with injuries near a bank ATM; murder is suspected.
706,105840009202400010,202400010,2024-05-08 02:50:00,1058,9,1,2,1,21,3,5013,2024-05-08 00:50:00,2024-05-08 03:50:00,2024-05-08 01:50:00,12.72982,77.358208,The complainant was assaulted with a stick near a temple and injured.
707,105660046202500006,202500006,2025-08-24 23:04:00,1159,46,1,1,3,30,1,5007,2025-08-22 04:04:00,2025-08-22 04:04:00,2025-08-24 23:04:00,14.086526,76.570979,"Near a school, an unknown person outraged the modesty of the complainant around noon."
708,105750065202600003,202600003,2026-05-24 10:24:00,1174,65,1,1,1,20,1,5007,2026-05-21 12:24:00,2026-05-21 13:24:00,2026-05-24 07:24:00,12.889414,75.287063,The body of a person was found near an apartment complex at dusk; a case of murder is registered.
709,105810029202600003,202600003,2026-06-14 11:04:00,1197,29,1,1,1,22,1,5020,2026-06-11 11:04:00,2026-06-11 14:04:00,2026-06-14 05:04:00,13.01893,78.166944,An attempt was made on the complainant's life near a park gate using a sharp weapon.
710,105670041202400006,202400006,2024-01-07 02:37:00,1213,41,1,2,2,12,2,5023,2024-01-06 13:37:00,2024-01-06 16:37:00,2024-01-06 20:37:00,14.40872,75.923983,Unknown persons rode away a Royal Enfield parked near a bank ATM during the afternoon.
711,105550048202400008,202400008,2024-01-06 23:09:00,1237,48,1,2,1,21,1,5005,2024-01-05 05:09:00,2024-01-05 07:09:00,2024-01-06 21:09:00,16.028927,74.890284,A quarrel near a government office led to the complainant being beaten and hurt.
712,105780019202600004,202600004,2026-03-03 14:12:00,1227,19,1,1,3,30,2,5001,2026-03-03 07:12:00,2026-03-03 10:12:00,2026-03-03 09:12:00,12.098705,77.18437,"The complainant, a woman, was harassed and assaulted near a government office late in the evening."
713,105770017202500001,202500001,2025-02-01 20:49:00,1207,17,1,2,2,14,1,5016,2025-02-01 08:49:00,2025-02-01 08:49:00,2025-02-01 14:49:00,12.176363,76.395359,The complainant reported theft of a mobile phone from the premises near an apartment complex.
714,105740036202500008,202500008,2025-08-05 04:53:00,1000,36,1,2,1,21,2,5003,2025-08-04 22:53:00,2025-08-04 22:53:00,2025-08-05 04:53:00,13.035193,76.232724,The complainant sustained injuries in an assault near a bank ATM at dusk.
715,105660045202500006,202500006,2025-02-19 21:57:00,1234,45,1,2,2,11,3,5011,2025-02-19 12:57:00,2025-02-19 14:57:00,2025-02-19 17:57:00,14.219854,76.523912,The complainant found a window grille broken on returning home; a mobile phone and cash were missing.
716,105780020202600002,202600002,2026-06-29 09:50:00,1264,20,1,2,2,10,1,5014,2026-06-28 14:50:00,2026-06-28 14:50:00,2026-06-29 07:50:00,12.045813,77.064386,The complainant states that a passer-by snatched a mobile phone near a bank ATM around noon and fled towards the bus stand.
717,105830004202400005,202400005,2024-12-07 00:13:00,1122,4,1,1,1,20,2,5008,2024-12-06 17:13:00,2024-12-06 18:13:00,2024-12-06 20:13:00,13.239895,77.454613,The deceased was found with injuries near a petrol bunk; murder is suspected.
718,105750063202500003,202500003,2025-09-12 11:00:00,1113,63,1,2,1,21,1,5009,2025-09-11 06:00:00,2025-09-11 08:00:00,2025-09-12 08:00:00,12.859479,75.288583,The complainant sustained injuries in an assault near a park gate during the afternoon.
719,105720001202500010,202500010,2025-07-03 08:59:00,1059,1,1,1,2,13,2,5004,2025-07-02 18:59:00,2025-07-02 20:59:00,2025-07-03 02:59:00,12.83531,77.53926,The complainant was waylaid near a government office at night and robbed of ear studs at knife-point.
720,105740036202400002,202400002,2024-05-26 22:18:00,1218,36,1,2,2,12,1,5004,2024-05-24 06:18:00,2024-05-24 09:18:00,2024-05-26 22:18:00,13.031144,76.22463,Unknown persons rode away a TVS scooter parked near an apartment complex around noon.
721,105550049202500005,202500005,2025-06-20 13:12:00,1186,49,1,2,4,40,2,5007,2025-06-20 07:12:00,2025-06-20 10:12:00,2025-06-20 12:12:00,16.201708,74.929645,An unknown person defrauded the complainant of cash promising a gold chain during the afternoon.
722,105670043202500005,202500005,2025-05-20 03:37:00,1205,43,1,2,2,11,2,5012,2025-05-19 20:37:00,2025-05-19 21:37:00,2025-05-20 03:37:00,14.320183,75.939536,The house near a petrol bunk was burgled via the rear door; a mangalsutra was reported stolen.
723,105730014202400003,202400003,2024-10-18 04:25:00,1011,14,1,2,2,12,2,5007,2024-10-17 18:25:00,2024-10-17 18:25:00,2024-10-17 23:25:00,12.620967,76.726497,a Bajaj Pulsar parked near a vegetable market was found missing around noon.
724,105780019202400005,202400005,2024-01-24 18:25:00,1058,19,1,2,2,10,1,5013,2024-01-22 17:25:00,2024-01-22 18:25:00,2024-01-24 16:25:00,12.055861,77.16367,The complainant states that a passer-by snatched a handbag near a bank ATM at dusk and fled towards the market.
725,105830005202500002,202500002,2025-08-29 01:33:00,1118,5,1,2,2,10,1,5011,2025-08-26 01:33:00,2025-08-26 03:33:00,2025-08-29 01:33:00,13.108896,77.519561,"While walking near a government office, ear studs was snatched from the complainant by a passer-by who escaped into the residential layout."
726,105730012202400005,202400005,2024-09-05 17:25:00,1155,12,1,2,1,21,2,5025,2024-09-05 13:25:00,2024-09-05 16:25:00,2024-09-05 15:25:00,12.598138,76.782262,The complainant was assaulted with a stick near an apartment complex and injured.
727,105790056202500006,202500006,2025-05-24 14:38:00,1208,56,1,2,4,40,2,5024,2025-05-24 06:38:00,2025-05-24 08:38:00,2025-05-24 09:38:00,17.222646,76.969944,An unknown person defrauded the complainant of cash promising a mangalsutra during office hours.
728,105790056202500007,202500007,2025-07-14 09:57:00,1217,56,1,1,2,13,1,5014,2025-07-11 16:57:00,2025-07-11 19:57:00,2025-07-14 06:57:00,17.207629,76.965512,The complainant was assaulted near a petrol bunk and a mangalsutra was taken forcibly.
729,105690069202500003,202500003,2025-09-15 11:29:00,1253,69,1,2,4,40,2,5013,2025-09-15 00:29:00,2025-09-15 02:29:00,2025-09-15 08:29:00,13.341204,74.757911,The complainant was cheated of money near a school on a false promise at dusk.
730,105660046202600004,202600004,2026-06-09 20:22:00,1094,46,1,2,2,12,1,5009,2026-06-07 12:22:00,2026-06-07 14:22:00,2026-06-09 14:22:00,14.084153,76.563335,Unknown persons rode away a TVS scooter parked near a petrol bunk in the early hours.
731,105730014202600002,202600002,2026-01-18 13:21:00,1076,14,1,2,2,11,1,5006,2026-01-18 04:21:00,2026-01-18 05:21:00,2026-01-18 10:21:00,12.610756,76.713802,The complainant found the rear door broken on returning home; a handbag and cash were missing.
732,105720003202400003,202400003,2024-05-19 15:50:00,1147,3,1,1,2,13,2,5001,2024-05-19 08:50:00,2024-05-19 10:50:00,2024-05-19 14:50:00,12.991382,77.707579,"Near a government office, unknown persons robbed the complainant of a handbag and fled towards the ring road."
733,105740036202500009,202500009,2025-01-26 17:27:00,1180,36,1,2,2,11,1,5021,2025-01-24 20:27:00,2025-01-24 23:27:00,2025-01-26 13:27:00,13.030186,76.188295,On returning from a trip the complainant found the kitchen door forced and valuables gone.
734,105650061202500003,202500003,2025-01-08 23:30:00,1220,61,1,1,1,22,2,5020,2025-01-08 16:30:00,2025-01-08 18:30:00,2025-01-08 21:30:00,15.158031,76.472738,An attempt was made on the complainant's life near a hospital gate using a sharp weapon.
735,105740036202400003,202400003,2024-06-26 03:48:00,1002,36,1,1,2,13,2,5008,2024-06-25 19:48:00,2024-06-25 19:48:00,2024-06-26 01:48:00,13.023797,76.229902,The complainant was waylaid near a government office around noon and robbed of ear studs at knife-point.
736,105840009202400011,202400011,2024-05-22 17:38:00,1014,9,1,1,2,13,2,5009,2024-05-22 14:38:00,2024-05-22 15:38:00,2024-05-22 16:38:00,12.736237,77.375209,Two persons on a bike snatched ear studs near a park gate after threatening the complainant.
737,105690068202400003,202400003,2024-07-17 08:45:00,1041,68,1,1,2,13,1,5019,2024-07-16 17:45:00,2024-07-16 18:45:00,2024-07-17 02:45:00,13.461275,74.847528,The complainant was assaulted near an apartment complex and a laptop bag was taken forcibly.
738,105770018202500004,202500004,2025-05-01 08:34:00,1243,18,1,2,1,21,1,5012,2025-04-30 05:34:00,2025-04-30 08:34:00,2025-05-01 02:34:00,12.080905,76.470651,A quarrel near a jewellery shop led to the complainant being beaten and hurt.
739,105550051202400008,202400008,2024-06-13 14:37:00,1223,51,1,1,1,22,1,5024,2024-06-12 00:37:00,2024-06-12 03:37:00,2024-06-13 10:37:00,16.031202,74.880661,The complainant was attacked with a weapon near a petrol bunk during the afternoon and grievously injured.
740,105710023202600004,202600004,2026-02-17 18:17:00,1205,23,1,2,2,11,1,5010,2026-02-17 06:17:00,2026-02-17 08:17:00,2026-02-17 17:17:00,13.466195,76.965906,The complainant found the kitchen door broken on returning home; a laptop bag and cash were missing.
741,105840009202400012,202400012,2024-04-23 04:21:00,1115,9,1,2,2,12,2,5003,2024-04-22 22:21:00,2024-04-22 22:21:00,2024-04-23 03:21:00,12.74805,77.390955,a Yamaha bike parked near a park gate was found missing in the early hours.
742,105690066202400003,202400003,2024-04-25 13:09:00,1038,66,1,2,2,12,1,5011,2024-04-24 13:09:00,2024-04-24 16:09:00,2024-04-25 13:09:00,13.44808,74.909476,a Yamaha bike parked near a wedding hall was found missing during the afternoon.
743,105660045202600004,202600004,2026-05-21 06:47:00,1193,45,1,2,2,14,1,5024,2026-05-20 19:47:00,2026-05-20 20:47:00,2026-05-21 00:47:00,14.240402,76.495626,a mobile phone was found missing from the complainant's shop near a jewellery shop late in the evening.
744,105740035202400002,202400002,2024-01-11 18:49:00,1074,35,1,2,2,10,1,5008,2024-01-09 19:49:00,2024-01-09 22:49:00,2024-01-11 13:49:00,12.984256,76.064817,"While walking near a wedding hall, a handbag was snatched from the complainant by a passer-by who escaped towards the flyover."
745,105730013202400004,202400004,2024-09-06 12:17:00,1100,13,1,1,1,20,2,5022,2024-09-06 07:17:00,2024-09-06 07:17:00,2024-09-06 10:17:00,12.572051,76.668657,The body of a person was found near a temple in the early hours; a case of murder is registered.
746,105750062202400005,202400005,2024-07-07 09:02:00,1137,62,1,2,1,21,2,5018,2024-07-07 01:02:00,2024-07-07 03:02:00,2024-07-07 09:02:00,12.942249,75.182852,The complainant sustained injuries in an assault near a bank ATM at night.
747,105660047202500007,202500007,2025-03-07 05:30:00,1059,47,1,2,2,14,2,5023,2025-03-06 19:30:00,2025-03-06 22:30:00,2025-03-07 02:30:00,14.048968,76.497095,a laptop bag kept at the workplace near a hospital gate was stolen during the afternoon.
748,105710026202500003,202500003,2025-07-13 20:30:00,1195,26,1,2,2,11,1,5006,2025-07-11 16:30:00,2025-07-11 19:30:00,2025-07-13 20:30:00,13.404658,76.864935,The complainant found the kitchen door broken on returning home; two gold bangles and cash were missing.
749,105550048202400009,202400009,2024-07-09 17:32:00,1198,48,1,2,2,11,2,5019,2024-07-09 09:32:00,2024-07-09 12:32:00,2024-07-09 14:32:00,15.989371,74.879221,On returning from a trip the complainant found the roof ventilator forced and valuables gone.
750,105710024202600005,202600005,2026-02-04 19:49:00,1193,24,1,1,1,20,1,5024,2026-02-03 04:49:00,2026-02-03 05:49:00,2026-02-04 19:49:00,13.295358,76.921148,A murder was reported near a petrol bunk following a dispute late in the evening.
751,105690069202400004,202400004,2024-04-27 00:44:00,1029,69,1,2,2,11,3,5011,2024-04-26 14:44:00,2024-04-26 15:44:00,2024-04-26 22:44:00,13.366964,74.765476,On returning from a trip the complainant found the main door lock forced and valuables gone.
752,105840010202500002,202500002,2025-05-20 11:40:00,1180,10,1,2,1,21,1,5015,2025-05-19 06:40:00,2025-05-19 07:40:00,2025-05-20 07:40:00,12.63782,77.28112,The complainant was assaulted with a stick near a petrol bunk and injured.
753,105690068202600002,202600002,2026-05-24 02:45:00,1178,68,1,1,2,13,3,5007,2026-05-23 22:45:00,2026-05-23 23:45:00,2026-05-23 23:45:00,13.429669,74.852463,The complainant was waylaid near a bank ATM at night and robbed of two gold bangles at knife-point.
754,105660046202600005,202600005,2026-02-06 12:23:00,1111,46,1,2,2,12,3,5020,2026-02-06 09:23:00,2026-02-06 10:23:00,2026-02-06 11:23:00,14.110448,76.536938,a TVS scooter left near a petrol bunk could not be traced; the steering lock was broken.
755,105770016202500005,202500005,2025-12-14 00:25:00,1026,16,1,2,2,10,2,5020,2025-12-13 17:25:00,2025-12-13 18:25:00,2025-12-13 23:25:00,12.215503,76.528785,a wallet with cash was pulled off the complainant's neck near a government office; the accused ran into the residential layout.
756,105750062202500004,202500004,2025-10-15 23:21:00,1244,62,1,1,1,22,1,5023,2025-10-13 06:21:00,2025-10-13 07:21:00,2025-10-15 22:21:00,12.970902,75.183999,The complainant was attacked with a weapon near a bank ATM during the afternoon and grievously injured.
757,105690068202600003,202600003,2026-06-21 18:14:00,1158,68,1,2,4,40,1,5010,2026-06-19 23:14:00,2026-06-20 01:14:00,2026-06-21 18:14:00,13.430706,74.825654,The complainant was cheated of money near a park gate on a false promise around noon.
758,105620053202400007,202400007,2024-12-26 07:57:00,1158,53,1,1,1,22,1,5016,2024-12-25 22:57:00,2024-12-26 00:57:00,2024-12-26 03:57:00,15.417013,75.20777,The complainant was attacked with a weapon near a school around noon and grievously injured.
759,105690066202600004,202600004,2026-04-25 13:24:00,1018,66,1,2,2,10,1,5021,2026-04-24 05:24:00,2026-04-24 06:24:00,2026-04-25 08:24:00,13.447132,74.95411,The complainant states that an unknown person snatched a mobile phone near a school at dusk and fled into the residential layout.
760,105730012202500008,202500008,2025-08-07 04:05:00,1076,12,1,2,1,21,1,5010,2025-08-05 08:05:00,2025-08-05 08:05:00,2025-08-07 03:05:00,12.563782,76.768205,The complainant was assaulted with a stick near a temple and injured.
761,105730014202600003,202600003,2026-01-25 21:24:00,1196,14,1,1,1,20,2,5020,2026-01-25 16:24:00,2026-01-25 17:24:00,2026-01-25 19:24:00,12.586007,76.711479,A murder was reported near a school following a dispute at night.
762,105790055202400002,202400002,2024-10-17 14:13:00,1174,55,1,2,1,21,2,5009,2024-10-17 10:13:00,2024-10-17 11:13:00,2024-10-17 14:13:00,17.229723,76.781863,The complainant sustained injuries in an assault near a jewellery shop around noon.
763,105720003202600002,202600002,2026-06-13 00:37:00,1229,3,1,1,1,22,2,5004,2026-06-12 13:37:00,2026-06-12 15:37:00,2026-06-12 18:37:00,13.020292,77.702972,An attempt was made on the complainant's life near a temple using a sharp weapon.
764,105710024202400009,202400009,2024-07-28 21:44:00,1209,24,1,2,4,40,2,5014,2024-07-28 09:44:00,2024-07-28 10:44:00,2024-07-28 15:44:00,13.347297,76.944038,An unknown person defrauded the complainant of cash promising a handbag in the early hours.
765,105690069202400005,202400005,2024-11-28 07:31:00,1026,69,1,1,2,13,2,5022,2024-11-27 22:31:00,2024-11-28 01:31:00,2024-11-28 03:31:00,13.346736,74.783467,Two persons on a bike snatched a wallet with cash near an apartment complex after threatening the complainant.
766,105650059202400003,202400003,2024-12-27 03:24:00,1108,59,1,1,1,22,1,5021,2024-12-24 16:24:00,2024-12-24 18:24:00,2024-12-27 02:24:00,14.995381,76.540838,The complainant was attacked with a weapon near a bus stop in the early hours and grievously injured.
767,105730012202500009,202500009,2025-05-06 16:53:00,1211,12,1,2,1,21,1,5005,2025-05-03 22:53:00,2025-05-04 01:53:00,2025-05-06 13:53:00,12.600124,76.740733,The complainant sustained injuries in an assault near a jewellery shop late in the evening.
768,105820031202400003,202400003,2024-10-19 23:45:00,1243,31,1,2,2,14,2,5010,2024-10-19 16:45:00,2024-10-19 16:45:00,2024-10-19 20:45:00,13.587681,77.883692,Household articles and ear studs were stolen from the complainant's house near a jewellery shop.
769,105810027202500004,202500004,2025-10-31 12:03:00,1123,27,1,1,1,22,1,5024,2025-10-29 06:03:00,2025-10-29 08:03:00,2025-10-31 09:03:00,13.175031,78.300358,The complainant was attacked with a weapon near a government office in the early hours and grievously injured.
770,105830005202500003,202500003,2025-10-09 09:58:00,1185,5,1,2,1,21,1,5014,2025-10-08 21:58:00,2025-10-08 21:58:00,2025-10-09 09:58:00,13.142624,77.529835,The complainant sustained injuries in an assault near a hospital gate during office hours.
771,105680040202600001,202600001,2026-01-17 22:30:00,1196,40,1,2,2,11,2,5018,2026-01-17 09:30:00,2026-01-17 10:30:00,2026-01-17 17:30:00,13.965295,75.13309,The complainant found the roof ventilator broken on returning home; a handbag and cash were missing.
772,105710024202500009,202500009,2025-05-23 17:58:00,1034,24,1,2,4,40,2,5007,2025-05-23 13:58:00,2025-05-23 13:58:00,2025-05-23 16:58:00,13.296762,76.908583,The complainant was cheated of money near a park gate on a false promise at dusk.
773,105770017202400005,202400005,2024-01-06 05:20:00,1042,17,1,2,2,14,1,5018,2024-01-03 06:20:00,2024-01-03 09:20:00,2024-01-06 02:20:00,12.1845,76.389347,Household articles and a gold chain were stolen from the complainant's house near a bus stop.
774,105780019202400006,202400006,2024-12-30 00:23:00,1167,19,1,2,2,10,2,5011,2024-12-29 16:23:00,2024-12-29 16:23:00,2024-12-29 19:23:00,12.050489,77.188099,An unidentified person grabbed a mangalsutra from the complainant close to a hospital gate and disappeared.
775,105810029202400007,202400007,2024-11-16 12:48:00,1088,29,1,2,4,40,1,5010,2024-11-14 17:48:00,2024-11-14 18:48:00,2024-11-16 06:48:00,13.020115,78.158956,The complainant was cheated of money near a park gate on a false promise at dusk.
776,105710025202400004,202400004,2024-10-29 09:05:00,1164,25,1,1,1,22,2,5008,2024-10-29 02:05:00,2024-10-29 02:05:00,2024-10-29 08:05:00,13.454732,76.868791,An attempt was made on the complainant's life near a school using a sharp weapon.
777,105790056202400002,202400002,2024-09-01 06:51:00,1042,56,1,2,1,21,2,5020,2024-08-31 23:51:00,2024-08-31 23:51:00,2024-09-01 04:51:00,17.206477,76.980996,A quarrel near a bank ATM led to the complainant being beaten and hurt.
778,105620052202500008,202500008,2025-07-03 10:26:00,1195,52,1,2,2,11,1,5005,2025-07-02 04:26:00,2025-07-02 04:26:00,2025-07-03 05:26:00,15.323011,75.236942,Unknown persons entered through the roof ventilator during office hours and took gold ornaments and cash.
779,105750064202400005,202400005,2024-05-13 22:35:00,1065,64,1,1,1,20,1,5009,2024-05-12 04:35:00,2024-05-12 05:35:00,2024-05-13 18:35:00,12.939423,75.36974,The body of a person was found near a temple in the early hours; a case of murder is registered.
780,105780019202500003,202500003,2025-10-08 21:25:00,1153,19,1,2,2,10,2,5016,2025-10-08 16:25:00,2025-10-08 18:25:00,2025-10-08 21:25:00,12.068464,77.176593,An unidentified person grabbed a wallet with cash from the complainant close to a bus stop and disappeared.
781,105810029202500006,202500006,2025-06-11 20:31:00,1213,29,1,2,2,12,3,5021,2025-06-11 17:31:00,2025-06-11 18:31:00,2025-06-11 19:31:00,13.020365,78.200948,Unknown persons rode away a TVS scooter parked near a government office at dusk.
782,105720003202400004,202400004,2024-08-02 05:07:00,1132,3,1,1,3,30,1,5015,2024-07-31 10:07:00,2024-07-31 10:07:00,2024-08-02 05:07:00,12.998555,77.705232,"Near a vegetable market, an unknown person outraged the modesty of the complainant during the afternoon."
783,105670043202600004,202600004,2026-01-19 11:08:00,1169,43,1,2,4,40,1,5013,2026-01-16 07:08:00,2026-01-16 08:08:00,2026-01-19 06:08:00,14.364552,75.987657,An unknown person defrauded the complainant of cash promising a gold chain at night.
784,105550048202400010,202400010,2024-08-04 21:27:00,1165,48,1,1,2,13,1,5018,2024-08-02 01:27:00,2024-08-02 02:27:00,2024-08-04 21:27:00,16.007228,74.870855,The complainant was assaulted near a wedding hall and a wallet with cash was taken forcibly.
785,105670042202400009,202400009,2024-12-19 17:50:00,1269,42,1,1,1,22,1,5013,2024-12-18 21:50:00,2024-12-18 22:50:00,2024-12-19 12:50:00,14.404875,75.955299,The complainant was attacked with a weapon near a government office around noon and grievously injured.
786,105660046202600006,202600006,2026-03-19 01:04:00,1105,46,1,2,1,21,1,5012,2026-03-17 10:04:00,2026-03-17 11:04:00,2026-03-18 20:04:00,14.082014,76.568768,The complainant was assaulted with a stick near a petrol bunk and injured.
787,105810028202400004,202400004,2024-11-09 09:38:00,1259,28,1,2,2,14,2,5002,2024-11-08 21:38:00,2024-11-08 23:38:00,2024-11-09 04:38:00,13.217189,78.179967,a gold chain kept at the workplace near a vegetable market was stolen at night.
788,105740035202500005,202500005,2025-03-02 12:22:00,1024,35,1,2,2,14,2,5021,2025-03-02 00:22:00,2025-03-02 02:22:00,2025-03-02 07:22:00,13.022159,76.051904,The complainant reported theft of a gold chain from the premises near a wedding hall.
789,105670042202600002,202600002,2026-01-10 17:53:00,1213,42,1,1,1,20,1,5009,2026-01-09 20:53:00,2026-01-09 21:53:00,2026-01-10 17:53:00,14.455864,75.940309,A murder was reported near a wedding hall following a dispute late in the evening.
790,105730013202500009,202500009,2025-09-13 21:04:00,1084,13,1,2,4,40,2,5011,2025-09-13 16:04:00,2025-09-13 17:04:00,2025-09-13 21:04:00,12.571893,76.694469,An unknown person defrauded the complainant of cash promising a mangalsutra during office hours.
791,105670042202400010,202400010,2024-11-07 03:39:00,1089,42,1,1,1,20,2,5005,2024-11-06 23:39:00,2024-11-06 23:39:00,2024-11-07 01:39:00,14.452602,75.965174,A murder was reported near a vegetable market following a dispute around noon.
792,105650060202500008,202500008,2025-04-10 11:49:00,1256,60,1,2,2,14,2,5011,2025-04-10 07:49:00,2025-04-10 10:49:00,2025-04-10 10:49:00,14.997355,76.587862,Household articles and a mangalsutra were stolen from the complainant's house near a government office.
793,105660045202500007,202500007,2025-07-21 06:53:00,1022,45,1,1,1,20,1,5005,2025-07-19 00:53:00,2025-07-19 02:53:00,2025-07-21 02:53:00,14.186973,76.5198,A murder was reported near a hospital gate following a dispute late in the evening.
794,105620052202600002,202600002,2026-04-08 11:28:00,1174,52,1,2,2,14,1,5002,2026-04-06 18:28:00,2026-04-06 19:28:00,2026-04-08 11:28:00,15.309439,75.229622,ear studs was found missing from the complainant's shop near a wedding hall during office hours.
795,105720003202400005,202400005,2024-03-23 08:22:00,1017,3,1,2,2,11,1,5016,2024-03-20 14:22:00,2024-03-20 17:22:00,2024-03-23 04:22:00,13.010643,77.676206,The complainant found the roof ventilator broken on returning home; a gold chain and cash were missing.
796,105790055202500007,202500007,2025-03-31 19:43:00,1068,55,1,2,4,40,2,5018,2025-03-31 12:43:00,2025-03-31 13:43:00,2025-03-31 19:43:00,17.256808,76.773615,The complainant was cheated of money near an apartment complex on a false promise at night.
797,105680040202500003,202500003,2025-09-21 14:27:00,1100,40,1,1,1,22,2,5023,2025-09-21 07:27:00,2025-09-21 07:27:00,2025-09-21 09:27:00,13.946364,75.166892,The complainant was attacked with a weapon near a hospital gate around noon and grievously injured.
798,105740034202500008,202500008,2025-12-26 03:09:00,1165,34,1,1,1,22,1,5006,2025-12-25 02:09:00,2025-12-25 05:09:00,2025-12-26 03:09:00,12.924802,76.057751,An attempt was made on the complainant's life near an apartment complex using a sharp weapon.
799,105550049202500006,202500006,2025-01-17 01:13:00,1261,49,1,2,2,14,2,5001,2025-01-16 22:13:00,2025-01-17 00:13:00,2025-01-17 00:13:00,16.165446,74.933862,Household articles and a wallet with cash were stolen from the complainant's house near a vegetable market.
800,105730011202400006,202400006,2024-09-23 20:42:00,1056,11,1,1,1,22,2,5006,2024-09-23 12:42:00,2024-09-23 15:42:00,2024-09-23 18:42:00,12.543817,76.792947,The complainant was attacked with a weapon near a park gate during the afternoon and grievously injured.
801,105820031202600003,202600003,2026-03-05 22:24:00,1021,31,1,1,3,30,2,5010,2026-03-05 14:24:00,2026-03-05 17:24:00,2026-03-05 21:24:00,13.621831,77.888438,"Near a wedding hall, an unknown person outraged the modesty of the complainant during office hours."
802,105730011202500006,202500006,2025-02-14 07:20:00,1058,11,1,2,2,11,1,5023,2025-02-14 01:20:00,2025-02-14 04:20:00,2025-02-14 06:20:00,12.503232,76.759161,Unknown persons entered through the main door lock in the early hours and took gold ornaments and cash.
803,105650060202400004,202400004,2024-10-11 09:07:00,1057,60,1,2,2,10,1,5014,2024-10-10 05:07:00,2024-10-10 05:07:00,2024-10-11 06:07:00,15.023964,76.574381,"While walking near a government office, a mobile phone was snatched from the complainant by a passer-by who escaped towards the flyover."
804,105680039202400002,202400002,2024-07-16 14:53:00,1193,39,1,1,3,30,1,5019,2024-07-15 21:53:00,2024-07-15 22:53:00,2024-07-16 11:53:00,14.093678,75.332462,"The complainant, a woman, was harassed and assaulted near a park gate at night."
805,105550048202500005,202500005,2025-06-12 18:37:00,1013,48,1,1,1,20,1,5007,2025-06-09 20:37:00,2025-06-09 20:37:00,2025-06-12 15:37:00,15.975466,74.876058,A murder was reported near a hospital gate following a dispute around noon.
806,105820030202600001,202600001,2026-02-19 10:40:00,1223,30,1,2,2,14,3,5002,2026-02-18 20:40:00,2026-02-18 20:40:00,2026-02-19 04:40:00,13.494049,77.932803,Household articles and a mobile phone were stolen from the complainant's house near a vegetable market.
807,105620054202600003,202600003,2026-02-06 04:46:00,1224,54,1,2,4,40,2,5024,2026-02-05 23:46:00,2026-02-06 00:46:00,2026-02-06 00:46:00,15.384893,75.056332,An unknown person defrauded the complainant of cash promising a laptop bag at dusk.
808,105770016202400009,202400009,2024-04-17 12:03:00,1233,16,1,2,1,21,2,5005,2024-04-17 03:03:00,2024-04-17 04:03:00,2024-04-17 10:03:00,12.237554,76.536112,The complainant was assaulted with a stick near a school and injured.
809,105710024202600006,202600006,2026-06-08 11:45:00,1020,24,1,2,1,21,1,5025,2026-06-05 20:45:00,2026-06-05 21:45:00,2026-06-08 08:45:00,13.319079,76.92777,The complainant sustained injuries in an assault near a wedding hall in the early hours.
810,105660046202400008,202400008,2024-05-06 09:35:00,1123,46,1,1,2,13,3,5002,2024-05-06 04:35:00,2024-05-06 05:35:00,2024-05-06 08:35:00,14.095448,76.561296,Two persons on a bike snatched a gold chain near an apartment complex after threatening the complainant.
811,105770017202400006,202400006,2024-07-14 17:28:00,1195,17,1,1,1,20,3,5009,2024-07-14 10:28:00,2024-07-14 12:28:00,2024-07-14 14:28:00,12.188716,76.341963,The deceased was found with injuries near a bank ATM; murder is suspected.
812,105720001202400001,202400001,2024-11-27 19:28:00,1021,1,1,1,3,30,2,5008,2024-11-27 07:28:00,2024-11-27 08:28:00,2024-11-27 15:28:00,12.830616,77.552631,"Near a wedding hall, an unknown person outraged the modesty of the complainant at dusk."
813,105750062202400006,202400006,2024-06-12 23:31:00,1200,62,1,1,3,30,2,5010,2024-06-12 16:31:00,2024-06-12 18:31:00,2024-06-12 19:31:00,12.96389,75.185263,"The complainant, a woman, was harassed and assaulted near a school at night."
814,105780020202400007,202400007,2024-01-22 13:43:00,1034,20,1,2,2,11,2,5002,2024-01-22 04:43:00,2024-01-22 06:43:00,2024-01-22 11:43:00,12.046646,77.078201,The complainant found the main door lock broken on returning home; ear studs and cash were missing.
815,105680038202600003,202600003,2026-01-24 08:59:00,1005,38,1,1,1,20,1,5014,2026-01-22 17:59:00,2026-01-22 17:59:00,2026-01-24 03:59:00,13.960123,75.213018,The body of a person was found near a vegetable market around noon; a case of murder is registered.
816,105670044202500003,202500003,2025-05-30 21:06:00,1067,44,1,1,3,30,1,5001,2025-05-27 22:06:00,2025-05-27 23:06:00,2025-05-30 17:06:00,14.543056,76.026594,"Near a government office, an unknown person outraged the modesty of the complainant in the early hours."
817,105740035202500006,202500006,2025-08-13 04:54:00,1108,35,1,2,2,10,2,5020,2025-08-12 20:54:00,2025-08-12 23:54:00,2025-08-13 02:54:00,13.028761,76.026798,An unidentified person grabbed a laptop bag from the complainant close to a hospital gate and disappeared.
818,105660045202500008,202500008,2025-09-09 16:33:00,1236,45,1,2,2,12,1,5016,2025-09-07 02:33:00,2025-09-07 03:33:00,2025-09-09 15:33:00,14.226693,76.534019,The complainant's a Bajaj Pulsar was stolen from outside an apartment complex.
819,105660047202500008,202500008,2025-05-02 19:21:00,1273,47,1,2,1,21,1,5021,2025-05-02 03:21:00,2025-05-02 03:21:00,2025-05-02 13:21:00,14.092638,76.486957,The complainant was assaulted with a stick near an apartment complex and injured.
820,105750062202400007,202400007,2024-08-22 00:26:00,1211,62,1,1,1,20,2,5020,2024-08-21 15:26:00,2024-08-21 16:26:00,2024-08-21 20:26:00,12.924071,75.158813,The body of a person was found near a bus stop during the afternoon; a case of murder is registered.
821,105550051202400009,202400009,2024-11-14 09:16:00,1168,51,1,2,2,12,2,5020,2024-11-14 02:16:00,2024-11-14 04:16:00,2024-11-14 05:16:00,16.04317,74.836718,a Honda Activa left near a bank ATM could not be traced; the steering lock was broken.
822,105680039202500006,202500006,2025-04-22 05:49:00,1153,39,1,2,2,12,2,5015,2025-04-21 23:49:00,2025-04-22 02:49:00,2025-04-22 00:49:00,14.133271,75.280701,a Yamaha bike left near a bus stop could not be traced; the steering lock was broken.
823,105790056202500008,202500008,2025-03-29 19:51:00,1093,56,1,2,2,10,1,5023,2025-03-29 11:51:00,2025-03-29 13:51:00,2025-03-29 17:51:00,17.216483,76.968698,"While walking near an apartment complex, a mobile phone was snatched from the complainant by a passer-by who escaped into the lake-bed area."
824,105740036202400004,202400004,2024-12-15 08:40:00,1011,36,1,1,2,13,1,5021,2024-12-14 07:40:00,2024-12-14 09:40:00,2024-12-15 06:40:00,13.03119,76.230581,Two persons on a bike snatched two gold bangles near a jewellery shop after threatening the complainant.
825,105670042202400011,202400011,2024-04-08 12:31:00,1153,42,1,2,2,12,1,5011,2024-04-08 00:31:00,2024-04-08 03:31:00,2024-04-08 10:31:00,14.410126,75.970854,a Royal Enfield left near a temple could not be traced; the steering lock was broken.
826,105750063202600003,202600003,2026-03-01 01:04:00,1035,63,1,2,2,10,3,5020,2026-02-28 16:04:00,2026-02-28 19:04:00,2026-02-28 21:04:00,12.871902,75.318679,"While walking near a government office, a laptop bag was snatched from the complainant by a passer-by who escaped towards the highway."
827,105820032202400004,202400004,2024-01-19 00:07:00,1037,32,1,2,1,21,1,5011,2024-01-18 13:07:00,2024-01-18 13:07:00,2024-01-18 18:07:00,13.525976,77.833508,The complainant sustained injuries in an assault near a park gate late in the evening.
828,105790055202400003,202400003,2024-01-26 07:02:00,1262,55,1,1,2,13,1,5017,2024-01-25 16:02:00,2024-01-25 16:02:00,2024-01-26 02:02:00,17.240458,76.755276,The complainant was waylaid near a petrol bunk during office hours and robbed of a gold chain at knife-point.
829,105620054202500003,202500003,2025-09-04 08:22:00,1245,54,1,1,1,20,1,5005,2025-09-02 01:22:00,2025-09-02 04:22:00,2025-09-04 05:22:00,15.377251,75.005993,A murder was reported near a vegetable market following a dispute at dusk.
830,105650060202500009,202500009,2025-06-13 05:46:00,1104,60,1,2,2,10,1,5014,2025-06-12 07:46:00,2025-06-12 10:46:00,2025-06-13 00:46:00,14.991529,76.624562,The complainant states that two youths snatched a mobile phone near a hospital gate around noon and fled towards the flyover.
831,105750063202400004,202400004,2024-04-13 08:27:00,1257,63,1,1,1,20,2,5002,2024-04-13 02:27:00,2024-04-13 05:27:00,2024-04-13 06:27:00,12.829179,75.307813,The deceased was found with injuries near a school; murder is suspected.
832,105720003202500010,202500010,2025-11-24 09:06:00,1029,3,1,1,2,13,2,5005,2025-11-24 06:06:00,2025-11-24 08:06:00,2025-11-24 09:06:00,13.014335,77.668638,"Near a school, unknown persons robbed the complainant of two gold bangles and fled towards the ring road."
833,105730013202500010,202500010,2025-02-05 12:00:00,1115,13,1,2,1,21,2,5001,2025-02-05 06:00:00,2025-02-05 09:00:00,2025-02-05 11:00:00,12.543057,76.695133,A quarrel near a temple led to the complainant being beaten and hurt.
834,105780020202500003,202500003,2025-04-08 13:40:00,1052,20,1,1,1,20,2,5006,2025-04-08 10:40:00,2025-04-08 12:40:00,2025-04-08 11:40:00,12.03779,77.069116,The body of a person was found near a bus stop during the afternoon; a case of murder is registered.
835,105770017202500002,202500002,2025-05-14 23:35:00,1165,17,1,1,2,13,2,5018,2025-05-14 16:35:00,2025-05-14 18:35:00,2025-05-14 23:35:00,12.165375,76.367467,The complainant was assaulted near a petrol bunk and a gold chain was taken forcibly.
836,105680039202500007,202500007,2025-01-10 22:14:00,1127,39,1,2,2,11,1,5022,2025-01-10 01:14:00,2025-01-10 04:14:00,2025-01-10 20:14:00,14.122267,75.313622,The complainant found a window grille broken on returning home; a gold chain and cash were missing.
837,105620053202500009,202500009,2025-07-29 04:42:00,1053,53,1,1,1,22,1,5010,2025-07-27 17:42:00,2025-07-27 17:42:00,2025-07-28 22:42:00,15.373037,75.196889,An attempt was made on the complainant's life near a bank ATM using a sharp weapon.
838,105720001202500011,202500011,2025-08-10 11:17:00,1181,1,1,2,1,21,1,5025,2025-08-09 23:17:00,2025-08-10 02:17:00,2025-08-10 11:17:00,12.818679,77.527668,A quarrel near a vegetable market led to the complainant being beaten and hurt.
839,105810029202400008,202400008,2024-08-08 02:16:00,1045,29,1,2,2,10,2,5006,2024-08-07 14:16:00,2024-08-07 17:16:00,2024-08-07 21:16:00,13.055184,78.180301,An unidentified person grabbed a mobile phone from the complainant close to a bank ATM and disappeared.
840,105550051202400010,202400010,2024-09-05 05:43:00,1147,51,1,1,1,22,1,5001,2024-09-04 02:43:00,2024-09-04 02:43:00,2024-09-05 03:43:00,16.008891,74.825919,The complainant was attacked with a weapon near a jewellery shop around noon and grievously injured.
841,105820032202500004,202500004,2025-02-21 22:01:00,1101,32,1,2,2,10,1,5007,2025-02-19 03:01:00,2025-02-19 03:01:00,2025-02-21 20:01:00,13.513677,77.824613,An unidentified person grabbed a gold chain from the complainant close to a wedding hall and disappeared.
842,105740035202400003,202400003,2024-10-23 09:05:00,1175,35,1,2,2,11,1,5012,2024-10-20 09:05:00,2024-10-20 10:05:00,2024-10-23 07:05:00,13.019944,76.065983,The house near a park gate was burgled via the main door lock; a handbag was reported stolen.
843,105710024202500010,202500010,2025-01-31 11:25:00,1155,24,1,2,4,40,1,5025,2025-01-28 20:25:00,2025-01-28 23:25:00,2025-01-31 10:25:00,13.298963,76.932561,The complainant was cheated of money near a government office on a false promise at dusk.
844,105650059202500008,202500008,2025-11-10 13:16:00,1051,59,1,2,1,21,1,5016,2025-11-10 02:16:00,2025-11-10 03:16:00,2025-11-10 10:16:00,14.980509,76.521868,The complainant sustained injuries in an assault near a hospital gate around noon.
845,105620052202400002,202400002,2024-08-03 23:34:00,1121,52,1,2,2,14,1,5009,2024-08-01 18:34:00,2024-08-01 19:34:00,2024-08-03 20:34:00,15.276375,75.239239,a mangalsutra kept at the workplace near an apartment complex was stolen during office hours.
846,105840007202400007,202400007,2024-01-08 09:42:00,1132,7,1,2,1,21,2,5009,2024-01-08 01:42:00,2024-01-08 01:42:00,2024-01-08 03:42:00,12.616531,77.339476,The complainant sustained injuries in an assault near a petrol bunk in the early hours.
847,105690068202400004,202400004,2024-05-08 07:43:00,1271,68,1,2,2,14,1,5018,2024-05-07 15:43:00,2024-05-07 16:43:00,2024-05-08 03:43:00,13.433367,74.852267,a mobile phone kept at the workplace near a school was stolen late in the evening.
848,105830004202400006,202400006,2024-06-08 17:26:00,1236,4,1,1,2,13,2,5014,2024-06-08 06:26:00,2024-06-08 08:26:00,2024-06-08 12:26:00,13.254287,77.436695,The complainant was waylaid near a petrol bunk at dusk and robbed of a handbag at knife-point.
849,105730014202400004,202400004,2024-06-29 17:56:00,1131,14,1,1,1,22,1,5009,2024-06-28 12:56:00,2024-06-28 14:56:00,2024-06-29 15:56:00,12.582163,76.714652,An attempt was made on the complainant's life near a hospital gate using a sharp weapon.
850,105830006202500004,202500004,2025-03-13 01:01:00,1085,6,1,1,2,13,1,5025,2025-03-12 08:01:00,2025-03-12 11:01:00,2025-03-12 19:01:00,13.258903,77.583118,The complainant was waylaid near a school late in the evening and robbed of ear studs at knife-point.
851,105710023202600005,202600005,2026-06-27 01:25:00,1250,23,1,2,1,21,2,5015,2026-06-26 23:25:00,2026-06-27 00:25:00,2026-06-27 00:25:00,13.481386,76.937633,The complainant sustained injuries in an assault near a vegetable market late in the evening.
852,105550051202500003,202500003,2025-04-11 17:13:00,1149,51,1,1,2,13,1,5024,2025-04-11 00:13:00,2025-04-11 01:13:00,2025-04-11 17:13:00,16.004958,74.880556,"Near a wedding hall, unknown persons robbed the complainant of a laptop bag and fled into the lake-bed area."
853,105770018202500005,202500005,2025-06-08 05:14:00,1218,18,1,2,2,14,1,5012,2025-06-07 14:14:00,2025-06-07 16:14:00,2025-06-08 04:14:00,12.113894,76.465375,The complainant reported theft of a gold chain from the premises near a government office.
854,105650061202400004,202400004,2024-09-17 04:04:00,1169,61,1,1,3,30,2,5003,2024-09-16 21:04:00,2024-09-16 21:04:00,2024-09-17 00:04:00,15.187282,76.433848,"The complainant, a woman, was harassed and assaulted near a petrol bunk late in the evening."
855,105770017202400007,202400007,2024-09-03 17:02:00,1058,17,1,2,2,12,2,5014,2024-09-03 10:02:00,2024-09-03 11:02:00,2024-09-03 14:02:00,12.165646,76.351332,The complainant's a Yamaha bike was stolen from outside an apartment complex.
856,105720003202500011,202500011,2025-02-02 04:27:00,1250,3,1,2,2,11,2,5014,2025-02-02 03:27:00,2025-02-02 05:27:00,2025-02-02 04:27:00,12.98296,77.699376,On returning from a trip the complainant found the compound gate forced and valuables gone.
857,105770016202400010,202400010,2024-12-03 15:45:00,1233,16,1,1,2,13,2,5021,2024-12-03 05:45:00,2024-12-03 08:45:00,2024-12-03 11:45:00,12.260121,76.516994,Two persons on a bike snatched a mobile phone near a bus stop after threatening the complainant.
858,105730012202400006,202400006,2024-04-28 17:49:00,1141,12,1,2,2,11,2,5018,2024-04-28 10:49:00,2024-04-28 10:49:00,2024-04-28 17:49:00,12.560218,76.789339,The house near a wedding hall was burgled via the roof ventilator; a handbag was reported stolen.
859,105710024202400010,202400010,2024-02-17 08:47:00,1114,24,1,1,1,20,1,5001,2024-02-16 10:47:00,2024-02-16 12:47:00,2024-02-17 03:47:00,13.304039,76.932248,A murder was reported near a wedding hall following a dispute at dusk.
860,105650060202400005,202400005,2024-02-09 04:56:00,1234,60,1,2,4,40,2,5014,2024-02-09 03:56:00,2024-02-09 03:56:00,2024-02-09 04:56:00,15.031136,76.57769,The complainant was cheated of money near a petrol bunk on a false promise during office hours.
861,105810029202400009,202400009,2024-08-04 22:43:00,1120,29,1,2,2,10,2,5019,2024-08-04 16:43:00,2024-08-04 19:43:00,2024-08-04 18:43:00,13.043382,78.158901,a laptop bag was pulled off the complainant's neck near a vegetable market; the accused ran into the lake-bed area.
862,105680040202400002,202400002,2024-10-12 00:54:00,1181,40,1,2,2,14,1,5019,2024-10-10 03:54:00,2024-10-10 03:54:00,2024-10-11 19:54:00,13.944218,75.155212,two gold bangles kept at the workplace near a bus stop was stolen around noon.
863,105670041202500002,202500002,2025-04-07 03:48:00,1019,41,1,1,3,30,2,5016,2025-04-06 16:48:00,2025-04-06 17:48:00,2025-04-06 21:48:00,14.414223,75.915539,"Near a bank ATM, an unknown person outraged the modesty of the complainant around noon."
864,105690069202400006,202400006,2024-08-11 19:37:00,1022,69,1,1,3,30,2,5024,2024-08-11 12:37:00,2024-08-11 13:37:00,2024-08-11 18:37:00,13.389302,74.75853,"The complainant, a woman, was harassed and assaulted near a park gate during the afternoon."
865,105840007202400008,202400008,2024-07-11 13:08:00,1231,7,1,2,4,40,2,5002,2024-07-11 04:08:00,2024-07-11 05:08:00,2024-07-11 08:08:00,12.602822,77.350013,An unknown person defrauded the complainant of cash promising a mangalsutra late in the evening.
866,105820032202500005,202500005,2025-11-10 13:05:00,1121,32,1,2,4,40,1,5021,2025-11-09 19:05:00,2025-11-09 19:05:00,2025-11-10 12:05:00,13.489362,77.814982,The complainant was cheated of money near a temple on a false promise around noon.
867,105670043202400007,202400007,2024-02-22 09:26:00,1098,43,1,2,4,40,2,5019,2024-02-22 04:26:00,2024-02-22 04:26:00,2024-02-22 08:26:00,14.357109,75.966864,An unknown person defrauded the complainant of cash promising a gold chain at night.
868,105790057202500005,202500005,2025-01-18 21:43:00,1106,57,1,2,2,10,2,5019,2025-01-18 10:43:00,2025-01-18 11:43:00,2025-01-18 16:43:00,17.310295,76.779289,The complainant states that a passer-by snatched a gold chain near a wedding hall in the early hours and fled towards the bus stand.
869,105780021202500009,202500009,2025-08-15 13:50:00,1028,21,1,2,2,11,1,5018,2025-08-14 12:50:00,2025-08-14 13:50:00,2025-08-15 12:50:00,11.970897,77.152514,Unknown persons entered through a window grille around noon and took gold ornaments and cash.
870,105750063202600004,202600004,2026-01-25 21:34:00,1040,63,1,1,1,20,1,5006,2026-01-22 17:34:00,2026-01-22 20:34:00,2026-01-25 15:34:00,12.855864,75.307333,The body of a person was found near a park gate during the afternoon; a case of murder is registered.
871,105620054202600004,202600004,2026-04-19 03:52:00,1238,54,1,2,4,40,2,5023,2026-04-18 22:52:00,2026-04-19 00:52:00,2026-04-19 01:52:00,15.394347,75.03112,An unknown person defrauded the complainant of cash promising ear studs late in the evening.
872,105780020202500004,202500004,2025-02-14 04:03:00,1100,20,1,2,2,14,1,5016,2025-02-12 16:03:00,2025-02-12 16:03:00,2025-02-14 04:03:00,12.041109,77.041109,The complainant reported theft of two gold bangles from the premises near a government office.
873,105550049202400007,202400007,2024-11-08 18:55:00,1068,49,1,2,1,21,3,5018,2024-11-08 15:55:00,2024-11-08 17:55:00,2024-11-08 17:55:00,16.188181,74.966656,A quarrel near a hospital gate led to the complainant being beaten and hurt.
874,105650061202400005,202400005,2024-01-03 20:32:00,1146,61,1,2,2,11,1,5002,2024-01-02 22:32:00,2024-01-03 00:32:00,2024-01-03 15:32:00,15.200343,76.442492,On returning from a trip the complainant found a window grille forced and valuables gone.
875,105730011202500007,202500007,2025-11-19 00:20:00,1090,11,1,2,1,21,1,5001,2025-11-16 01:20:00,2025-11-16 03:20:00,2025-11-18 20:20:00,12.529545,76.740668,The complainant sustained injuries in an assault near a wedding hall in the early hours.
876,105650061202500004,202500004,2025-01-10 10:50:00,1231,61,1,2,2,12,1,5024,2025-01-08 19:50:00,2025-01-08 21:50:00,2025-01-10 04:50:00,15.179349,76.433491,a Yamaha bike left near an apartment complex could not be traced; the steering lock was broken.
877,105810028202500004,202500004,2025-03-30 03:02:00,1229,28,1,1,1,20,1,5013,2025-03-27 09:02:00,2025-03-27 09:02:00,2025-03-29 21:02:00,13.200965,78.167768,A murder was reported near a wedding hall following a dispute at night.
878,105690067202500005,202500005,2025-06-05 12:17:00,1130,67,1,2,1,21,2,5009,2025-06-05 02:17:00,2025-06-05 04:17:00,2025-06-05 07:17:00,13.409029,74.970736,The complainant was assaulted with a stick near a vegetable market and injured.
879,105550048202600001,202600001,2026-03-31 08:55:00,1210,48,1,1,3,30,2,5004,2026-03-30 22:55:00,2026-03-30 23:55:00,2026-03-31 02:55:00,15.980536,74.861468,"Near a vegetable market, an unknown person outraged the modesty of the complainant during office hours."
880,105720002202400003,202400003,2024-12-08 18:18:00,1130,2,1,2,2,12,3,5020,2024-12-08 10:18:00,2024-12-08 12:18:00,2024-12-08 12:18:00,12.899893,77.639568,The complainant's a Royal Enfield was stolen from outside a government office.
881,105750064202400006,202400006,2024-12-13 19:03:00,1142,64,1,2,2,12,1,5011,2024-12-10 17:03:00,2024-12-10 19:03:00,2024-12-13 16:03:00,12.975489,75.359978,a Hero Splendor left near a petrol bunk could not be traced; the steering lock was broken.
882,105710024202500011,202500011,2025-12-14 09:21:00,1270,24,1,2,1,21,1,5010,2025-12-13 14:21:00,2025-12-13 16:21:00,2025-12-14 08:21:00,13.343155,76.955784,The complainant sustained injuries in an assault near a park gate at dusk.
883,105770017202500003,202500003,2025-12-21 04:55:00,1066,17,1,2,2,12,1,5015,2025-12-19 07:55:00,2025-12-19 09:55:00,2025-12-21 03:55:00,12.15192,76.341156,Unknown persons rode away a TVS scooter parked near a jewellery shop at dusk.
884,105620054202400004,202400004,2024-07-12 09:51:00,1024,54,1,1,1,20,1,5013,2024-07-11 02:51:00,2024-07-11 05:51:00,2024-07-12 05:51:00,15.42093,75.036312,The body of a person was found near a government office in the early hours; a case of murder is registered.
885,105730011202500008,202500008,2025-06-21 15:10:00,1139,11,1,2,2,14,1,5013,2025-06-19 00:10:00,2025-06-19 02:10:00,2025-06-21 11:10:00,12.48782,76.794503,The complainant reported theft of two gold bangles from the premises near an apartment complex.
886,105780022202600003,202600003,2026-04-15 05:34:00,1064,22,1,1,2,13,3,5015,2026-04-14 19:34:00,2026-04-14 22:34:00,2026-04-15 02:34:00,11.877314,77.093875,"Near a bus stop, unknown persons robbed the complainant of two gold bangles and fled towards the highway."
887,105750062202500005,202500005,2025-04-06 03:14:00,1188,62,1,1,3,30,1,5016,2025-04-04 17:14:00,2025-04-04 18:14:00,2025-04-06 01:14:00,12.953108,75.177648,"Near an apartment complex, an unknown person outraged the modesty of the complainant at dusk."
888,105660046202500007,202500007,2025-12-24 01:30:00,1229,46,1,1,3,30,2,5001,2025-12-23 18:30:00,2025-12-23 20:30:00,2025-12-23 21:30:00,14.102201,76.575699,"The complainant, a woman, was harassed and assaulted near an apartment complex at night."
889,105680038202400007,202400007,2024-04-16 11:26:00,1175,38,1,2,2,10,2,5013,2024-04-16 03:26:00,2024-04-16 03:26:00,2024-04-16 07:26:00,13.950258,75.23635,The complainant states that a passer-by snatched a handbag near a petrol bunk at night and fled towards the ring road.
890,105670043202400008,202400008,2024-12-28 17:29:00,1142,43,1,2,4,40,1,5006,2024-12-26 17:29:00,2024-12-26 20:29:00,2024-12-28 13:29:00,14.368757,75.978223,An unknown person defrauded the complainant of cash promising a gold chain during the afternoon.
891,105690066202400004,202400004,2024-01-31 09:07:00,1038,66,1,2,4,40,2,5002,2024-01-30 22:07:00,2024-01-30 22:07:00,2024-01-31 05:07:00,13.449931,74.913933,An unknown person defrauded the complainant of cash promising a handbag during the afternoon.
892,105690066202600005,202600005,2026-02-26 18:04:00,1189,66,1,2,2,12,1,5012,2026-02-24 14:04:00,2026-02-24 14:04:00,2026-02-26 15:04:00,13.432896,74.915301,Unknown persons rode away a Yamaha bike parked near a school around noon.
893,105840010202500003,202500003,2025-07-26 11:39:00,1256,10,1,2,2,14,2,5006,2025-07-26 07:39:00,2025-07-26 07:39:00,2025-07-26 08:39:00,12.663813,77.270233,The complainant reported theft of a laptop bag from the premises near an apartment complex.
894,105740034202500009,202500009,2025-04-19 14:01:00,1145,34,1,2,1,21,3,5010,2025-04-19 06:01:00,2025-04-19 06:01:00,2025-04-19 09:01:00,12.965203,76.065437,The complainant was assaulted with a stick near a government office and injured.
895,105660046202500008,202500008,2025-05-05 03:20:00,1078,46,1,2,2,12,3,5011,2025-05-04 18:20:00,2025-05-04 20:20:00,2025-05-04 21:20:00,14.136192,76.534431,a TVS scooter parked near a hospital gate was found missing late in the evening.
896,105790055202500008,202500008,2025-07-13 20:05:00,1114,55,1,1,1,22,2,5002,2025-07-13 13:05:00,2025-07-13 13:05:00,2025-07-13 15:05:00,17.26993,76.776498,The complainant was attacked with a weapon near a bus stop in the early hours and grievously injured.
897,105810028202400005,202400005,2024-07-18 04:25:00,1035,28,1,2,2,11,1,5016,2024-07-15 10:25:00,2024-07-15 10:25:00,2024-07-18 04:25:00,13.235042,78.1811,Unknown persons entered through a window grille at night and took gold ornaments and cash.
898,105720003202600003,202600003,2026-02-23 08:17:00,1253,3,1,2,2,12,1,5015,2026-02-20 07:17:00,2026-02-20 09:17:00,2026-02-23 05:17:00,13.009405,77.68072,a Hero Splendor left near a wedding hall could not be traced; the steering lock was broken.
899,105750064202500007,202500007,2025-10-19 20:46:00,1011,64,1,1,2,13,2,5001,2025-10-19 16:46:00,2025-10-19 18:46:00,2025-10-19 20:46:00,12.944519,75.392318,The complainant was waylaid near a hospital gate at dusk and robbed of ear studs at knife-point.
900,105830004202500004,202500004,2025-08-18 00:55:00,1207,4,1,2,2,10,1,5011,2025-08-16 15:55:00,2025-08-16 18:55:00,2025-08-17 22:55:00,13.230648,77.434565,a gold chain was pulled off the complainant's neck near a park gate; the accused ran into a bylane.
901,105780019202500004,202500004,2025-12-06 02:35:00,1159,19,1,1,1,20,1,5017,2025-12-03 11:35:00,2025-12-03 12:35:00,2025-12-05 20:35:00,12.044789,77.167962,A murder was reported near a park gate following a dispute at dusk.
902,105720003202400006,202400006,2024-02-03 20:44:00,1050,3,1,1,3,30,2,5013,2024-02-03 08:44:00,2024-02-03 09:44:00,2024-02-03 15:44:00,12.991984,77.702726,"Near a petrol bunk, an unknown person outraged the modesty of the complainant around noon."
903,105690066202400005,202400005,2024-04-16 15:47:00,1212,66,1,2,2,10,1,5018,2024-04-15 03:47:00,2024-04-15 06:47:00,2024-04-16 10:47:00,13.435213,74.898812,a laptop bag was pulled off the complainant's neck near a vegetable market; the accused ran into the residential layout.
904,105740035202500007,202500007,2025-01-23 22:58:00,1013,35,1,1,1,20,2,5007,2025-01-23 11:58:00,2025-01-23 13:58:00,2025-01-23 19:58:00,12.985498,76.038173,A murder was reported near a jewellery shop following a dispute at night.
905,105770018202400006,202400006,2024-06-04 22:49:00,1227,18,1,2,1,21,2,5024,2024-06-04 15:49:00,2024-06-04 16:49:00,2024-06-04 17:49:00,12.127127,76.509557,The complainant sustained injuries in an assault near a jewellery shop during office hours.
906,105840009202400013,202400013,2024-07-13 23:51:00,1237,9,1,2,2,11,1,5002,2024-07-12 13:51:00,2024-07-12 13:51:00,2024-07-13 17:51:00,12.766627,77.382485,The house near an apartment complex was burgled via the compound gate; a mobile phone was reported stolen.
907,105680037202500011,202500011,2025-09-20 07:24:00,1003,37,1,2,2,14,2,5001,2025-09-19 23:24:00,2025-09-19 23:24:00,2025-09-20 06:24:00,14.008958,75.320171,Household articles and two gold bangles were stolen from the complainant's house near a government office.
908,105740036202600001,202600001,2026-01-19 19:38:00,1172,36,1,2,1,21,2,5015,2026-01-19 16:38:00,2026-01-19 19:38:00,2026-01-19 18:38:00,13.026686,76.211955,The complainant sustained injuries in an assault near a wedding hall in the early hours.
909,105710026202500004,202500004,2025-10-17 10:30:00,1166,26,1,1,3,30,2,5013,2025-10-17 06:30:00,2025-10-17 08:30:00,2025-10-17 10:30:00,13.44164,76.84256,"Near a wedding hall, an unknown person outraged the modesty of the complainant at dusk."
910,105840010202400004,202400004,2024-11-03 20:16:00,1250,10,1,2,2,11,2,5007,2024-11-03 12:16:00,2024-11-03 14:16:00,2024-11-03 15:16:00,12.656207,77.276205,The complainant found the compound gate broken on returning home; a mobile phone and cash were missing.
911,105730013202400005,202400005,2024-06-11 15:48:00,1075,13,1,1,1,20,1,5018,2024-06-09 02:48:00,2024-06-09 05:48:00,2024-06-11 10:48:00,12.548637,76.701909,A murder was reported near a wedding hall following a dispute at dusk.
912,105720002202400004,202400004,2024-07-13 09:47:00,1115,2,1,2,2,10,2,5006,2024-07-12 21:47:00,2024-07-12 21:47:00,2024-07-13 04:47:00,12.896674,77.648732,The complainant states that a passer-by snatched a gold chain near a vegetable market at night and fled towards the market.
913,105680037202500012,202500012,2025-11-20 16:51:00,1052,37,1,1,1,22,2,5015,2025-11-20 08:51:00,2025-11-20 10:51:00,2025-11-20 10:51:00,14.016364,75.319668,An attempt was made on the complainant's life near a petrol bunk using a sharp weapon.
914,105810029202400010,202400010,2024-03-01 16:08:00,1016,29,1,2,4,40,1,5015,2024-02-29 06:08:00,2024-02-29 08:08:00,2024-03-01 16:08:00,13.033711,78.186354,An unknown person defrauded the complainant of cash promising a wallet with cash around noon.
915,105550048202400011,202400011,2024-05-07 16:21:00,1106,48,1,1,1,22,1,5007,2024-05-05 04:21:00,2024-05-05 05:21:00,2024-05-07 11:21:00,16.026028,74.871394,The complainant was attacked with a weapon near a school at night and grievously injured.
916,105750064202500008,202500008,2025-11-21 10:11:00,1106,64,1,1,2,13,2,5009,2025-11-21 05:11:00,2025-11-21 05:11:00,2025-11-21 06:11:00,12.960623,75.358871,Two persons on a bike snatched a gold chain near a government office after threatening the complainant.
917,105740035202500008,202500008,2025-04-20 13:28:00,1182,35,1,2,2,10,2,5010,2025-04-20 07:28:00,2025-04-20 09:28:00,2025-04-20 08:28:00,13.017798,76.039906,a mangalsutra was pulled off the complainant's neck near a hospital gate; the accused ran into the lake-bed area.
918,105810027202400006,202400006,2024-09-27 08:08:00,1011,27,1,1,1,20,3,5008,2024-09-26 23:08:00,2024-09-27 00:08:00,2024-09-27 03:08:00,13.166281,78.311587,A murder was reported near a wedding hall following a dispute at dusk.
919,105620052202500009,202500009,2025-10-25 02:14:00,1045,52,1,2,2,10,1,5024,2025-10-23 14:14:00,2025-10-23 14:14:00,2025-10-25 01:14:00,15.309652,75.208305,An unidentified person grabbed ear studs from the complainant close to a hospital gate and disappeared.
920,105620052202400003,202400003,2024-09-05 05:28:00,1146,52,1,2,4,40,2,5014,2024-09-04 21:28:00,2024-09-04 23:28:00,2024-09-05 01:28:00,15.309854,75.206026,An unknown person defrauded the complainant of cash promising a wallet with cash late in the evening.
921,105650060202400006,202400006,2024-07-27 20:42:00,1231,60,1,2,2,12,2,5009,2024-07-27 12:42:00,2024-07-27 13:42:00,2024-07-27 15:42:00,14.988481,76.621032,The complainant's a Yamaha bike was stolen from outside a park gate.
922,105620053202400008,202400008,2024-11-13 03:59:00,1011,53,1,2,2,12,1,5020,2024-11-12 09:59:00,2024-11-12 10:59:00,2024-11-13 00:59:00,15.428354,75.238368,The complainant's a Royal Enfield was stolen from outside a hospital gate.
923,105680039202400003,202400003,2024-09-18 22:50:00,1169,39,1,2,1,21,2,5013,2024-09-18 15:50:00,2024-09-18 18:50:00,2024-09-18 18:50:00,14.131591,75.279165,The complainant sustained injuries in an assault near a government office at night.
924,105810028202500005,202500005,2025-05-30 09:25:00,1084,28,1,2,4,40,2,5009,2025-05-30 01:25:00,2025-05-30 02:25:00,2025-05-30 06:25:00,13.223673,78.17981,An unknown person defrauded the complainant of cash promising two gold bangles at night.
925,105750065202500002,202500002,2025-04-07 09:00:00,1030,65,1,1,2,13,3,5007,2025-04-07 02:00:00,2025-04-07 05:00:00,2025-04-07 09:00:00,12.923147,75.318012,The complainant was waylaid near a hospital gate late in the evening and robbed of a laptop bag at knife-point.
926,105620052202500010,202500010,2025-12-16 15:22:00,1110,52,1,1,2,13,3,5007,2025-12-16 10:22:00,2025-12-16 12:22:00,2025-12-16 15:22:00,15.294912,75.222934,"Near an apartment complex, unknown persons robbed the complainant of a mangalsutra and fled towards the market."
927,105720002202400005,202400005,2024-04-18 12:04:00,1151,2,1,1,3,30,2,5020,2024-04-18 00:04:00,2024-04-18 00:04:00,2024-04-18 07:04:00,12.909231,77.671158,"Near a bank ATM, an unknown person outraged the modesty of the complainant late in the evening."
928,105720001202500012,202500012,2025-07-03 04:41:00,1216,1,1,1,1,22,2,5003,2025-07-03 00:41:00,2025-07-03 01:41:00,2025-07-03 01:41:00,12.861908,77.554027,The complainant was attacked with a weapon near a vegetable market during office hours and grievously injured.
929,105810028202500006,202500006,2025-05-07 12:04:00,1054,28,1,2,2,10,1,5003,2025-05-04 21:04:00,2025-05-04 22:04:00,2025-05-07 10:04:00,13.207994,78.145992,An unidentified person grabbed a laptop bag from the complainant close to a school and disappeared.
930,105770015202400004,202400004,2024-04-30 22:27:00,1260,15,1,2,2,12,2,5025,2024-04-30 17:27:00,2024-04-30 20:27:00,2024-04-30 21:27:00,12.081469,76.382736,a Honda Activa parked near a government office was found missing during the afternoon.
931,105620052202600003,202600003,2026-06-01 06:03:00,1207,52,1,2,2,11,1,5009,2026-05-30 17:03:00,2026-05-30 17:03:00,2026-06-01 00:03:00,15.301413,75.217935,The house near a bank ATM was burgled via the rear door; a laptop bag was reported stolen.
932,105820031202400004,202400004,2024-10-06 17:36:00,1233,31,1,1,3,30,2,5009,2024-10-06 13:36:00,2024-10-06 15:36:00,2024-10-06 14:36:00,13.613985,77.900038,"Near a temple, an unknown person outraged the modesty of the complainant at dusk."
933,105650059202600001,202600001,2026-06-02 09:28:00,1176,59,1,1,1,20,1,5007,2026-05-30 20:28:00,2026-05-30 20:28:00,2026-06-02 03:28:00,15.003589,76.505173,The body of a person was found near a vegetable market late in the evening; a case of murder is registered.
934,105550050202400002,202400002,2024-05-13 02:51:00,1267,50,1,2,2,12,2,5005,2024-05-12 19:51:00,2024-05-12 21:51:00,2024-05-13 02:51:00,16.198751,74.81395,Unknown persons rode away a Hero Splendor parked near a bus stop at night.
935,105810027202400007,202400007,2024-03-29 23:09:00,1267,27,1,2,2,12,2,5020,2024-03-29 22:09:00,2024-03-30 00:09:00,2024-03-29 23:09:00,13.184867,78.314691,a TVS scooter left near a school could not be traced; the steering lock was broken.
936,105740035202500009,202500009,2025-01-15 18:01:00,1138,35,1,1,3,30,2,5009,2025-01-15 13:01:00,2025-01-15 14:01:00,2025-01-15 14:01:00,12.98524,76.030971,"The complainant, a woman, was harassed and assaulted near a bus stop during office hours."
937,105780020202500005,202500005,2025-12-09 07:02:00,1264,20,1,1,1,22,1,5003,2025-12-06 09:02:00,2025-12-06 09:02:00,2025-12-09 03:02:00,12.071275,77.09296,The complainant was attacked with a weapon near a park gate in the early hours and grievously injured.
938,105670043202500006,202500006,2025-01-06 01:30:00,1076,43,1,1,2,13,2,5011,2025-01-05 16:30:00,2025-01-05 18:30:00,2025-01-05 20:30:00,14.363771,75.967213,The complainant was assaulted near a government office and two gold bangles was taken forcibly.
939,105660047202400001,202400001,2024-08-24 03:47:00,1272,47,1,1,1,20,3,5005,2024-08-23 17:47:00,2024-08-23 20:47:00,2024-08-24 00:47:00,14.099178,76.513259,A murder was reported near a wedding hall following a dispute around noon.
940,105730014202500007,202500007,2025-01-16 04:08:00,1007,14,1,1,2,13,2,5013,2025-01-15 22:08:00,2025-01-15 22:08:00,2025-01-16 03:08:00,12.57129,76.7269,The complainant was waylaid near a government office in the early hours and robbed of a gold chain at knife-point.
941,105660047202400002,202400002,2024-08-20 08:52:00,1105,47,1,2,2,11,2,5021,2024-08-20 07:52:00,2024-08-20 09:52:00,2024-08-20 08:52:00,14.045782,76.473486,The house near a petrol bunk was burgled via the compound gate; ear studs was reported stolen.
942,105780020202500006,202500006,2025-05-27 00:16:00,1117,20,1,2,4,40,2,5020,2025-05-26 19:16:00,2025-05-26 21:16:00,2025-05-26 23:16:00,12.021907,77.051073,An unknown person defrauded the complainant of cash promising two gold bangles at night.
943,105720003202400007,202400007,2024-08-14 21:24:00,1061,3,1,1,1,22,2,5006,2024-08-14 12:24:00,2024-08-14 13:24:00,2024-08-14 15:24:00,13.022756,77.711173,An attempt was made on the complainant's life near a wedding hall using a sharp weapon.
944,105660047202500009,202500009,2025-10-22 03:53:00,1093,47,1,2,2,14,2,5007,2025-10-21 18:53:00,2025-10-21 20:53:00,2025-10-21 23:53:00,14.065412,76.484641,The complainant reported theft of a gold chain from the premises near an apartment complex.
945,105650060202500010,202500010,2025-07-25 04:05:00,1179,60,1,1,2,13,2,5012,2025-07-24 21:05:00,2025-07-24 23:05:00,2025-07-24 23:05:00,15.000857,76.586228,The complainant was waylaid near an apartment complex at dusk and robbed of a mobile phone at knife-point.
946,105710023202500006,202500006,2025-05-15 15:29:00,1248,23,1,1,1,22,2,5009,2025-05-15 12:29:00,2025-05-15 12:29:00,2025-05-15 14:29:00,13.494044,76.935467,An attempt was made on the complainant's life near a park gate using a sharp weapon.
947,105620052202400004,202400004,2024-04-27 14:55:00,1211,52,1,1,1,22,2,5009,2024-04-27 11:55:00,2024-04-27 14:55:00,2024-04-27 12:55:00,15.293065,75.231766,The complainant was attacked with a weapon near a bank ATM late in the evening and grievously injured.
948,105690068202500003,202500003,2025-11-08 02:24:00,1234,68,1,1,2,13,2,5006,2025-11-08 00:24:00,2025-11-08 03:24:00,2025-11-08 02:24:00,13.473115,74.838698,"Near a bus stop, unknown persons robbed the complainant of a mobile phone and fled into the lake-bed area."
949,105750063202500004,202500004,2025-04-23 07:07:00,1260,63,1,2,2,12,2,5011,2025-04-23 00:07:00,2025-04-23 03:07:00,2025-04-23 07:07:00,12.863271,75.297957,a Hero Splendor left near a wedding hall could not be traced; the steering lock was broken.
950,105840007202400009,202400009,2024-06-21 22:12:00,1197,7,1,1,1,22,2,5020,2024-06-21 12:12:00,2024-06-21 14:12:00,2024-06-21 18:12:00,12.608073,77.372409,An attempt was made on the complainant's life near a petrol bunk using a sharp weapon.
951,105780022202500005,202500005,2025-09-07 02:00:00,1178,22,1,1,1,22,3,5009,2025-09-06 20:00:00,2025-09-06 20:00:00,2025-09-07 02:00:00,11.860158,77.083349,An attempt was made on the complainant's life near an apartment complex using a sharp weapon.
952,105830006202500005,202500005,2025-12-14 17:51:00,1131,6,1,1,3,30,1,5001,2025-12-14 08:51:00,2025-12-14 10:51:00,2025-12-14 12:51:00,13.273279,77.572904,"Near a jewellery shop, an unknown person outraged the modesty of the complainant in the early hours."
953,105740035202500010,202500010,2025-12-09 17:55:00,1027,35,1,2,1,21,2,5023,2025-12-09 12:55:00,2025-12-09 14:55:00,2025-12-09 17:55:00,13.000268,76.030956,The complainant sustained injuries in an assault near a park gate at night.
954,105650061202500005,202500005,2025-08-03 05:30:00,1242,61,1,1,1,22,2,5017,2025-08-02 20:30:00,2025-08-02 21:30:00,2025-08-03 02:30:00,15.195133,76.436486,The complainant was attacked with a weapon near a jewellery shop late in the evening and grievously injured.
955,105770016202400011,202400011,2024-06-13 05:11:00,1266,16,1,1,3,30,2,5010,2024-06-12 19:11:00,2024-06-12 19:11:00,2024-06-13 03:11:00,12.231709,76.544084,"Near a bus stop, an unknown person outraged the modesty of the complainant during the afternoon."
956,105770016202600004,202600004,2026-06-26 12:52:00,1100,16,1,1,1,20,2,5001,2026-06-26 00:52:00,2026-06-26 01:52:00,2026-06-26 08:52:00,12.253719,76.536145,The body of a person was found near a park gate at night; a case of murder is registered.
957,105770016202600005,202600005,2026-06-09 14:35:00,1257,16,1,1,2,13,1,5009,2026-06-06 14:35:00,2026-06-06 16:35:00,2026-06-09 09:35:00,12.241029,76.550175,Two persons on a bike snatched a handbag near a government office after threatening the complainant.
958,105720001202600003,202600003,2026-05-16 00:52:00,1205,1,1,2,1,21,2,5013,2026-05-15 22:52:00,2026-05-15 23:52:00,2026-05-15 23:52:00,12.843226,77.547794,A quarrel near a school led to the complainant being beaten and hurt.
959,105810027202400008,202400008,2024-06-16 04:07:00,1071,27,1,1,1,22,2,5023,2024-06-16 00:07:00,2024-06-16 00:07:00,2024-06-16 03:07:00,13.15831,78.326826,An attempt was made on the complainant's life near a temple using a sharp weapon.
960,105750063202500005,202500005,2025-09-07 02:56:00,1074,63,1,1,1,22,2,5022,2025-09-06 14:56:00,2025-09-06 15:56:00,2025-09-06 20:56:00,12.819321,75.272192,The complainant was attacked with a weapon near a school during the afternoon and grievously injured.
961,105830006202400002,202400002,2024-09-06 08:59:00,1150,6,1,2,4,40,3,5017,2024-09-06 01:59:00,2024-09-06 03:59:00,2024-09-06 08:59:00,13.260996,77.580114,An unknown person defrauded the complainant of cash promising a laptop bag at dusk.
962,105660047202400003,202400003,2024-12-23 13:38:00,1228,47,1,2,1,21,1,5015,2024-12-20 11:38:00,2024-12-20 13:38:00,2024-12-23 07:38:00,14.086981,76.510587,The complainant sustained injuries in an assault near a bank ATM at night.
963,105790058202400009,202400009,2024-05-31 20:47:00,1145,58,1,1,3,30,3,5018,2024-05-31 09:47:00,2024-05-31 11:47:00,2024-05-31 14:47:00,17.187865,76.877517,"The complainant, a woman, was harassed and assaulted near a temple around noon."
964,105670044202400010,202400010,2024-01-31 11:49:00,1184,44,1,1,2,13,2,5007,2024-01-31 05:49:00,2024-01-31 05:49:00,2024-01-31 08:49:00,14.493035,75.997029,"Near a bank ATM, unknown persons robbed the complainant of a gold chain and fled into a bylane."
965,105670044202600004,202600004,2026-06-29 00:59:00,1212,44,1,2,4,40,2,5017,2026-06-28 11:59:00,2026-06-28 11:59:00,2026-06-28 19:59:00,14.542415,76.013925,The complainant was cheated of money near a park gate on a false promise during the afternoon.
966,105670042202600003,202600003,2026-02-24 22:05:00,1018,42,1,1,1,22,1,5017,2026-02-23 05:05:00,2026-02-23 07:05:00,2026-02-24 16:05:00,14.405127,75.95793,An attempt was made on the complainant's life near a vegetable market using a sharp weapon.
967,105830006202400003,202400003,2024-06-15 00:18:00,1120,6,1,2,2,12,2,5018,2024-06-14 12:18:00,2024-06-14 15:18:00,2024-06-14 20:18:00,13.223038,77.614378,The complainant's a Yamaha bike was stolen from outside a hospital gate.
968,105820030202400007,202400007,2024-11-03 01:44:00,1237,30,1,1,3,30,2,5021,2024-11-02 16:44:00,2024-11-02 17:44:00,2024-11-02 23:44:00,13.460574,77.907152,"Near a wedding hall, an unknown person outraged the modesty of the complainant late in the evening."
969,105790058202500006,202500006,2025-11-10 23:19:00,1206,58,1,1,3,30,1,5010,2025-11-10 02:19:00,2025-11-10 03:19:00,2025-11-10 17:19:00,17.187631,76.904151,"Near a government office, an unknown person outraged the modesty of the complainant late in the evening."
970,105840009202400014,202400014,2024-05-05 05:34:00,1026,9,1,1,3,30,2,5008,2024-05-04 21:34:00,2024-05-05 00:34:00,2024-05-05 02:34:00,12.755508,77.362295,"The complainant, a woman, was harassed and assaulted near an apartment complex during office hours."
971,105670042202500004,202500004,2025-08-24 06:43:00,1027,42,1,1,1,20,1,5012,2025-08-21 12:43:00,2025-08-21 14:43:00,2025-08-24 02:43:00,14.424135,75.957752,The deceased was found with injuries near an apartment complex; murder is suspected.
972,105780022202500006,202500006,2025-04-23 04:23:00,1261,22,1,1,2,13,2,5014,2025-04-23 01:23:00,2025-04-23 04:23:00,2025-04-23 02:23:00,11.854993,77.093906,The complainant was assaulted near a jewellery shop and a laptop bag was taken forcibly.
973,105820031202400005,202400005,2024-08-20 12:56:00,1210,31,1,2,2,11,1,5023,2024-08-17 10:56:00,2024-08-17 11:56:00,2024-08-20 06:56:00,13.620071,77.912442,The house near a park gate was burgled via the main door lock; a mangalsutra was reported stolen.
974,105840010202600001,202600001,2026-01-25 00:02:00,1067,10,1,1,3,30,2,5016,2026-01-24 15:02:00,2026-01-24 15:02:00,2026-01-24 22:02:00,12.647248,77.225071,"The complainant, a woman, was harassed and assaulted near a school around noon."
975,105750062202600003,202600003,2026-01-20 02:46:00,1147,62,1,1,1,22,2,5011,2026-01-19 23:46:00,2026-01-20 00:46:00,2026-01-20 02:46:00,12.938931,75.19209,The complainant was attacked with a weapon near a hospital gate at night and grievously injured.
976,105830006202400004,202400004,2024-06-28 15:12:00,1215,6,1,2,1,21,2,5015,2024-06-28 07:12:00,2024-06-28 08:12:00,2024-06-28 12:12:00,13.240036,77.580101,A quarrel near a petrol bunk led to the complainant being beaten and hurt.
977,105830006202500006,202500006,2025-03-13 08:00:00,1092,6,1,1,1,22,2,5008,2025-03-12 18:00:00,2025-03-12 20:00:00,2025-03-13 02:00:00,13.261773,77.571956,The complainant was attacked with a weapon near a vegetable market in the early hours and grievously injured.
978,105690068202400005,202400005,2024-08-20 12:09:00,1017,68,1,2,2,11,2,5010,2024-08-20 01:09:00,2024-08-20 01:09:00,2024-08-20 07:09:00,13.431679,74.79447,On returning from a trip the complainant found the kitchen door forced and valuables gone.
979,105810029202500007,202500007,2025-03-02 11:48:00,1061,29,1,1,2,13,2,5013,2025-03-02 06:48:00,2025-03-02 08:48:00,2025-03-02 07:48:00,13.046182,78.197391,The complainant was assaulted near a park gate and a laptop bag was taken forcibly.
980,105780022202500007,202500007,2025-07-22 05:53:00,1227,22,1,2,4,40,1,5012,2025-07-19 21:53:00,2025-07-19 21:53:00,2025-07-22 01:53:00,11.852443,77.05778,The complainant was cheated of money near an apartment complex on a false promise at night.
981,105710025202400005,202400005,2024-09-11 03:41:00,1151,25,1,2,1,21,2,5012,2024-09-10 22:41:00,2024-09-10 23:41:00,2024-09-11 03:41:00,13.426936,76.853907,The complainant was assaulted with a stick near a wedding hall and injured.
982,105790058202400010,202400010,2024-04-24 17:42:00,1010,58,1,2,2,12,1,5024,2024-04-23 18:42:00,2024-04-23 18:42:00,2024-04-24 13:42:00,17.194176,76.90731,Unknown persons rode away a Yamaha bike parked near a petrol bunk at night.
983,105770018202500006,202500006,2025-05-27 14:25:00,1197,18,1,1,2,13,1,5017,2025-05-26 22:25:00,2025-05-26 23:25:00,2025-05-27 12:25:00,12.115954,76.479452,The complainant was waylaid near a wedding hall at night and robbed of ear studs at knife-point.
984,105660047202500010,202500010,2025-02-04 04:51:00,1235,47,1,2,4,40,3,5010,2025-02-03 22:51:00,2025-02-03 23:51:00,2025-02-04 02:51:00,14.068349,76.522073,The complainant was cheated of money near a school on a false promise at night.
985,105770015202500005,202500005,2025-05-17 05:31:00,1240,15,1,2,2,12,2,5025,2025-05-16 23:31:00,2025-05-16 23:31:00,2025-05-17 04:31:00,12.110135,76.385634,Unknown persons rode away a Hero Splendor parked near a park gate late in the evening.
986,105620054202500004,202500004,2025-08-22 22:12:00,1067,54,1,2,2,11,2,5017,2025-08-22 18:12:00,2025-08-22 21:12:00,2025-08-22 22:12:00,15.385941,75.027536,Unknown persons entered through the kitchen door during the afternoon and took gold ornaments and cash.
987,105710026202400007,202400007,2024-10-25 12:23:00,1004,26,1,2,4,40,2,5008,2024-10-24 23:23:00,2024-10-25 01:23:00,2024-10-25 07:23:00,13.414147,76.843577,The complainant was cheated of money near a hospital gate on a false promise during the afternoon.
988,105680039202400004,202400004,2024-08-04 16:41:00,1235,39,1,2,2,12,2,5006,2024-08-04 09:41:00,2024-08-04 09:41:00,2024-08-04 10:41:00,14.110245,75.331361,a Honda Activa left near a school could not be traced; the steering lock was broken.
989,105730013202500011,202500011,2025-02-22 08:24:00,1139,13,1,2,4,40,1,5009,2025-02-20 17:24:00,2025-02-20 17:24:00,2025-02-22 02:24:00,12.579649,76.696821,An unknown person defrauded the complainant of cash promising a laptop bag at dusk.
990,105770015202400005,202400005,2024-01-02 12:54:00,1125,15,1,2,2,12,3,5012,2024-01-02 03:54:00,2024-01-02 06:54:00,2024-01-02 06:54:00,12.128763,76.400922,a Royal Enfield parked near an apartment complex was found missing in the early hours.
991,105730012202600002,202600002,2026-06-11 13:18:00,1118,12,1,2,2,10,1,5011,2026-06-10 13:18:00,2026-06-10 15:18:00,2026-06-11 13:18:00,12.601677,76.78804,"While walking near a school, two gold bangles was snatched from the complainant by a passer-by who escaped into the lake-bed area."
992,105550050202500005,202500005,2025-01-29 10:58:00,1269,50,1,2,2,14,1,5003,2025-01-27 01:58:00,2025-01-27 01:58:00,2025-01-29 10:58:00,16.200437,74.810434,Household articles and ear studs were stolen from the complainant's house near a government office.
993,105680038202500005,202500005,2025-10-10 11:31:00,1100,38,1,2,2,12,2,5014,2025-10-10 03:31:00,2025-10-10 06:31:00,2025-10-10 09:31:00,13.934111,75.202244,a Royal Enfield parked near a petrol bunk was found missing late in the evening.
994,105840008202500006,202500006,2025-12-22 08:11:00,1138,8,1,2,2,12,1,5017,2025-12-21 10:11:00,2025-12-21 10:11:00,2025-12-22 03:11:00,12.739751,77.222286,a Bajaj Pulsar left near a hospital gate could not be traced; the steering lock was broken.
995,105670042202400012,202400012,2024-06-06 05:57:00,1157,42,1,2,1,21,2,5014,2024-06-06 00:57:00,2024-06-06 03:57:00,2024-06-06 01:57:00,14.455143,75.955928,The complainant sustained injuries in an assault near a jewellery shop in the early hours.
996,105770016202400012,202400012,2024-11-16 10:50:00,1273,16,1,2,4,40,2,5025,2024-11-16 06:50:00,2024-11-16 07:50:00,2024-11-16 09:50:00,12.216014,76.529567,The complainant was cheated of money near a park gate on a false promise in the early hours.
997,105780021202400006,202400006,2024-09-05 02:27:00,1252,21,1,2,2,14,2,5021,2024-09-04 17:27:00,2024-09-04 20:27:00,2024-09-04 21:27:00,11.975289,77.206006,ear studs was found missing from the complainant's shop near a jewellery shop at night.
998,105840010202400005,202400005,2024-01-23 00:43:00,1033,10,1,1,1,20,1,5014,2024-01-20 22:43:00,2024-01-20 23:43:00,2024-01-22 22:43:00,12.621131,77.244596,A murder was reported near a wedding hall following a dispute at night.
999,105780022202600004,202600004,2026-03-09 10:35:00,1188,22,1,1,2,13,1,5019,2026-03-06 14:35:00,2026-03-06 15:35:00,2026-03-09 04:35:00,11.884963,77.039809,The complainant was waylaid near an apartment complex during the afternoon and robbed of a gold chain at knife-point.
1000,105660045202400003,202400003,2024-01-10 12:54:00,1204,45,1,2,2,10,1,5007,2024-01-08 15:54:00,2024-01-08 17:54:00,2024-01-10 07:54:00,14.215782,76.53199,The complainant states that a passer-by snatched ear studs near a government office at dusk and fled into the residential layout.
1001,105740036202600002,202600002,2026-01-28 00:17:00,1150,36,1,2,2,14,1,5004,2026-01-27 11:17:00,2026-01-27 14:17:00,2026-01-27 19:17:00,13.005345,76.178616,The complainant reported theft of a laptop bag from the premises near a park gate.
1002,105820030202500004,202500004,2025-02-16 10:46:00,1249,30,1,2,1,21,1,5017,2025-02-15 11:46:00,2025-02-15 14:46:00,2025-02-16 09:46:00,13.45832,77.913411,A quarrel near a wedding hall led to the complainant being beaten and hurt.
1003,105790057202600004,202600004,2026-01-31 14:54:00,1111,57,1,2,2,14,1,5003,2026-01-29 21:54:00,2026-01-29 21:54:00,2026-01-31 08:54:00,17.355224,76.830438,The complainant reported theft of a mangalsutra from the premises near a government office.
1004,105830004202400007,202400007,2024-08-28 18:06:00,1155,4,1,2,2,10,3,5003,2024-08-28 17:06:00,2024-08-28 19:06:00,2024-08-28 18:06:00,13.225457,77.462776,The complainant states that an unknown person snatched a handbag near a school during office hours and fled towards the bus stand.
1005,105750062202600004,202600004,2026-06-02 12:13:00,1053,62,1,2,4,40,1,5002,2026-06-01 00:13:00,2026-06-01 03:13:00,2026-06-02 07:13:00,12.92714,75.175156,The complainant was cheated of money near an apartment complex on a false promise around noon.
1006,105670044202500004,202500004,2025-01-10 18:47:00,1237,44,1,1,2,13,2,5005,2025-01-10 10:47:00,2025-01-10 10:47:00,2025-01-10 14:47:00,14.541789,75.993464,The complainant was assaulted near a bus stop and a gold chain was taken forcibly.
1007,105810028202500007,202500007,2025-09-14 02:05:00,1129,28,1,2,2,12,3,5011,2025-09-13 17:05:00,2025-09-13 19:05:00,2025-09-14 01:05:00,13.17787,78.144347,The complainant's a Yamaha bike was stolen from outside a bus stop.
1008,105830006202400005,202400005,2024-09-12 18:40:00,1016,6,1,2,2,14,1,5012,2024-09-10 20:40:00,2024-09-10 22:40:00,2024-09-12 17:40:00,13.260184,77.603017,Household articles and a laptop bag were stolen from the complainant's house near a hospital gate.
1009,105650059202400004,202400004,2024-01-10 07:03:00,1178,59,1,2,1,21,1,5024,2024-01-09 04:03:00,2024-01-09 06:03:00,2024-01-10 07:03:00,15.021364,76.52082,The complainant was assaulted with a stick near a vegetable market and injured.
1010,105730014202600004,202600004,2026-02-19 03:47:00,1054,14,1,2,2,12,2,5023,2026-02-19 01:47:00,2026-02-19 04:47:00,2026-02-19 03:47:00,12.617999,76.695461,The complainant's a TVS scooter was stolen from outside a hospital gate.
1011,105840008202500007,202500007,2025-12-13 10:36:00,1024,8,1,1,1,22,3,5023,2025-12-13 08:36:00,2025-12-13 10:36:00,2025-12-13 09:36:00,12.737294,77.207638,An attempt was made on the complainant's life near a vegetable market using a sharp weapon.
1012,105690066202400006,202400006,2024-04-15 12:28:00,1098,66,1,1,2,13,1,5002,2024-04-13 14:28:00,2024-04-13 14:28:00,2024-04-15 06:28:00,13.444102,74.901022,Two persons on a bike snatched a handbag near a jewellery shop after threatening the complainant.
1013,105780022202500008,202500008,2025-04-19 17:38:00,1195,22,1,2,2,11,2,5022,2025-04-19 11:38:00,2025-04-19 14:38:00,2025-04-19 16:38:00,11.889667,77.044338,On returning from a trip the complainant found the main door lock forced and valuables gone.
1014,105770015202500006,202500006,2025-08-29 07:40:00,1090,15,1,2,2,11,2,5003,2025-08-29 00:40:00,2025-08-29 02:40:00,2025-08-29 01:40:00,12.079895,76.415532,On returning from a trip the complainant found a window grille forced and valuables gone.
1015,105680040202400003,202400003,2024-10-04 05:09:00,1188,40,1,2,4,40,2,5002,2024-10-03 23:09:00,2024-10-03 23:09:00,2024-10-04 02:09:00,13.96208,75.152286,The complainant was cheated of money near a park gate on a false promise around noon.
1016,105690066202500002,202500002,2025-06-14 14:21:00,1150,66,1,2,2,12,2,5005,2025-06-14 00:21:00,2025-06-14 02:21:00,2025-06-14 08:21:00,13.425167,74.91026,Unknown persons rode away a Hero Splendor parked near an apartment complex at dusk.
1017,105840007202500006,202500006,2025-03-21 12:24:00,1236,7,1,2,2,10,3,5019,2025-03-21 00:24:00,2025-03-21 01:24:00,2025-03-21 06:24:00,12.603306,77.340398,"While walking near a bus stop, a wallet with cash was snatched from the complainant by a passer-by who escaped towards the ring road."
1018,105790056202400003,202400003,2024-02-14 10:48:00,1053,56,1,2,4,40,2,5023,2024-02-14 02:48:00,2024-02-14 05:48:00,2024-02-14 09:48:00,17.218949,77.012262,The complainant was cheated of money near a wedding hall on a false promise at dusk.
1019,105780020202500007,202500007,2025-12-03 16:27:00,1181,20,1,1,1,20,2,5015,2025-12-03 07:27:00,2025-12-03 07:27:00,2025-12-03 12:27:00,12.056775,77.094781,The deceased was found with injuries near a government office; murder is suspected.
1020,105810028202500008,202500008,2025-09-06 19:25:00,1142,28,1,2,2,12,1,5024,2025-09-06 06:25:00,2025-09-06 09:25:00,2025-09-06 13:25:00,13.215519,78.181382,The complainant's a Honda Activa was stolen from outside a petrol bunk.
1021,105690069202600003,202600003,2026-01-06 09:10:00,1246,69,1,2,2,12,2,5009,2026-01-05 19:10:00,2026-01-05 20:10:00,2026-01-06 03:10:00,13.387941,74.763748,a Royal Enfield left near a bus stop could not be traced; the steering lock was broken.
1022,105770016202400013,202400013,2024-02-12 11:08:00,1175,16,1,1,1,20,2,5007,2024-02-12 00:08:00,2024-02-12 03:08:00,2024-02-12 07:08:00,12.249863,76.528367,The deceased was found with injuries near a park gate; murder is suspected.
1023,105660047202400004,202400004,2024-02-22 21:39:00,1264,47,1,2,4,40,2,5011,2024-02-22 15:39:00,2024-02-22 15:39:00,2024-02-22 19:39:00,14.100753,76.515269,The complainant was cheated of money near a bus stop on a false promise at dusk.
1024,105750062202400008,202400008,2024-03-28 18:48:00,1038,62,1,1,3,30,2,5011,2024-03-28 05:48:00,2024-03-28 08:48:00,2024-03-28 12:48:00,12.917112,75.170905,"Near an apartment complex, an unknown person outraged the modesty of the complainant during office hours."
1025,105770016202400014,202400014,2024-08-14 06:03:00,1049,16,1,2,2,14,2,5010,2024-08-14 00:03:00,2024-08-14 02:03:00,2024-08-14 06:03:00,12.245136,76.53991,a laptop bag kept at the workplace near a wedding hall was stolen late in the evening.
1026,105770016202400015,202400015,2024-10-22 06:08:00,1133,16,1,1,3,30,2,5022,2024-10-21 22:08:00,2024-10-21 23:08:00,2024-10-22 05:08:00,12.216237,76.558013,"The complainant, a woman, was harassed and assaulted near a temple during office hours."
1027,105550051202500004,202500004,2025-10-26 17:29:00,1242,51,1,2,2,10,1,5002,2025-10-23 13:29:00,2025-10-23 13:29:00,2025-10-26 13:29:00,16.048905,74.83667,An unidentified person grabbed a mangalsutra from the complainant close to a hospital gate and disappeared.
1028,105720001202400002,202400002,2024-10-27 06:30:00,1071,1,1,1,1,22,1,5025,2024-10-26 01:30:00,2024-10-26 01:30:00,2024-10-27 03:30:00,12.860799,77.566073,The complainant was attacked with a weapon near a wedding hall late in the evening and grievously injured.
1029,105720001202400003,202400003,2024-01-28 22:49:00,1003,1,1,1,2,13,2,5019,2024-01-28 17:49:00,2024-01-28 17:49:00,2024-01-28 20:49:00,12.853339,77.534746,The complainant was assaulted near a bus stop and a mangalsutra was taken forcibly.
1030,105770017202500004,202500004,2025-08-25 20:20:00,1193,17,1,1,2,13,2,5004,2025-08-25 16:20:00,2025-08-25 18:20:00,2025-08-25 17:20:00,12.148431,76.368972,The complainant was assaulted near a temple and ear studs was taken forcibly.
1031,105820031202500005,202500005,2025-05-31 06:29:00,1223,31,1,2,1,21,2,5014,2025-05-30 22:29:00,2025-05-30 22:29:00,2025-05-31 04:29:00,13.622657,77.908499,The complainant sustained injuries in an assault near a jewellery shop at night.
1032,105740034202500010,202500010,2025-12-03 22:11:00,1236,34,1,1,2,13,2,5023,2025-12-03 18:11:00,2025-12-03 18:11:00,2025-12-03 20:11:00,12.942762,76.01972,Two persons on a bike snatched a mobile phone near a hospital gate after threatening the complainant.
1033,105670041202500003,202500003,2025-03-06 03:37:00,1230,41,1,2,2,14,1,5025,2025-03-03 17:37:00,2025-03-03 20:37:00,2025-03-06 00:37:00,14.456376,75.946298,a handbag was found missing from the complainant's shop near a jewellery shop late in the evening.
1034,105770018202500007,202500007,2025-08-23 20:19:00,1073,18,1,1,1,20,2,5015,2025-08-23 13:19:00,2025-08-23 15:19:00,2025-08-23 16:19:00,12.109192,76.480862,The deceased was found with injuries near a temple; murder is suspected.
1035,105770018202400007,202400007,2024-11-09 01:55:00,1122,18,1,1,1,22,1,5008,2024-11-08 13:55:00,2024-11-08 13:55:00,2024-11-09 00:55:00,12.081031,76.493381,The complainant was attacked with a weapon near a bank ATM late in the evening and grievously injured.
1036,105690067202500006,202500006,2025-05-25 16:23:00,1129,67,1,1,1,20,2,5012,2025-05-25 10:23:00,2025-05-25 13:23:00,2025-05-25 15:23:00,13.431045,74.976855,The deceased was found with injuries near a bank ATM; murder is suspected.
1037,105660046202500009,202500009,2025-12-29 05:34:00,1056,46,1,1,3,30,2,5025,2025-12-28 23:34:00,2025-12-29 02:34:00,2025-12-29 00:34:00,14.088898,76.557115,"Near a bus stop, an unknown person outraged the modesty of the complainant late in the evening."
1038,105750063202500006,202500006,2025-08-27 20:12:00,1065,63,1,2,2,11,2,5001,2025-08-27 14:12:00,2025-08-27 15:12:00,2025-08-27 15:12:00,12.86144,75.299992,The complainant found the kitchen door broken on returning home; a gold chain and cash were missing.
1039,105670044202500005,202500005,2025-03-13 06:13:00,1165,44,1,2,1,21,1,5008,2025-03-11 13:13:00,2025-03-11 13:13:00,2025-03-13 05:13:00,14.528091,75.991064,The complainant sustained injuries in an assault near a temple at dusk.
1040,105680039202400005,202400005,2024-07-13 19:03:00,1154,39,1,1,3,30,2,5007,2024-07-13 11:03:00,2024-07-13 11:03:00,2024-07-13 19:03:00,14.083371,75.293555,"Near a bus stop, an unknown person outraged the modesty of the complainant at dusk."
1041,105550051202400011,202400011,2024-03-07 22:08:00,1219,51,1,1,1,22,2,5004,2024-03-07 14:08:00,2024-03-07 16:08:00,2024-03-07 22:08:00,16.006122,74.84705,An attempt was made on the complainant's life near a vegetable market using a sharp weapon.
1042,105810027202600004,202600004,2026-06-27 05:53:00,1242,27,1,2,2,11,1,5007,2026-06-24 08:53:00,2026-06-24 09:53:00,2026-06-27 04:53:00,13.207105,78.318725,Unknown persons entered through a window grille at dusk and took gold ornaments and cash.
1043,105670041202500004,202500004,2025-04-19 00:58:00,1166,41,1,1,1,20,2,5020,2025-04-18 21:58:00,2025-04-18 21:58:00,2025-04-19 00:58:00,14.451132,75.939516,The deceased was found with injuries near a petrol bunk; murder is suspected.
1044,105840008202500008,202500008,2025-04-20 08:09:00,1028,8,1,2,2,10,2,5020,2025-04-19 20:09:00,2025-04-19 21:09:00,2025-04-20 04:09:00,12.741939,77.217004,An unidentified person grabbed a mobile phone from the complainant close to a wedding hall and disappeared.
1045,105790058202600002,202600002,2026-06-24 12:18:00,1110,58,1,1,1,22,2,5008,2026-06-24 10:18:00,2026-06-24 11:18:00,2026-06-24 11:18:00,17.185367,76.903872,An attempt was made on the complainant's life near an apartment complex using a sharp weapon.
1046,105840009202600002,202600002,2026-04-18 01:23:00,1117,9,1,1,1,20,2,5023,2026-04-17 16:23:00,2026-04-17 17:23:00,2026-04-17 23:23:00,12.769241,77.354809,A murder was reported near a petrol bunk following a dispute late in the evening.
1047,105670044202400011,202400011,2024-12-28 01:58:00,1073,44,1,2,2,14,3,5014,2024-12-27 15:58:00,2024-12-27 17:58:00,2024-12-27 22:58:00,14.486887,75.972273,Household articles and a mobile phone were stolen from the complainant's house near a bus stop.
1048,105710026202500005,202500005,2025-01-06 03:48:00,1156,26,1,2,2,10,2,5019,2025-01-05 20:48:00,2025-01-05 23:48:00,2025-01-05 22:48:00,13.445897,76.85771,"While walking near an apartment complex, two gold bangles was snatched from the complainant by a passer-by who escaped towards the market."
1049,105790056202500009,202500009,2025-02-05 20:38:00,1182,56,1,2,1,21,2,5024,2025-02-05 12:38:00,2025-02-05 12:38:00,2025-02-05 16:38:00,17.221823,76.965503,The complainant was assaulted with a stick near an apartment complex and injured.
1050,105750063202400005,202400005,2024-09-10 12:19:00,1123,63,1,2,2,12,1,5009,2024-09-07 20:19:00,2024-09-07 22:19:00,2024-09-10 11:19:00,12.825788,75.303101,Unknown persons rode away a Hero Splendor parked near a government office during office hours.
1051,105550050202600004,202600004,2026-02-15 08:47:00,1184,50,1,1,3,30,3,5003,2026-02-14 23:47:00,2026-02-15 02:47:00,2026-02-15 03:47:00,16.208779,74.840998,"Near a hospital gate, an unknown person outraged the modesty of the complainant late in the evening."
1052,105770016202500006,202500006,2025-02-09 03:47:00,1001,16,1,2,2,10,2,5003,2025-02-08 18:47:00,2025-02-08 19:47:00,2025-02-08 22:47:00,12.268058,76.53847,An unidentified person grabbed a mangalsutra from the complainant close to a park gate and disappeared.
1053,105810028202400006,202400006,2024-03-16 08:15:00,1125,28,1,2,2,12,1,5004,2024-03-15 06:15:00,2024-03-15 09:15:00,2024-03-16 08:15:00,13.185618,78.125402,Unknown persons rode away a Yamaha bike parked near a jewellery shop at night.
1054,105720002202400006,202400006,2024-01-10 02:00:00,1131,2,1,2,1,21,1,5007,2024-01-08 22:00:00,2024-01-09 01:00:00,2024-01-10 00:00:00,12.905367,77.654429,The complainant was assaulted with a stick near a school and injured.
1055,105750062202400009,202400009,2024-05-26 00:11:00,1058,62,1,2,2,12,1,5006,2024-05-24 17:11:00,2024-05-24 18:11:00,2024-05-25 22:11:00,12.95247,75.190904,a Royal Enfield left near an apartment complex could not be traced; the steering lock was broken.
1056,105770018202500008,202500008,2025-12-01 02:48:00,1239,18,1,1,2,13,2,5019,2025-11-30 23:48:00,2025-12-01 01:48:00,2025-12-01 02:48:00,12.088908,76.457527,"Near an apartment complex, unknown persons robbed the complainant of two gold bangles and fled towards the market."
1057,105620053202600003,202600003,2026-01-24 10:38:00,1087,53,1,1,3,30,2,5006,2026-01-24 04:38:00,2026-01-24 04:38:00,2026-01-24 07:38:00,15.395396,75.237453,"Near a petrol bunk, an unknown person outraged the modesty of the complainant at night."
1058,105840008202500009,202500009,2025-11-11 20:01:00,1254,8,1,2,2,11,2,5017,2025-11-11 10:01:00,2025-11-11 12:01:00,2025-11-11 17:01:00,12.749558,77.202021,The house near a bus stop was burgled via the main door lock; a wallet with cash was reported stolen.
1059,105730011202500009,202500009,2025-05-24 10:28:00,1080,11,1,2,2,10,2,5003,2025-05-24 05:28:00,2025-05-24 06:28:00,2025-05-24 09:28:00,12.485983,76.745459,An unidentified person grabbed two gold bangles from the complainant close to a hospital gate and disappeared.
1060,105840009202400015,202400015,2024-03-10 15:30:00,1225,9,1,1,1,20,1,5019,2024-03-08 21:30:00,2024-03-09 00:30:00,2024-03-10 11:30:00,12.742996,77.402773,The deceased was found with injuries near a wedding hall; murder is suspected.
1061,105730011202400007,202400007,2024-09-10 03:42:00,1173,11,1,1,3,30,3,5005,2024-09-09 17:42:00,2024-09-09 19:42:00,2024-09-10 00:42:00,12.511669,76.79311,"The complainant, a woman, was harassed and assaulted near a government office around noon."
1062,105720001202400004,202400004,2024-09-16 07:22:00,1180,1,1,1,2,13,1,5021,2024-09-14 22:22:00,2024-09-14 23:22:00,2024-09-16 02:22:00,12.815729,77.548943,The complainant was assaulted near an apartment complex and two gold bangles was taken forcibly.
1063,105670044202500006,202500006,2025-12-21 02:57:00,1157,44,1,1,2,13,1,5025,2025-12-18 15:57:00,2025-12-18 18:57:00,2025-12-21 01:57:00,14.527015,76.016063,The complainant was waylaid near a park gate at dusk and robbed of a wallet with cash at knife-point.
1064,105840010202500004,202500004,2025-07-21 09:35:00,1199,10,1,2,4,40,2,5021,2025-07-20 23:35:00,2025-07-21 00:35:00,2025-07-21 03:35:00,12.628864,77.223993,An unknown person defrauded the complainant of cash promising two gold bangles late in the evening.
1065,105710023202600006,202600006,2026-06-13 16:13:00,1060,23,1,1,1,20,2,5024,2026-06-13 13:13:00,2026-06-13 15:13:00,2026-06-13 14:13:00,13.460593,76.938779,A murder was reported near a park gate following a dispute late in the evening.
1066,105690069202600004,202600004,2026-01-06 03:11:00,1251,69,1,2,2,11,1,5021,2026-01-05 09:11:00,2026-01-05 10:11:00,2026-01-06 03:11:00,13.390788,74.76302,The house near a school was burgled via the rear door; a mobile phone was reported stolen.
1067,105690068202600004,202600004,2026-06-24 06:23:00,1270,68,1,2,4,40,1,5008,2026-06-22 15:23:00,2026-06-22 17:23:00,2026-06-24 04:23:00,13.483951,74.832052,The complainant was cheated of money near a wedding hall on a false promise late in the evening.
1068,105620052202400005,202400005,2024-11-03 17:47:00,1199,52,1,2,2,14,2,5004,2024-11-03 07:47:00,2024-11-03 07:47:00,2024-11-03 12:47:00,15.301027,75.212349,a wallet with cash kept at the workplace near a temple was stolen at night.
1069,105740035202500011,202500011,2025-03-24 07:22:00,1026,35,1,2,2,11,3,5006,2025-03-24 02:22:00,2025-03-24 05:22:00,2025-03-24 04:22:00,12.982774,76.076744,The complainant found the rear door broken on returning home; two gold bangles and cash were missing.
1070,105790058202500007,202500007,2025-06-01 13:10:00,1114,58,1,2,4,40,2,5016,2025-06-01 08:10:00,2025-06-01 09:10:00,2025-06-01 11:10:00,17.191544,76.894164,The complainant was cheated of money near a jewellery shop on a false promise at night.
1071,105750065202400007,202400007,2024-06-24 04:14:00,1051,65,1,2,4,40,2,5002,2024-06-23 18:14:00,2024-06-23 20:14:00,2024-06-24 01:14:00,12.894937,75.310911,An unknown person defrauded the complainant of cash promising ear studs at night.
1072,105690068202400006,202400006,2024-12-31 04:40:00,1041,68,1,2,2,12,2,5006,2024-12-30 17:40:00,2024-12-30 17:40:00,2024-12-31 01:40:00,13.426082,74.822167,Unknown persons rode away a Royal Enfield parked near a park gate late in the evening.
1073,105660045202500009,202500009,2025-08-19 16:03:00,1169,45,1,2,2,14,3,5002,2025-08-19 09:03:00,2025-08-19 12:03:00,2025-08-19 13:03:00,14.227483,76.5411,The complainant reported theft of a handbag from the premises near a school.
1074,105680038202500006,202500006,2025-03-05 23:50:00,1089,38,1,1,1,20,3,5020,2025-03-05 14:50:00,2025-03-05 16:50:00,2025-03-05 17:50:00,13.955618,75.234235,A murder was reported near a school following a dispute at night.
1075,105790057202400004,202400004,2024-01-01 11:35:00,1174,57,1,2,2,10,2,5003,2024-01-01 01:35:00,2024-01-01 02:35:00,2024-01-01 09:35:00,17.317109,76.818653,The complainant states that a passer-by snatched a mangalsutra near a bus stop around noon and fled towards the flyover.
1076,105840008202500010,202500010,2025-06-07 20:09:00,1195,8,1,2,2,14,2,5012,2025-06-07 11:09:00,2025-06-07 12:09:00,2025-06-07 19:09:00,12.749692,77.219337,The complainant reported theft of a wallet with cash from the premises near a bank ATM.
1077,105550048202400012,202400012,2024-10-25 15:05:00,1113,48,1,1,3,30,3,5016,2024-10-25 09:05:00,2024-10-25 09:05:00,2024-10-25 10:05:00,16.006872,74.858855,"Near a temple, an unknown person outraged the modesty of the complainant during office hours."
1078,105680039202400006,202400006,2024-12-05 07:56:00,1025,39,1,1,1,20,2,5005,2024-12-04 19:56:00,2024-12-04 22:56:00,2024-12-05 01:56:00,14.119333,75.284027,The deceased was found with injuries near a government office; murder is suspected.
1079,105680040202500004,202500004,2025-11-02 01:20:00,1225,40,1,2,2,11,2,5010,2025-11-01 16:20:00,2025-11-01 16:20:00,2025-11-01 19:20:00,13.978021,75.109948,The complainant found the roof ventilator broken on returning home; a gold chain and cash were missing.
1080,105650059202400005,202400005,2024-09-12 05:11:00,1184,59,1,2,4,40,3,5017,2024-09-12 01:11:00,2024-09-12 02:11:00,2024-09-12 04:11:00,15.024589,76.546537,The complainant was cheated of money near a school on a false promise during the afternoon.
1081,105840009202600003,202600003,2026-02-07 02:44:00,1132,9,1,2,4,40,3,5003,2026-02-06 22:44:00,2026-02-07 00:44:00,2026-02-07 01:44:00,12.771377,77.354407,An unknown person defrauded the complainant of cash promising a wallet with cash at night.
1082,105660045202600005,202600005,2026-02-23 14:07:00,1175,45,1,1,1,22,1,5002,2026-02-21 01:07:00,2026-02-21 02:07:00,2026-02-23 11:07:00,14.189705,76.533774,An attempt was made on the complainant's life near a hospital gate using a sharp weapon.
1083,105830006202500007,202500007,2025-11-20 12:06:00,1165,6,1,2,1,21,2,5006,2025-11-20 07:06:00,2025-11-20 10:06:00,2025-11-20 09:06:00,13.273599,77.580802,The complainant sustained injuries in an assault near a wedding hall at dusk.
1084,105770015202500007,202500007,2025-12-11 23:23:00,1128,15,1,1,1,22,1,5014,2025-12-10 10:23:00,2025-12-10 10:23:00,2025-12-11 20:23:00,12.133965,76.377602,An attempt was made on the complainant's life near a hospital gate using a sharp weapon.
1085,105770017202400008,202400008,2024-09-24 14:59:00,1230,17,1,2,2,12,2,5024,2024-09-24 11:59:00,2024-09-24 13:59:00,2024-09-24 13:59:00,12.184266,76.364828,The complainant's a Royal Enfield was stolen from outside a bank ATM.
1086,105740034202500011,202500011,2025-12-26 10:24:00,1247,34,1,2,2,10,3,5010,2025-12-26 06:24:00,2025-12-26 09:24:00,2025-12-26 09:24:00,12.90923,76.025521,"While walking near a bank ATM, a laptop bag was snatched from the complainant by a passer-by who escaped into the residential layout."
1087,105720001202500013,202500013,2025-03-06 15:11:00,1148,1,1,2,1,21,2,5006,2025-03-06 04:11:00,2025-03-06 06:11:00,2025-03-06 12:11:00,12.829226,77.549128,A quarrel near a park gate led to the complainant being beaten and hurt.
1088,105680039202600003,202600003,2026-06-05 00:24:00,1219,39,1,1,1,22,2,5022,2026-06-04 22:24:00,2026-06-05 00:24:00,2026-06-04 23:24:00,14.125076,75.309768,An attempt was made on the complainant's life near a bank ATM using a sharp weapon.
1089,105550051202500005,202500005,2025-03-11 01:25:00,1172,51,1,1,2,13,2,5001,2025-03-10 12:25:00,2025-03-10 13:25:00,2025-03-10 19:25:00,16.014921,74.854597,The complainant was assaulted near an apartment complex and two gold bangles was taken forcibly.
1090,105820033202600002,202600002,2026-01-28 02:08:00,1127,33,1,2,2,12,1,5002,2026-01-27 10:08:00,2026-01-27 12:08:00,2026-01-27 20:08:00,13.688898,77.887504,Unknown persons rode away a Hero Splendor parked near a bank ATM at dusk.
1091,105680038202600004,202600004,2026-03-25 23:38:00,1254,38,1,2,4,40,2,5014,2026-03-25 17:38:00,2026-03-25 19:38:00,2026-03-25 23:38:00,13.943392,75.217152,An unknown person defrauded the complainant of cash promising a mobile phone in the early hours.
1092,105670042202500005,202500005,2025-11-04 17:45:00,1163,42,1,2,4,40,1,5015,2025-11-03 08:45:00,2025-11-03 11:45:00,2025-11-04 12:45:00,14.45216,75.965996,The complainant was cheated of money near a hospital gate on a false promise at night.
1093,105620052202600004,202600004,2026-02-01 20:32:00,1235,52,1,1,1,20,2,5001,2026-02-01 14:32:00,2026-02-01 17:32:00,2026-02-01 16:32:00,15.322893,75.192021,The body of a person was found near a petrol bunk at night; a case of murder is registered.
1094,105810028202500009,202500009,2025-07-18 17:06:00,1151,28,1,1,2,13,1,5025,2025-07-17 17:06:00,2025-07-17 19:06:00,2025-07-18 17:06:00,13.1875,78.1493,Two persons on a bike snatched a handbag near a petrol bunk after threatening the complainant.
1095,105750063202600005,202600005,2026-04-06 21:53:00,1038,63,1,1,1,20,1,5013,2026-04-04 09:53:00,2026-04-04 11:53:00,2026-04-06 15:53:00,12.841277,75.298845,The body of a person was found near a temple late in the evening; a case of murder is registered.
1096,105670043202400009,202400009,2024-08-05 15:08:00,1007,43,1,2,2,12,1,5003,2024-08-05 03:08:00,2024-08-05 05:08:00,2024-08-05 11:08:00,14.338006,75.940679,The complainant's a Bajaj Pulsar was stolen from outside a jewellery shop.
1097,105810027202500005,202500005,2025-06-16 02:20:00,1016,27,1,1,1,22,2,5018,2025-06-15 16:20:00,2025-06-15 18:20:00,2025-06-15 20:20:00,13.17772,78.304331,An attempt was made on the complainant's life near a government office using a sharp weapon.
1098,105770017202500005,202500005,2025-11-08 03:40:00,1007,17,1,2,2,14,2,5019,2025-11-07 17:40:00,2025-11-07 19:40:00,2025-11-07 21:40:00,12.166994,76.357063,The complainant reported theft of a mangalsutra from the premises near a hospital gate.
1099,105650060202500011,202500011,2025-02-05 09:02:00,1148,60,1,2,1,21,1,5022,2025-02-02 13:02:00,2025-02-02 14:02:00,2025-02-05 05:02:00,14.989283,76.593613,A quarrel near a jewellery shop led to the complainant being beaten and hurt.
1100,105820032202500006,202500006,2025-06-06 10:56:00,1240,32,1,2,1,21,2,5017,2025-06-06 05:56:00,2025-06-06 08:56:00,2025-06-06 09:56:00,13.528724,77.812342,The complainant sustained injuries in an assault near a vegetable market late in the evening.
1101,105740035202400004,202400004,2024-02-07 09:32:00,1086,35,1,1,1,22,1,5009,2024-02-04 11:32:00,2024-02-04 14:32:00,2024-02-07 05:32:00,13.009058,76.057836,The complainant was attacked with a weapon near a temple around noon and grievously injured.
1102,105730013202500012,202500012,2025-12-13 08:19:00,1024,13,1,1,1,20,2,5023,2025-12-12 23:19:00,2025-12-12 23:19:00,2025-12-13 02:19:00,12.543673,76.701446,The deceased was found with injuries near a government office; murder is suspected.
1103,105840008202500011,202500011,2025-11-09 05:48:00,1248,8,1,1,1,20,1,5011,2025-11-07 13:48:00,2025-11-07 16:48:00,2025-11-09 02:48:00,12.74218,77.191692,A murder was reported near a park gate following a dispute in the early hours.
1104,105770018202400008,202400008,2024-10-12 18:28:00,1103,18,1,1,1,20,2,5006,2024-10-12 10:28:00,2024-10-12 12:28:00,2024-10-12 17:28:00,12.107818,76.452056,The body of a person was found near a vegetable market during office hours; a case of murder is registered.
1105,105660045202500010,202500010,2025-10-29 16:30:00,1143,45,1,1,3,30,3,5003,2025-10-29 08:30:00,2025-10-29 09:30:00,2025-10-29 10:30:00,14.217753,76.506004,"Near a bank ATM, an unknown person outraged the modesty of the complainant at dusk."
1106,105820031202400006,202400006,2024-03-28 18:49:00,1004,31,1,1,3,30,2,5010,2024-03-28 08:49:00,2024-03-28 11:49:00,2024-03-28 15:49:00,13.57577,77.898563,"The complainant, a woman, was harassed and assaulted near a park gate during the afternoon."
1107,105620054202400005,202400005,2024-06-26 08:26:00,1089,54,1,1,3,30,1,5007,2024-06-25 17:26:00,2024-06-25 17:26:00,2024-06-26 03:26:00,15.40749,75.053377,"Near a jewellery shop, an unknown person outraged the modesty of the complainant around noon."
1108,105710026202400008,202400008,2024-09-06 02:54:00,1207,26,1,2,1,21,3,5010,2024-09-06 00:54:00,2024-09-06 00:54:00,2024-09-06 01:54:00,13.443223,76.859747,A quarrel near a government office led to the complainant being beaten and hurt.
1109,105730013202500013,202500013,2025-02-03 08:15:00,1169,13,1,2,2,10,1,5015,2025-02-01 13:15:00,2025-02-01 16:15:00,2025-02-03 08:15:00,12.541691,76.658388,An unidentified person grabbed two gold bangles from the complainant close to a school and disappeared.
1110,105830006202600002,202600002,2026-01-28 07:50:00,1261,6,1,2,1,21,2,5021,2026-01-27 21:50:00,2026-01-27 21:50:00,2026-01-28 05:50:00,13.257233,77.579929,A quarrel near a temple led to the complainant being beaten and hurt.
1111,105740036202400005,202400005,2024-06-05 13:49:00,1087,36,1,2,2,12,3,5020,2024-06-05 06:49:00,2024-06-05 08:49:00,2024-06-05 08:49:00,13.041201,76.215798,The complainant's a Yamaha bike was stolen from outside a temple.
1112,105710026202600003,202600003,2026-03-06 08:31:00,1084,26,1,1,2,13,1,5010,2026-03-05 03:31:00,2026-03-05 04:31:00,2026-03-06 04:31:00,13.441689,76.869669,The complainant was assaulted near a government office and a laptop bag was taken forcibly.
1113,105720001202400005,202400005,2024-05-04 04:26:00,1118,1,1,2,1,21,1,5020,2024-05-03 05:26:00,2024-05-03 07:26:00,2024-05-04 02:26:00,12.851793,77.547916,The complainant sustained injuries in an assault near a wedding hall during office hours.
1114,105680038202400008,202400008,2024-02-19 06:53:00,1268,38,1,2,2,14,2,5001,2024-02-18 21:53:00,2024-02-18 22:53:00,2024-02-19 00:53:00,13.970681,75.234595,a wallet with cash kept at the workplace near a hospital gate was stolen at dusk.
1115,105830004202600003,202600003,2026-05-06 20:07:00,1118,4,1,1,1,20,3,5019,2026-05-06 10:07:00,2026-05-06 10:07:00,2026-05-06 18:07:00,13.235054,77.460959,The body of a person was found near a temple at dusk; a case of murder is registered.
1116,105750062202400010,202400010,2024-10-27 19:38:00,1053,62,1,1,2,13,2,5005,2024-10-27 08:38:00,2024-10-27 08:38:00,2024-10-27 13:38:00,12.967743,75.185028,"Near a petrol bunk, unknown persons robbed the complainant of ear studs and fled towards the market."
1117,105770015202500008,202500008,2025-02-15 11:08:00,1026,15,1,1,1,20,2,5007,2025-02-15 00:08:00,2025-02-15 00:08:00,2025-02-15 07:08:00,12.095292,76.396798,A murder was reported near a bus stop following a dispute during office hours.
1118,105780021202500010,202500010,2025-09-17 18:14:00,1021,21,1,2,2,14,1,5017,2025-09-16 16:14:00,2025-09-16 18:14:00,2025-09-17 13:14:00,11.957609,77.200943,The complainant reported theft of a mobile phone from the premises near a park gate.
1119,105750063202400006,202400006,2024-07-28 15:55:00,1199,63,1,2,2,14,1,5011,2024-07-25 21:55:00,2024-07-26 00:55:00,2024-07-28 11:55:00,12.818313,75.281385,a wallet with cash kept at the workplace near a temple was stolen at dusk.
1120,105730013202400006,202400006,2024-02-23 23:55:00,1082,13,1,1,3,30,1,5004,2024-02-22 16:55:00,2024-02-22 19:55:00,2024-02-23 23:55:00,12.552713,76.701033,"Near a hospital gate, an unknown person outraged the modesty of the complainant during office hours."
1121,105770016202400016,202400016,2024-02-05 06:34:00,1073,16,1,2,2,11,1,5025,2024-02-02 08:34:00,2024-02-02 08:34:00,2024-02-05 01:34:00,12.219463,76.555323,On returning from a trip the complainant found the rear door forced and valuables gone.
1122,105670043202600005,202600005,2026-06-15 19:12:00,1011,43,1,1,1,20,2,5016,2026-06-15 11:12:00,2026-06-15 11:12:00,2026-06-15 17:12:00,14.352268,75.995831,The body of a person was found near a petrol bunk during the afternoon; a case of murder is registered.
1123,105840007202600002,202600002,2026-01-15 20:19:00,1169,7,1,2,2,11,1,5024,2026-01-14 13:19:00,2026-01-14 15:19:00,2026-01-15 15:19:00,12.615115,77.367627,The complainant found the compound gate broken on returning home; ear studs and cash were missing.
1124,105620053202500010,202500010,2025-02-24 13:52:00,1165,53,1,1,2,13,1,5007,2025-02-21 20:52:00,2025-02-21 21:52:00,2025-02-24 13:52:00,15.423467,75.24104,The complainant was assaulted near a vegetable market and a laptop bag was taken forcibly.
1125,105650061202400006,202400006,2024-10-23 11:44:00,1253,61,1,2,2,11,2,5015,2024-10-23 07:44:00,2024-10-23 09:44:00,2024-10-23 11:44:00,15.167941,76.438025,The complainant found the rear door broken on returning home; a laptop bag and cash were missing.
1126,105710023202500007,202500007,2025-12-15 03:10:00,1085,23,1,2,2,14,3,5015,2025-12-14 14:10:00,2025-12-14 14:10:00,2025-12-14 22:10:00,13.468469,76.940809,a wallet with cash was found missing from the complainant's shop near a vegetable market during office hours.
1127,105650060202500012,202500012,2025-06-08 11:41:00,1033,60,1,2,1,21,2,5008,2025-06-08 05:41:00,2025-06-08 07:41:00,2025-06-08 06:41:00,15.024999,76.589517,The complainant sustained injuries in an assault near a bank ATM late in the evening.
1128,105740036202400006,202400006,2024-06-10 03:41:00,1187,36,1,2,2,12,2,5018,2024-06-09 20:41:00,2024-06-09 20:41:00,2024-06-10 03:41:00,13.013683,76.214509,Unknown persons rode away a Bajaj Pulsar parked near a park gate during office hours.
1129,105830004202500005,202500005,2025-03-27 11:47:00,1148,4,1,2,2,11,2,5003,2025-03-27 00:47:00,2025-03-27 01:47:00,2025-03-27 07:47:00,13.247281,77.480599,The house near a hospital gate was burgled via a window grille; a gold chain was reported stolen.
1130,105660045202400004,202400004,2024-03-05 18:05:00,1232,45,1,1,1,20,2,5007,2024-03-05 11:05:00,2024-03-05 13:05:00,2024-03-05 17:05:00,14.185125,76.554028,A murder was reported near a park gate following a dispute around noon.
1131,105550051202400012,202400012,2024-10-11 06:24:00,1230,51,1,2,2,11,2,5002,2024-10-10 21:24:00,2024-10-10 21:24:00,2024-10-11 00:24:00,16.035848,74.839375,Unknown persons entered through a window grille at night and took gold ornaments and cash.
1132,105690066202400007,202400007,2024-04-24 19:48:00,1021,66,1,2,1,21,1,5018,2024-04-22 15:48:00,2024-04-22 15:48:00,2024-04-24 13:48:00,13.451721,74.95406,The complainant sustained injuries in an assault near a school at dusk.
1133,105670044202500007,202500007,2025-10-19 04:46:00,1155,44,1,1,2,13,1,5014,2025-10-18 16:46:00,2025-10-18 16:46:00,2025-10-19 04:46:00,14.508839,75.992958,"Near a bank ATM, unknown persons robbed the complainant of a gold chain and fled towards the highway."
1134,105840007202500007,202500007,2025-04-13 11:39:00,1132,7,1,2,2,12,3,5024,2025-04-13 08:39:00,2025-04-13 11:39:00,2025-04-13 11:39:00,12.596087,77.332666,a Royal Enfield left near a bus stop could not be traced; the steering lock was broken.
1135,105660045202600006,202600006,2026-05-19 09:19:00,1165,45,1,2,4,40,2,5007,2026-05-19 01:19:00,2026-05-19 02:19:00,2026-05-19 04:19:00,14.223497,76.529085,An unknown person defrauded the complainant of cash promising a mangalsutra in the early hours.
1136,105660047202600002,202600002,2026-04-14 16:31:00,1142,47,1,2,4,40,2,5005,2026-04-14 11:31:00,2026-04-14 14:31:00,2026-04-14 16:31:00,14.075358,76.492884,An unknown person defrauded the complainant of cash promising a gold chain during the afternoon.
1137,105790056202500010,202500010,2025-12-05 13:08:00,1176,56,1,1,1,22,2,5011,2025-12-05 05:08:00,2025-12-05 08:08:00,2025-12-05 09:08:00,17.241687,76.9982,The complainant was attacked with a weapon near a park gate late in the evening and grievously injured.
1138,105680037202400005,202400005,2024-10-01 02:14:00,1063,37,1,2,4,40,1,5017,2024-09-30 14:14:00,2024-09-30 17:14:00,2024-09-30 21:14:00,13.993497,75.367045,The complainant was cheated of money near a government office on a false promise during the afternoon.
1139,105840007202500008,202500008,2026-01-02 00:05:00,1043,7,1,2,2,12,1,5021,2025-12-30 03:05:00,2025-12-30 06:05:00,2026-01-01 18:05:00,12.614875,77.351581,a Royal Enfield parked near a vegetable market was found missing late in the evening.
1140,105770017202400009,202400009,2024-05-17 21:08:00,1054,17,1,2,4,40,2,5022,2024-05-17 08:08:00,2024-05-17 10:08:00,2024-05-17 16:08:00,12.166137,76.34894,An unknown person defrauded the complainant of cash promising ear studs late in the evening.
1141,105750063202500007,202500007,2025-07-10 03:55:00,1228,63,1,1,3,30,2,5025,2025-07-09 16:55:00,2025-07-09 19:55:00,2025-07-09 22:55:00,12.84442,75.298427,"The complainant, a woman, was harassed and assaulted near a government office during office hours."
1142,105650061202500006,202500006,2025-08-30 21:26:00,1115,61,1,2,1,21,1,5019,2025-08-29 09:26:00,2025-08-29 11:26:00,2025-08-30 16:26:00,15.168256,76.469384,A quarrel near a bank ATM led to the complainant being beaten and hurt.
1143,105840007202400010,202400010,2024-03-31 03:17:00,1252,7,1,1,1,20,2,5022,2024-03-30 19:17:00,2024-03-30 22:17:00,2024-03-31 01:17:00,12.627353,77.361687,The deceased was found with injuries near an apartment complex; murder is suspected.
1144,105620053202500011,202500011,2025-11-14 17:38:00,1021,53,1,1,3,30,2,5019,2025-11-14 13:38:00,2025-11-14 16:38:00,2025-11-14 15:38:00,15.420873,75.236703,"The complainant, a woman, was harassed and assaulted near a school at dusk."
1145,105550051202500006,202500006,2025-03-12 03:45:00,1111,51,1,2,4,40,1,5009,2025-03-09 11:45:00,2025-03-09 12:45:00,2025-03-12 02:45:00,16.039916,74.827509,An unknown person defrauded the complainant of cash promising a mobile phone around noon.
1146,105550050202600005,202600005,2026-03-30 03:34:00,1038,50,1,2,2,12,1,5021,2026-03-29 10:34:00,2026-03-29 11:34:00,2026-03-30 01:34:00,16.152732,74.850192,a Yamaha bike left near a temple could not be traced; the steering lock was broken.
1147,105650061202400007,202400007,2024-06-05 01:05:00,1198,61,1,2,2,14,2,5019,2024-06-04 23:05:00,2024-06-05 01:05:00,2024-06-05 00:05:00,15.152618,76.459644,The complainant reported theft of a mobile phone from the premises near a petrol bunk.
1148,105750064202400007,202400007,2024-06-30 00:44:00,1104,64,1,2,2,10,2,5022,2024-06-29 16:44:00,2024-06-29 19:44:00,2024-06-29 19:44:00,12.94178,75.355757,a handbag was pulled off the complainant's neck near a petrol bunk; the accused ran towards the bus stand.
1149,105550051202600001,202600001,2026-06-30 00:13:00,1028,51,1,1,1,20,1,5015,2026-06-29 12:13:00,2026-06-29 15:13:00,2026-06-29 22:13:00,16.036068,74.847002,The body of a person was found near a bus stop during office hours; a case of murder is registered.
1150,105750062202500006,202500006,2025-10-07 05:48:00,1018,62,1,2,2,12,1,5016,2025-10-05 05:48:00,2025-10-05 05:48:00,2025-10-07 03:48:00,12.932736,75.192393,a Hero Splendor left near a wedding hall could not be traced; the steering lock was broken.
1151,105810028202400007,202400007,2024-05-11 17:32:00,1069,28,1,2,2,11,3,5024,2024-05-11 12:32:00,2024-05-11 12:32:00,2024-05-11 17:32:00,13.197122,78.151594,On returning from a trip the complainant found a window grille forced and valuables gone.
1152,105660047202600003,202600003,2026-06-23 11:44:00,1114,47,1,1,1,20,3,5008,2026-06-23 04:44:00,2026-06-23 06:44:00,2026-06-23 07:44:00,14.090968,76.513554,A murder was reported near a temple following a dispute at night.
1153,105670042202400013,202400013,2024-02-04 19:43:00,1158,42,1,1,1,20,2,5012,2024-02-04 14:43:00,2024-02-04 14:43:00,2024-02-04 15:43:00,14.429824,75.941319,A murder was reported near a vegetable market following a dispute late in the evening.
1154,105790058202500008,202500008,2025-06-30 11:35:00,1226,58,1,1,2,13,1,5009,2025-06-28 23:35:00,2025-06-29 02:35:00,2025-06-30 10:35:00,17.182047,76.9047,"Near a petrol bunk, unknown persons robbed the complainant of a handbag and fled towards the flyover."
1155,105750063202400007,202400007,2024-10-25 23:35:00,1129,63,1,1,2,13,1,5016,2024-10-24 06:35:00,2024-10-24 07:35:00,2024-10-25 23:35:00,12.833411,75.300787,"Near a school, unknown persons robbed the complainant of a wallet with cash and fled towards the bus stand."
1156,105720003202500012,202500012,2025-08-11 16:48:00,1104,3,1,2,1,21,1,5020,2025-08-08 17:48:00,2025-08-08 20:48:00,2025-08-11 11:48:00,12.977119,77.686173,A quarrel near a bank ATM led to the complainant being beaten and hurt.
1157,105690069202400007,202400007,2024-09-19 03:16:00,1121,69,1,2,4,40,1,5015,2024-09-16 08:16:00,2024-09-16 09:16:00,2024-09-19 01:16:00,13.360714,74.76755,An unknown person defrauded the complainant of cash promising a handbag during the afternoon.
1158,105750064202500009,202500009,2025-08-30 10:34:00,1179,64,1,1,1,20,1,5024,2025-08-29 21:34:00,2025-08-29 21:34:00,2025-08-30 08:34:00,12.954399,75.35932,The body of a person was found near an apartment complex at night; a case of murder is registered.
1159,105620053202400009,202400009,2024-05-10 21:47:00,1099,53,1,2,2,14,1,5023,2024-05-08 21:47:00,2024-05-08 23:47:00,2024-05-10 20:47:00,15.380982,75.243307,a mobile phone was found missing from the complainant's shop near a park gate in the early hours.
1160,105750063202500008,202500008,2025-07-29 02:48:00,1112,63,1,1,3,30,1,5019,2025-07-27 15:48:00,2025-07-27 16:48:00,2025-07-29 02:48:00,12.849521,75.290915,"Near a park gate, an unknown person outraged the modesty of the complainant around noon."
1161,105830006202500008,202500008,2025-04-01 06:08:00,1075,6,1,1,1,20,1,5015,2025-03-30 22:08:00,2025-03-30 23:08:00,2025-04-01 01:08:00,13.277458,77.584085,The body of a person was found near a temple around noon; a case of murder is registered.
1162,105790057202400005,202400005,2024-11-23 11:37:00,1253,57,1,1,1,22,3,5011,2024-11-23 06:37:00,2024-11-23 08:37:00,2024-11-23 07:37:00,17.344101,76.795218,An attempt was made on the complainant's life near a vegetable market using a sharp weapon.
1163,105620054202500005,202500005,2025-04-04 18:04:00,1266,54,1,2,1,21,1,5011,2025-04-04 05:04:00,2025-04-04 06:04:00,2025-04-04 12:04:00,15.422559,75.032947,The complainant was assaulted with a stick near a park gate and injured.
1164,105710025202500007,202500007,2025-08-04 17:53:00,1063,25,1,2,1,21,1,5014,2025-08-02 01:53:00,2025-08-02 04:53:00,2025-08-04 11:53:00,13.459799,76.842608,A quarrel near a vegetable market led to the complainant being beaten and hurt.
1165,105670042202400014,202400014,2024-10-24 14:51:00,1257,42,1,1,2,13,2,5018,2024-10-24 03:51:00,2024-10-24 03:51:00,2024-10-24 09:51:00,14.450518,75.962058,"Near a jewellery shop, unknown persons robbed the complainant of two gold bangles and fled into a bylane."
1166,105680037202400006,202400006,2024-03-31 03:03:00,1175,37,1,2,2,10,1,5021,2024-03-28 11:03:00,2024-03-28 13:03:00,2024-03-30 21:03:00,14.021311,75.316933,a mobile phone was pulled off the complainant's neck near a petrol bunk; the accused ran towards the bus stand.
1167,105670043202500007,202500007,2025-07-21 16:02:00,1123,43,1,2,2,14,1,5011,2025-07-19 09:02:00,2025-07-19 12:02:00,2025-07-21 14:02:00,14.354758,75.956039,The complainant reported theft of ear studs from the premises near a hospital gate.
1168,105660047202400005,202400005,2024-11-30 21:58:00,1208,47,1,2,2,14,1,5013,2024-11-29 16:58:00,2024-11-29 17:58:00,2024-11-30 19:58:00,14.060602,76.508907,a mobile phone kept at the workplace near a bank ATM was stolen at night.
1169,105730014202400005,202400005,2024-11-04 04:43:00,1256,14,1,1,1,20,3,5004,2024-11-04 00:43:00,2024-11-04 03:43:00,2024-11-04 04:43:00,12.600931,76.678593,The body of a person was found near a hospital gate at dusk; a case of murder is registered.
1170,105670042202400015,202400015,2024-09-25 07:24:00,1231,42,1,2,2,14,1,5013,2024-09-24 13:24:00,2024-09-24 14:24:00,2024-09-25 06:24:00,14.427496,75.952742,Household articles and a mobile phone were stolen from the complainant's house near a school.
1171,105790058202400011,202400011,2024-05-02 20:57:00,1135,58,1,1,3,30,2,5025,2024-05-02 14:57:00,2024-05-02 16:57:00,2024-05-02 17:57:00,17.224278,76.905285,"The complainant, a woman, was harassed and assaulted near a petrol bunk in the early hours."
1172,105550048202400013,202400013,2024-09-22 13:42:00,1098,48,1,2,2,14,1,5015,2024-09-20 02:42:00,2024-09-20 03:42:00,2024-09-22 12:42:00,15.971834,74.858263,ear studs was found missing from the complainant's shop near a jewellery shop at dusk.
1173,105680040202500005,202500005,2025-03-24 14:54:00,1197,40,1,2,2,11,1,5003,2025-03-23 08:54:00,2025-03-23 09:54:00,2025-03-24 12:54:00,13.939577,75.130289,The house near a bank ATM was burgled via the kitchen door; two gold bangles was reported stolen.
1174,105770017202600002,202600002,2026-06-13 19:23:00,1088,17,1,2,2,14,1,5023,2026-06-10 20:23:00,2026-06-10 20:23:00,2026-06-13 17:23:00,12.184626,76.370584,a gold chain kept at the workplace near a vegetable market was stolen at dusk.
1175,105690068202400007,202400007,2024-04-18 05:50:00,1224,68,1,1,1,22,2,5010,2024-04-17 23:50:00,2024-04-18 02:50:00,2024-04-18 02:50:00,13.451886,74.836257,An attempt was made on the complainant's life near a park gate using a sharp weapon.
1176,105780021202600002,202600002,2026-06-08 11:48:00,1256,21,1,1,1,22,1,5007,2026-06-06 23:48:00,2026-06-07 00:48:00,2026-06-08 08:48:00,11.954666,77.203841,An attempt was made on the complainant's life near a temple using a sharp weapon.
1177,105690069202400008,202400008,2024-08-14 15:12:00,1216,69,1,1,2,13,2,5005,2024-08-14 06:12:00,2024-08-14 06:12:00,2024-08-14 11:12:00,13.381134,74.747999,The complainant was assaulted near a bank ATM and a mangalsutra was taken forcibly.
1178,105790055202400004,202400004,2024-01-14 17:26:00,1073,55,1,2,1,21,1,5010,2024-01-13 16:26:00,2024-01-13 19:26:00,2024-01-14 14:26:00,17.282236,76.785529,The complainant sustained injuries in an assault near a jewellery shop around noon.
1179,105680038202400009,202400009,2024-02-03 14:20:00,1181,38,1,1,3,30,1,5006,2024-02-03 02:20:00,2024-02-03 05:20:00,2024-02-03 10:20:00,13.98673,75.217801,"Near a government office, an unknown person outraged the modesty of the complainant at dusk."
1180,105650061202400008,202400008,2024-07-20 00:33:00,1200,61,1,1,2,13,1,5006,2024-07-19 01:33:00,2024-07-19 04:33:00,2024-07-20 00:33:00,15.198205,76.434691,"Near a temple, unknown persons robbed the complainant of a wallet with cash and fled towards the market."
1181,105820030202500005,202500005,2025-06-29 11:56:00,1127,30,1,1,1,22,2,5018,2025-06-29 03:56:00,2025-06-29 05:56:00,2025-06-29 09:56:00,13.446315,77.923156,The complainant was attacked with a weapon near a hospital gate around noon and grievously injured.
1182,105810028202500010,202500010,2025-02-15 10:38:00,1252,28,1,2,1,21,1,5012,2025-02-13 13:38:00,2025-02-13 13:38:00,2025-02-15 04:38:00,13.230627,78.155321,The complainant sustained injuries in an assault near an apartment complex late in the evening.
1183,105660047202500011,202500011,2025-08-25 03:32:00,1207,47,1,1,2,13,2,5001,2025-08-24 22:32:00,2025-08-24 22:32:00,2025-08-25 03:32:00,14.051205,76.475748,Two persons on a bike snatched a mobile phone near an apartment complex after threatening the complainant.
1184,105620052202600005,202600005,2026-05-07 12:14:00,1151,52,1,2,1,21,2,5011,2026-05-07 07:14:00,2026-05-07 10:14:00,2026-05-07 09:14:00,15.281224,75.213736,The complainant sustained injuries in an assault near a park gate in the early hours.
1185,105730012202500010,202500010,2025-04-28 23:15:00,1212,12,1,1,1,20,2,5011,2025-04-28 13:15:00,2025-04-28 16:15:00,2025-04-28 20:15:00,12.60661,76.733608,The deceased was found with injuries near a bus stop; murder is suspected.
1186,105730011202500010,202500010,2025-05-25 14:12:00,1267,11,1,1,1,22,2,5020,2025-05-25 10:12:00,2025-05-25 10:12:00,2025-05-25 12:12:00,12.516945,76.795616,An attempt was made on the complainant's life near a school using a sharp weapon.
1187,105790057202400006,202400006,2024-08-10 11:58:00,1158,57,1,2,1,21,1,5011,2024-08-10 02:58:00,2024-08-10 02:58:00,2024-08-10 06:58:00,17.328418,76.812796,The complainant sustained injuries in an assault near a government office late in the evening.
1188,105550050202400003,202400003,2024-04-19 09:41:00,1083,50,1,2,2,10,1,5001,2024-04-16 06:41:00,2024-04-16 07:41:00,2024-04-19 04:41:00,16.202366,74.800715,The complainant states that an unknown person snatched two gold bangles near a vegetable market during the afternoon and fled towards the bus stand.
1189,105680038202600005,202600005,2026-05-26 17:49:00,1088,38,1,1,1,20,2,5010,2026-05-26 04:49:00,2026-05-26 04:49:00,2026-05-26 11:49:00,13.94361,75.205418,The body of a person was found near a jewellery shop in the early hours; a case of murder is registered.
1190,105840010202600002,202600002,2026-03-26 23:27:00,1121,10,1,2,2,12,1,5009,2026-03-26 02:27:00,2026-03-26 05:27:00,2026-03-26 18:27:00,12.652262,77.260618,a Bajaj Pulsar left near a hospital gate could not be traced; the steering lock was broken.
1191,105670041202400007,202400007,2024-01-12 02:02:00,1123,41,1,2,2,14,1,5021,2024-01-10 13:02:00,2024-01-10 13:02:00,2024-01-11 21:02:00,14.441596,75.93559,Household articles and a mangalsutra were stolen from the complainant's house near a wedding hall.
1192,105820030202400008,202400008,2024-01-16 19:06:00,1240,30,1,1,3,30,1,5008,2024-01-15 08:06:00,2024-01-15 11:06:00,2024-01-16 18:06:00,13.460133,77.918727,"Near a wedding hall, an unknown person outraged the modesty of the complainant late in the evening."
1193,105670041202400008,202400008,2024-02-21 18:00:00,1009,41,1,1,1,22,1,5024,2024-02-19 08:00:00,2024-02-19 10:00:00,2024-02-21 14:00:00,14.435476,75.924005,The complainant was attacked with a weapon near a bank ATM at dusk and grievously injured.
1194,105550050202500006,202500006,2025-02-11 22:03:00,1195,50,1,2,2,12,2,5006,2025-02-11 16:03:00,2025-02-11 19:03:00,2025-02-11 18:03:00,16.173451,74.811609,The complainant's a TVS scooter was stolen from outside a petrol bunk.
1195,105550050202500007,202500007,2025-05-12 23:08:00,1133,50,1,1,1,20,2,5003,2025-05-12 15:08:00,2025-05-12 16:08:00,2025-05-12 18:08:00,16.180301,74.802412,A murder was reported near a petrol bunk following a dispute in the early hours.
1196,105680040202600002,202600002,2026-01-11 12:00:00,1147,40,1,2,2,11,1,5005,2026-01-09 04:00:00,2026-01-09 06:00:00,2026-01-11 07:00:00,13.960773,75.113026,Unknown persons entered through a window grille late in the evening and took gold ornaments and cash.
1197,105810029202500008,202500008,2025-02-11 12:42:00,1036,29,1,2,4,40,1,5005,2025-02-08 09:42:00,2025-02-08 10:42:00,2025-02-11 07:42:00,13.034614,78.168746,An unknown person defrauded the complainant of cash promising ear studs during the afternoon.
1198,105830006202400006,202400006,2024-07-02 11:25:00,1087,6,1,1,1,20,1,5002,2024-07-01 08:25:00,2024-07-01 11:25:00,2024-07-02 05:25:00,13.264241,77.570681,The deceased was found with injuries near a bank ATM; murder is suspected.
1199,105790057202500006,202500006,2025-06-17 15:30:00,1107,57,1,1,1,20,1,5015,2025-06-15 06:30:00,2025-06-15 06:30:00,2025-06-17 10:30:00,17.307071,76.77736,The body of a person was found near a vegetable market during the afternoon; a case of murder is registered.
1200,105820030202500006,202500006,2025-07-10 08:06:00,1015,30,1,1,1,22,2,5015,2025-07-10 03:06:00,2025-07-10 06:06:00,2025-07-10 06:06:00,13.494624,77.924143,The complainant was attacked with a weapon near a hospital gate late in the evening and grievously injured.
1201,105690067202400004,202400004,2024-11-27 03:51:00,1218,67,1,1,2,13,1,5025,2024-11-25 01:51:00,2024-11-25 03:51:00,2024-11-27 02:51:00,13.434191,75.008933,The complainant was assaulted near a bus stop and ear studs was taken forcibly.
1202,105810028202600001,202600001,2026-02-22 18:05:00,1250,28,1,2,1,21,2,5007,2026-02-22 07:05:00,2026-02-22 07:05:00,2026-02-22 13:05:00,13.188753,78.15837,The complainant sustained injuries in an assault near a bank ATM at dusk.
1203,105770018202600005,202600005,2026-06-19 09:57:00,1152,18,1,2,4,40,2,5005,2026-06-19 01:57:00,2026-06-19 03:57:00,2026-06-19 08:57:00,12.125381,76.478529,An unknown person defrauded the complainant of cash promising two gold bangles at night.
1204,105550050202600006,202600006,2026-04-09 11:39:00,1011,50,1,1,2,13,1,5008,2026-04-06 14:39:00,2026-04-06 16:39:00,2026-04-09 07:39:00,16.201433,74.853626,Two persons on a bike snatched ear studs near a government office after threatening the complainant.
1205,105690069202600005,202600005,2026-03-09 18:52:00,1214,69,1,1,1,22,1,5016,2026-03-09 02:52:00,2026-03-09 04:52:00,2026-03-09 16:52:00,13.38746,74.778507,An attempt was made on the complainant's life near a jewellery shop using a sharp weapon.
1206,105680039202600004,202600004,2026-06-14 18:22:00,1002,39,1,2,2,11,1,5002,2026-06-13 01:22:00,2026-06-13 01:22:00,2026-06-14 15:22:00,14.096549,75.308514,The complainant found the compound gate broken on returning home; ear studs and cash were missing.
1207,105690069202600006,202600006,2026-04-10 00:22:00,1030,69,1,2,2,14,2,5003,2026-04-09 14:22:00,2026-04-09 15:22:00,2026-04-09 21:22:00,13.340139,74.765157,a wallet with cash kept at the workplace near a hospital gate was stolen during the afternoon.
1208,105720003202400008,202400008,2024-11-11 15:06:00,1198,3,1,1,1,20,2,5007,2024-11-11 07:06:00,2024-11-11 07:06:00,2024-11-11 12:06:00,13.020172,77.689075,The body of a person was found near a bank ATM during office hours; a case of murder is registered.
1209,105690066202400008,202400008,2024-09-17 19:17:00,1116,66,1,2,1,21,2,5006,2024-09-17 09:17:00,2024-09-17 09:17:00,2024-09-17 14:17:00,13.430957,74.951193,A quarrel near a hospital gate led to the complainant being beaten and hurt.
1210,105680040202500006,202500006,2025-01-31 09:54:00,1244,40,1,2,4,40,1,5025,2025-01-28 10:54:00,2025-01-28 11:54:00,2025-01-31 06:54:00,13.963891,75.147737,An unknown person defrauded the complainant of cash promising a mobile phone during office hours.
1211,105660045202400005,202400005,2024-04-27 09:06:00,1204,45,1,2,2,12,1,5025,2024-04-24 18:06:00,2024-04-24 18:06:00,2024-04-27 06:06:00,14.229514,76.521225,Unknown persons rode away a Bajaj Pulsar parked near a hospital gate around noon.
1212,105810027202400009,202400009,2024-04-26 02:27:00,1108,27,1,2,4,40,1,5024,2024-04-25 14:27:00,2024-04-25 17:27:00,2024-04-25 21:27:00,13.176093,78.30914,An unknown person defrauded the complainant of cash promising a laptop bag at dusk.
1213,105840008202400005,202400005,2024-05-18 20:47:00,1199,8,1,1,1,22,2,5021,2024-05-18 11:47:00,2024-05-18 12:47:00,2024-05-18 17:47:00,12.771498,77.195991,The complainant was attacked with a weapon near a hospital gate late in the evening and grievously injured.
1214,105830004202500006,202500006,2025-08-04 05:13:00,1254,4,1,1,1,20,1,5002,2025-08-01 10:13:00,2025-08-01 12:13:00,2025-08-04 02:13:00,13.252025,77.473063,A murder was reported near a wedding hall following a dispute during the afternoon.
1215,105710023202500008,202500008,2025-10-19 15:52:00,1239,23,1,2,2,14,1,5022,2025-10-18 19:52:00,2025-10-18 21:52:00,2025-10-19 12:52:00,13.46533,76.945643,Household articles and a laptop bag were stolen from the complainant's house near a wedding hall.
1216,105710023202400002,202400002,2024-12-18 07:11:00,1244,23,1,1,1,22,2,5022,2024-12-17 19:11:00,2024-12-17 19:11:00,2024-12-18 03:11:00,13.474614,76.929441,The complainant was attacked with a weapon near a hospital gate around noon and grievously injured.
1217,105680037202400007,202400007,2024-04-11 01:00:00,1034,37,1,2,2,14,2,5004,2024-04-10 17:00:00,2024-04-10 18:00:00,2024-04-10 22:00:00,14.034546,75.312424,a laptop bag kept at the workplace near a bank ATM was stolen in the early hours.
1218,105550050202500008,202500008,2025-03-21 16:27:00,1146,50,1,2,4,40,1,5006,2025-03-18 21:27:00,2025-03-18 23:27:00,2025-03-21 14:27:00,16.205503,74.836,An unknown person defrauded the complainant of cash promising a mobile phone at dusk.
1219,105730011202500011,202500011,2025-04-12 07:13:00,1156,11,1,2,2,12,1,5022,2025-04-09 18:13:00,2025-04-09 19:13:00,2025-04-12 04:13:00,12.522373,76.747724,Unknown persons rode away a Honda Activa parked near a school during the afternoon.
1220,105750063202500009,202500009,2025-05-07 13:31:00,1195,63,1,1,3,30,1,5011,2025-05-06 08:31:00,2025-05-06 09:31:00,2025-05-07 09:31:00,12.836871,75.300009,"Near a temple, an unknown person outraged the modesty of the complainant around noon."
1221,105720002202500012,202500012,2025-04-16 15:36:00,1202,2,1,2,2,11,2,5008,2025-04-16 03:36:00,2025-04-16 05:36:00,2025-04-16 11:36:00,12.909761,77.640119,The house near a bus stop was burgled via the rear door; a mobile phone was reported stolen.
1222,105750062202400011,202400011,2024-03-02 03:02:00,1119,62,1,1,2,13,1,5001,2024-02-28 22:02:00,2024-02-28 23:02:00,2024-03-02 00:02:00,12.971938,75.204945,The complainant was waylaid near a park gate in the early hours and robbed of ear studs at knife-point.
1223,105780022202500009,202500009,2025-03-02 07:04:00,1218,22,1,2,4,40,1,5013,2025-02-27 05:04:00,2025-02-27 05:04:00,2025-03-02 04:04:00,11.866015,77.085854,The complainant was cheated of money near a petrol bunk on a false promise in the early hours.
1224,105830005202400002,202400002,2024-11-06 17:03:00,1207,5,1,2,2,10,2,5020,2024-11-06 10:03:00,2024-11-06 11:03:00,2024-11-06 17:03:00,13.148319,77.490005,a mobile phone was pulled off the complainant's neck near a bank ATM; the accused ran towards the flyover.
1225,105620052202600006,202600006,2026-06-04 15:48:00,1255,52,1,2,2,14,2,5004,2026-06-04 08:48:00,2026-06-04 08:48:00,2026-06-04 10:48:00,15.307174,75.216722,Household articles and a handbag were stolen from the complainant's house near a wedding hall.
1226,105550049202600004,202600004,2026-05-20 21:56:00,1009,49,1,1,3,30,2,5017,2026-05-20 10:56:00,2026-05-20 10:56:00,2026-05-20 15:56:00,16.15122,74.931117,"Near a jewellery shop, an unknown person outraged the modesty of the complainant during office hours."
1227,105750065202400008,202400008,2024-04-29 21:09:00,1112,65,1,2,4,40,1,5014,2024-04-29 09:09:00,2024-04-29 11:09:00,2024-04-29 18:09:00,12.900956,75.336868,The complainant was cheated of money near a bank ATM on a false promise around noon.
1228,105730011202400008,202400008,2024-11-29 01:01:00,1242,11,1,1,1,22,1,5018,2024-11-26 01:01:00,2024-11-26 03:01:00,2024-11-29 01:01:00,12.485657,76.76591,An attempt was made on the complainant's life near a school using a sharp weapon.
1229,105730012202500011,202500011,2025-09-11 09:10:00,1185,12,1,2,2,12,1,5006,2025-09-10 23:10:00,2025-09-11 02:10:00,2025-09-11 04:10:00,12.582467,76.739412,The complainant's a TVS scooter was stolen from outside a bank ATM.
1230,105660045202500011,202500011,2025-08-30 21:51:00,1207,45,1,2,2,10,2,5005,2025-08-30 18:51:00,2025-08-30 18:51:00,2025-08-30 20:51:00,14.22138,76.505183,ear studs was pulled off the complainant's neck near a hospital gate; the accused ran towards the market.
1231,105550051202600002,202600002,2026-01-05 18:29:00,1211,51,1,2,2,10,2,5005,2026-01-05 07:29:00,2026-01-05 10:29:00,2026-01-05 15:29:00,16.040536,74.849808,a laptop bag was pulled off the complainant's neck near a school; the accused ran into the lake-bed area.
1232,105740036202500010,202500010,2025-01-03 11:51:00,1254,36,1,1,1,20,3,5004,2025-01-03 01:51:00,2025-01-03 02:51:00,2025-01-03 05:51:00,13.043217,76.213544,The body of a person was found near a wedding hall at dusk; a case of murder is registered.
1233,105740036202500011,202500011,2025-03-16 12:14:00,1125,36,1,2,2,10,1,5016,2025-03-16 01:14:00,2025-03-16 03:14:00,2025-03-16 09:14:00,13.002256,76.226309,a handbag was pulled off the complainant's neck near a vegetable market; the accused ran towards the ring road.
1234,105690068202500004,202500004,2025-08-15 02:10:00,1060,68,1,1,1,22,1,5020,2025-08-13 00:10:00,2025-08-13 02:10:00,2025-08-14 21:10:00,13.472761,74.846823,An attempt was made on the complainant's life near a temple using a sharp weapon.
1235,105780022202500010,202500010,2025-05-28 16:50:00,1028,22,1,1,3,30,2,5004,2025-05-28 10:50:00,2025-05-28 11:50:00,2025-05-28 16:50:00,11.865113,77.057253,"The complainant, a woman, was harassed and assaulted near a temple late in the evening."
1236,105660046202600007,202600007,2026-02-05 08:52:00,1108,46,1,2,2,10,2,5007,2026-02-05 02:52:00,2026-02-05 03:52:00,2026-02-05 08:52:00,14.101411,76.55506,"While walking near an apartment complex, a gold chain was snatched from the complainant by a passer-by who escaped into the residential layout."
1237,105840007202500009,202500009,2025-01-19 08:23:00,1044,7,1,1,2,13,2,5005,2025-01-19 01:23:00,2025-01-19 03:23:00,2025-01-19 05:23:00,12.593717,77.378643,"Near a jewellery shop, unknown persons robbed the complainant of ear studs and fled towards the bus stand."
1238,105740036202500012,202500012,2025-01-17 10:35:00,1245,36,1,2,4,40,1,5014,2025-01-16 13:35:00,2025-01-16 14:35:00,2025-01-17 06:35:00,13.012566,76.207612,An unknown person defrauded the complainant of cash promising a laptop bag during office hours.
1239,105720001202600004,202600004,2026-02-25 10:20:00,1222,1,1,2,1,21,2,5013,2026-02-25 04:20:00,2026-02-25 07:20:00,2026-02-25 09:20:00,12.85329,77.544683,The complainant was assaulted with a stick near a jewellery shop and injured.
1240,105810027202500006,202500006,2025-05-12 07:33:00,1086,27,1,1,1,20,2,5010,2025-05-12 06:33:00,2025-05-12 09:33:00,2025-05-12 07:33:00,13.190129,78.329574,A murder was reported near a temple following a dispute at dusk.
1241,105550050202400004,202400004,2024-01-13 02:24:00,1193,50,1,2,4,40,1,5011,2024-01-12 00:24:00,2024-01-12 00:24:00,2024-01-13 00:24:00,16.162982,74.835763,An unknown person defrauded the complainant of cash promising a mangalsutra in the early hours.
1242,105840008202500012,202500012,2025-06-27 13:16:00,1273,8,1,2,2,10,3,5008,2025-06-27 06:16:00,2025-06-27 07:16:00,2025-06-27 07:16:00,12.770663,77.204364,The complainant states that two youths snatched a laptop bag near a jewellery shop at dusk and fled towards the ring road.
1243,105620054202400006,202400006,2024-11-03 03:20:00,1108,54,1,2,1,21,1,5015,2024-10-31 01:20:00,2024-10-31 02:20:00,2024-11-03 00:20:00,15.410173,75.004454,The complainant was assaulted with a stick near a jewellery shop and injured.
1244,105730013202400007,202400007,2024-08-29 01:46:00,1129,13,1,1,1,22,2,5008,2024-08-28 20:46:00,2024-08-28 21:46:00,2024-08-28 23:46:00,12.553113,76.694365,The complainant was attacked with a weapon near an apartment complex late in the evening and grievously injured.
1245,105740036202600003,202600003,2026-01-03 10:16:00,1162,36,1,1,3,30,1,5014,2026-01-02 12:16:00,2026-01-02 14:16:00,2026-01-03 06:16:00,13.022569,76.203724,"The complainant, a woman, was harassed and assaulted near a petrol bunk around noon."
1246,105840008202500013,202500013,2025-04-21 07:08:00,1083,8,1,2,2,12,1,5015,2025-04-19 05:08:00,2025-04-19 06:08:00,2025-04-21 01:08:00,12.73835,77.20172,Unknown persons rode away a Honda Activa parked near an apartment complex in the early hours.
1247,105750065202600004,202600004,2026-01-27 23:11:00,1159,65,1,2,1,21,3,5007,2026-01-27 13:11:00,2026-01-27 16:11:00,2026-01-27 18:11:00,12.902142,75.316342,A quarrel near a petrol bunk led to the complainant being beaten and hurt.
1248,105780020202600003,202600003,2026-04-22 03:26:00,1200,20,1,2,2,11,1,5012,2026-04-21 13:26:00,2026-04-21 15:26:00,2026-04-22 03:26:00,12.017673,77.047413,On returning from a trip the complainant found the roof ventilator forced and valuables gone.
1249,105680039202600005,202600005,2026-06-02 00:44:00,1080,39,1,1,1,22,2,5004,2026-06-01 20:44:00,2026-06-01 23:44:00,2026-06-02 00:44:00,14.104932,75.334862,The complainant was attacked with a weapon near a bus stop late in the evening and grievously injured.
1250,105720001202500014,202500014,2025-10-16 10:22:00,1211,1,1,2,2,14,2,5011,2025-10-16 04:22:00,2025-10-16 05:22:00,2025-10-16 08:22:00,12.856726,77.550689,a wallet with cash was found missing from the complainant's shop near a wedding hall around noon.
1251,105690069202600007,202600007,2026-01-08 22:21:00,1084,69,1,1,3,30,2,5025,2026-01-08 15:21:00,2026-01-08 16:21:00,2026-01-08 21:21:00,13.389802,74.796414,"Near a government office, an unknown person outraged the modesty of the complainant in the early hours."
1252,105660045202500012,202500012,2025-11-26 23:33:00,1201,45,1,2,2,14,2,5024,2025-11-26 14:33:00,2025-11-26 16:33:00,2025-11-26 22:33:00,14.19682,76.53346,a wallet with cash kept at the workplace near a jewellery shop was stolen at night.
1253,105710023202500009,202500009,2025-09-20 22:10:00,1240,23,1,2,2,14,3,5025,2025-09-20 16:10:00,2025-09-20 16:10:00,2025-09-20 19:10:00,13.465367,76.93787,The complainant reported theft of a handbag from the premises near a bus stop.
1254,105780019202600005,202600005,2026-02-28 20:18:00,1122,19,1,2,2,11,2,5019,2026-02-28 07:18:00,2026-02-28 09:18:00,2026-02-28 14:18:00,12.082492,77.159343,The house near a government office was burgled via the roof ventilator; a gold chain was reported stolen.
1255,105840010202400006,202400006,2024-07-08 12:19:00,1233,10,1,2,2,11,1,5002,2024-07-05 12:19:00,2024-07-05 15:19:00,2024-07-08 08:19:00,12.623205,77.251679,The complainant found the main door lock broken on returning home; a mangalsutra and cash were missing.
1256,105620052202400006,202400006,2024-07-05 07:45:00,1246,52,1,1,1,22,1,5017,2024-07-02 08:45:00,2024-07-02 09:45:00,2024-07-05 07:45:00,15.291401,75.216268,The complainant was attacked with a weapon near a bus stop in the early hours and grievously injured.
1257,105680039202500008,202500008,2025-01-05 21:17:00,1051,39,1,1,3,30,2,5014,2025-01-05 08:17:00,2025-01-05 10:17:00,2025-01-05 15:17:00,14.083796,75.313647,"The complainant, a woman, was harassed and assaulted near a hospital gate during the afternoon."
1258,105820030202400009,202400009,2024-03-16 15:13:00,1057,30,1,1,1,22,1,5001,2024-03-13 21:13:00,2024-03-13 21:13:00,2024-03-16 12:13:00,13.465732,77.908388,An attempt was made on the complainant's life near a petrol bunk using a sharp weapon.
1259,105670042202400016,202400016,2024-08-23 17:57:00,1106,42,1,2,2,12,1,5006,2024-08-20 16:57:00,2024-08-20 19:57:00,2024-08-23 11:57:00,14.454856,75.976309,Unknown persons rode away a Royal Enfield parked near a temple late in the evening.
1260,105660045202400006,202400006,2024-06-19 14:16:00,1153,45,1,2,2,11,1,5009,2024-06-16 21:16:00,2024-06-16 23:16:00,2024-06-19 10:16:00,14.192679,76.501095,Unknown persons entered through the kitchen door around noon and took gold ornaments and cash.
1261,105780019202600006,202600006,2026-02-25 00:28:00,1056,19,1,2,4,40,1,5018,2026-02-24 15:28:00,2026-02-24 16:28:00,2026-02-24 19:28:00,12.070035,77.174306,The complainant was cheated of money near an apartment complex on a false promise around noon.
1262,105740036202400007,202400007,2024-10-12 00:23:00,1138,36,1,2,2,11,2,5008,2024-10-11 23:23:00,2024-10-12 01:23:00,2024-10-12 00:23:00,13.028896,76.177853,The complainant found the kitchen door broken on returning home; a handbag and cash were missing.
1263,105750062202500007,202500007,2025-05-07 20:05:00,1218,62,1,2,4,40,1,5025,2025-05-06 09:05:00,2025-05-06 10:05:00,2025-05-07 19:05:00,12.918115,75.203835,An unknown person defrauded the complainant of cash promising a handbag in the early hours.
1264,105670042202400017,202400017,2024-07-27 14:10:00,1180,42,1,2,2,10,3,5002,2024-07-27 09:10:00,2024-07-27 12:10:00,2024-07-27 10:10:00,14.449198,75.939802,The complainant states that a passer-by snatched a mangalsutra near a bus stop at dusk and fled towards the highway.
1265,105770016202500007,202500007,2025-04-17 07:53:00,1198,16,1,2,2,11,3,5022,2025-04-16 21:53:00,2025-04-16 21:53:00,2025-04-17 04:53:00,12.211811,76.561213,On returning from a trip the complainant found a window grille forced and valuables gone.
1266,105690066202500003,202500003,2025-06-01 09:16:00,1095,66,1,1,3,30,1,5023,2025-05-31 04:16:00,2025-05-31 05:16:00,2025-06-01 06:16:00,13.471649,74.949941,"Near a petrol bunk, an unknown person outraged the modesty of the complainant at dusk."
1267,105780020202600004,202600004,2026-01-15 04:05:00,1207,20,1,1,1,22,2,5010,2026-01-14 21:05:00,2026-01-14 21:05:00,2026-01-15 00:05:00,12.025807,77.058657,An attempt was made on the complainant's life near a bank ATM using a sharp weapon.
1268,105840009202500008,202500008,2025-01-10 00:32:00,1134,9,1,2,2,11,1,5002,2025-01-08 03:32:00,2025-01-08 05:32:00,2025-01-09 21:32:00,12.765917,77.370938,Unknown persons entered through the main door lock at dusk and took gold ornaments and cash.
1269,105790056202600007,202600007,2026-03-20 04:38:00,1218,56,1,2,2,12,2,5024,2026-03-19 17:38:00,2026-03-19 20:38:00,2026-03-19 22:38:00,17.202158,77.009766,Unknown persons rode away a Yamaha bike parked near a vegetable market in the early hours.
1270,105720002202400007,202400007,2024-09-18 21:41:00,1266,2,1,2,2,14,2,5014,2024-09-18 19:41:00,2024-09-18 19:41:00,2024-09-18 20:41:00,12.859382,77.626523,Household articles and ear studs were stolen from the complainant's house near a temple.
1271,105710024202500012,202500012,2025-01-06 08:38:00,1242,24,1,1,2,13,3,5002,2025-01-06 02:38:00,2025-01-06 04:38:00,2025-01-06 05:38:00,13.347898,76.934475,The complainant was waylaid near a park gate late in the evening and robbed of two gold bangles at knife-point.
1272,105670044202500008,202500008,2025-05-04 00:38:00,1104,44,1,1,1,20,2,5016,2025-05-03 12:38:00,2025-05-03 14:38:00,2025-05-03 18:38:00,14.54276,75.977494,The body of a person was found near a hospital gate at dusk; a case of murder is registered.
1273,105820031202400007,202400007,2024-09-15 06:09:00,1114,31,1,2,2,14,2,5012,2024-09-14 22:09:00,2024-09-14 22:09:00,2024-09-15 05:09:00,13.597425,77.887949,The complainant reported theft of a laptop bag from the premises near a hospital gate.
1274,105710024202500013,202500013,2025-01-10 07:22:00,1237,24,1,2,1,21,3,5024,2025-01-09 23:22:00,2025-01-10 00:22:00,2025-01-10 02:22:00,13.331125,76.957431,The complainant was assaulted with a stick near a wedding hall and injured.
1275,105840009202400016,202400016,2024-03-30 02:12:00,1260,9,1,2,2,10,1,5023,2024-03-27 11:12:00,2024-03-27 14:12:00,2024-03-29 23:12:00,12.777389,77.39948,An unidentified person grabbed a gold chain from the complainant close to a bank ATM and disappeared.
1276,105840010202600003,202600003,2026-03-28 15:45:00,1199,10,1,1,3,30,2,5009,2026-03-28 05:45:00,2026-03-28 07:45:00,2026-03-28 09:45:00,12.648869,77.271341,"The complainant, a woman, was harassed and assaulted near a government office during office hours."
1277,105840008202500014,202500014,2025-04-05 01:35:00,1270,8,1,1,3,30,1,5007,2025-04-03 02:35:00,2025-04-03 03:35:00,2025-04-05 01:35:00,12.724979,77.21112,"Near an apartment complex, an unknown person outraged the modesty of the complainant during the afternoon."
1278,105710025202500008,202500008,2025-10-11 05:23:00,1270,25,1,2,1,21,2,5018,2025-10-11 00:23:00,2025-10-11 00:23:00,2025-10-11 05:23:00,13.412204,76.830801,A quarrel near an apartment complex led to the complainant being beaten and hurt.
1279,105690066202400009,202400009,2024-02-01 01:41:00,1220,66,1,2,1,21,2,5023,2024-01-31 16:41:00,2024-01-31 19:41:00,2024-01-31 19:41:00,13.419234,74.906609,The complainant was assaulted with a stick near a park gate and injured.
1280,105690066202600006,202600006,2026-01-03 17:11:00,1116,66,1,2,1,21,2,5004,2026-01-03 08:11:00,2026-01-03 08:11:00,2026-01-03 16:11:00,13.448361,74.937509,The complainant sustained injuries in an assault near a government office around noon.
1281,105750063202500010,202500010,2025-06-27 06:28:00,1272,63,1,2,2,11,1,5011,2025-06-24 03:28:00,2025-06-24 04:28:00,2025-06-27 02:28:00,12.847326,75.315156,The complainant found a window grille broken on returning home; two gold bangles and cash were missing.
1282,105660045202400007,202400007,2024-08-18 07:59:00,1110,45,1,2,4,40,2,5022,2024-08-18 03:59:00,2024-08-18 06:59:00,2024-08-18 06:59:00,14.213703,76.496353,The complainant was cheated of money near a park gate on a false promise around noon.
1283,105780019202500005,202500005,2025-05-19 21:02:00,1179,19,1,1,1,22,1,5008,2025-05-17 05:02:00,2025-05-17 06:02:00,2025-05-19 16:02:00,12.093902,77.167358,An attempt was made on the complainant's life near a hospital gate using a sharp weapon.
1284,105740035202500012,202500012,2025-01-21 06:31:00,1028,35,1,2,4,40,2,5019,2025-01-21 03:31:00,2025-01-21 04:31:00,2025-01-21 06:31:00,13.015629,76.048746,An unknown person defrauded the complainant of cash promising a mangalsutra during the afternoon.
1285,105810029202500009,202500009,2025-11-07 23:23:00,1072,29,1,2,1,21,2,5022,2025-11-07 16:23:00,2025-11-07 19:23:00,2025-11-07 17:23:00,13.030161,78.149527,The complainant sustained injuries in an assault near a vegetable market in the early hours.
1286,105690066202600007,202600007,2026-01-04 04:46:00,1192,66,1,1,1,20,1,5012,2026-01-03 21:46:00,2026-01-03 21:46:00,2026-01-04 03:46:00,13.425275,74.894836,The deceased was found with injuries near a temple; murder is suspected.
1287,105780021202500011,202500011,2025-02-06 16:30:00,1220,21,1,2,4,40,1,5012,2025-02-03 14:30:00,2025-02-03 17:30:00,2025-02-06 11:30:00,11.972473,77.209483,The complainant was cheated of money near an apartment complex on a false promise during the afternoon.
1288,105820030202400010,202400010,2024-10-19 14:24:00,1151,30,1,1,1,20,1,5011,2024-10-18 15:24:00,2024-10-18 16:24:00,2024-10-19 09:24:00,13.498498,77.961489,The body of a person was found near a government office at night; a case of murder is registered.
1289,105710026202400009,202400009,2024-11-19 03:58:00,1081,26,1,1,1,22,1,5009,2024-11-18 13:58:00,2024-11-18 15:58:00,2024-11-18 21:58:00,13.423154,76.851617,The complainant was attacked with a weapon near a park gate around noon and grievously injured.
1290,105750063202400008,202400008,2024-03-01 19:00:00,1095,63,1,2,2,11,2,5006,2024-03-01 13:00:00,2024-03-01 13:00:00,2024-03-01 17:00:00,12.858822,75.289789,The house near an apartment complex was burgled via a window grille; a laptop bag was reported stolen.
1291,105710025202500009,202500009,2025-09-22 10:13:00,1031,25,1,1,1,22,1,5013,2025-09-20 06:13:00,2025-09-20 08:13:00,2025-09-22 07:13:00,13.460927,76.819852,An attempt was made on the complainant's life near a bus stop using a sharp weapon.
1292,105840010202500005,202500005,2025-10-27 04:15:00,1171,10,1,2,2,10,1,5025,2025-10-26 09:15:00,2025-10-26 09:15:00,2025-10-27 04:15:00,12.618815,77.244476,"While walking near a hospital gate, ear studs was snatched from the complainant by a passer-by who escaped into the lake-bed area."
1293,105690069202600008,202600008,2026-02-21 03:55:00,1112,69,1,2,2,11,1,5001,2026-02-19 03:55:00,2026-02-19 04:55:00,2026-02-21 02:55:00,13.332973,74.764532,The complainant found a window grille broken on returning home; two gold bangles and cash were missing.
1294,105770016202600006,202600006,2026-01-22 07:21:00,1223,16,1,2,2,11,2,5019,2026-01-22 00:21:00,2026-01-22 00:21:00,2026-01-22 05:21:00,12.266046,76.522049,On returning from a trip the complainant found the compound gate forced and valuables gone.
1295,105550049202400008,202400008,2024-07-04 08:26:00,1020,49,1,2,4,40,2,5011,2024-07-03 23:26:00,2024-07-04 02:26:00,2024-07-04 03:26:00,16.194226,74.943801,An unknown person defrauded the complainant of cash promising two gold bangles at night.
1296,105730011202500012,202500012,2025-10-19 04:47:00,1219,11,1,1,3,30,2,5024,2025-10-18 20:47:00,2025-10-18 21:47:00,2025-10-18 23:47:00,12.501412,76.790925,"Near a wedding hall, an unknown person outraged the modesty of the complainant at night."
1297,105780019202500006,202500006,2025-02-27 15:04:00,1117,19,1,1,3,30,2,5024,2025-02-27 03:04:00,2025-02-27 05:04:00,2025-02-27 11:04:00,12.072242,77.202545,"Near a wedding hall, an unknown person outraged the modesty of the complainant during the afternoon."
1298,105670042202500006,202500006,2025-08-29 13:25:00,1187,42,1,1,3,30,2,5016,2025-08-29 05:25:00,2025-08-29 05:25:00,2025-08-29 09:25:00,14.412674,75.924607,"Near an apartment complex, an unknown person outraged the modesty of the complainant at dusk."
1299,105810027202400010,202400010,2024-09-26 04:24:00,1068,27,1,1,1,22,2,5025,2024-09-25 22:24:00,2024-09-25 23:24:00,2024-09-26 00:24:00,13.15873,78.297069,An attempt was made on the complainant's life near a jewellery shop using a sharp weapon.
1300,105620053202400010,202400010,2024-09-19 19:11:00,1052,53,1,1,1,22,1,5018,2024-09-18 18:11:00,2024-09-18 18:11:00,2024-09-19 14:11:00,15.378533,75.219913,The complainant was attacked with a weapon near a park gate during the afternoon and grievously injured.
1301,105620053202400011,202400011,2024-02-23 06:15:00,1081,53,1,2,2,11,2,5014,2024-02-22 20:15:00,2024-02-22 22:15:00,2024-02-23 04:15:00,15.404722,75.191532,The house near a petrol bunk was burgled via the roof ventilator; ear studs was reported stolen.
1302,105810029202500010,202500010,2025-09-09 04:34:00,1162,29,1,2,4,40,2,5008,2025-09-08 20:34:00,2025-09-08 23:34:00,2025-09-09 01:34:00,13.031334,78.158405,The complainant was cheated of money near an apartment complex on a false promise at dusk.
1303,105550050202500009,202500009,2025-05-26 00:01:00,1150,50,1,2,2,10,2,5015,2025-05-25 17:01:00,2025-05-25 17:01:00,2025-05-25 20:01:00,16.205914,74.795497,ear studs was pulled off the complainant's neck near a jewellery shop; the accused ran towards the bus stand.
1304,105750062202400012,202400012,2024-08-14 11:51:00,1025,62,1,2,2,11,2,5014,2024-08-14 04:51:00,2024-08-14 06:51:00,2024-08-14 06:51:00,12.929255,75.19027,On returning from a trip the complainant found the compound gate forced and valuables gone.
1305,105620054202600005,202600005,2026-03-13 03:57:00,1141,54,1,1,1,20,1,5011,2026-03-10 02:57:00,2026-03-10 03:57:00,2026-03-13 01:57:00,15.400457,75.045217,The deceased was found with injuries near a wedding hall; murder is suspected.
1306,105670042202400018,202400018,2024-01-07 09:22:00,1036,42,1,2,2,14,1,5013,2024-01-05 05:22:00,2024-01-05 05:22:00,2024-01-07 03:22:00,14.458589,75.950455,a gold chain kept at the workplace near a wedding hall was stolen at night.
1307,105730012202500012,202500012,2025-10-03 02:27:00,1001,12,1,2,2,14,1,5016,2025-10-02 05:27:00,2025-10-02 06:27:00,2025-10-02 22:27:00,12.596486,76.7581,a handbag was found missing from the complainant's shop near a bank ATM in the early hours.
1308,105620052202500011,202500011,2025-01-17 20:23:00,1001,52,1,2,2,11,2,5011,2025-01-17 14:23:00,2025-01-17 17:23:00,2025-01-17 15:23:00,15.330476,75.216528,On returning from a trip the complainant found the kitchen door forced and valuables gone.
1309,105730011202500013,202500013,2025-03-27 18:25:00,1198,11,1,1,2,13,2,5020,2025-03-27 12:25:00,2025-03-27 15:25:00,2025-03-27 14:25:00,12.490407,76.751758,Two persons on a bike snatched a wallet with cash near a petrol bunk after threatening the complainant.
1310,105690068202500005,202500005,2025-07-16 05:52:00,1018,68,1,1,2,13,1,5010,2025-07-13 05:52:00,2025-07-13 05:52:00,2025-07-16 02:52:00,13.470525,74.824049,"Near a temple, unknown persons robbed the complainant of a handbag and fled towards the bus stand."
1311,105770016202500008,202500008,2025-07-31 14:55:00,1083,16,1,2,1,21,2,5003,2025-07-31 07:55:00,2025-07-31 08:55:00,2025-07-31 12:55:00,12.222801,76.561778,The complainant sustained injuries in an assault near a hospital gate during the afternoon.
1312,105660045202500013,202500013,2025-04-03 02:12:00,1249,45,1,2,1,21,2,5020,2025-04-02 16:12:00,2025-04-02 18:12:00,2025-04-02 23:12:00,14.208436,76.552537,The complainant sustained injuries in an assault near a jewellery shop in the early hours.
1313,105790058202500009,202500009,2025-08-19 09:51:00,1070,58,1,1,1,20,2,5013,2025-08-19 03:51:00,2025-08-19 06:51:00,2025-08-19 08:51:00,17.201598,76.899872,A murder was reported near a temple following a dispute during the afternoon.
1314,105820030202500007,202500007,2025-08-01 08:19:00,1238,30,1,2,1,21,2,5009,2025-08-01 02:19:00,2025-08-01 03:19:00,2025-08-01 03:19:00,13.460972,77.922815,The complainant was assaulted with a stick near a government office and injured.
1315,105780021202500012,202500012,2025-07-19 01:17:00,1086,21,1,1,1,22,1,5018,2025-07-16 15:17:00,2025-07-16 15:17:00,2025-07-18 19:17:00,11.916155,77.176917,An attempt was made on the complainant's life near a hospital gate using a sharp weapon.
1316,105660046202400009,202400009,2024-01-31 14:12:00,1125,46,1,1,1,22,3,5003,2024-01-31 03:12:00,2024-01-31 06:12:00,2024-01-31 08:12:00,14.122128,76.543896,The complainant was attacked with a weapon near a wedding hall at night and grievously injured.
1317,105780019202600007,202600007,2026-02-01 22:08:00,1160,19,1,1,2,13,2,5008,2026-02-01 13:08:00,2026-02-01 16:08:00,2026-02-01 18:08:00,12.072544,77.156895,"Near a petrol bunk, unknown persons robbed the complainant of a gold chain and fled towards the flyover."
1318,105690069202400009,202400009,2024-01-12 04:50:00,1020,69,1,2,2,12,1,5002,2024-01-10 00:50:00,2024-01-10 00:50:00,2024-01-12 01:50:00,13.363544,74.775687,The complainant's a Bajaj Pulsar was stolen from outside a school.
1319,105740035202500013,202500013,2025-12-12 09:29:00,1159,35,1,1,3,30,2,5005,2025-12-12 04:29:00,2025-12-12 04:29:00,2025-12-12 08:29:00,12.994469,76.041882,"Near a government office, an unknown person outraged the modesty of the complainant at night."
1320,105840009202500009,202500009,2025-10-15 05:56:00,1185,9,1,2,2,14,1,5010,2025-10-13 20:56:00,2025-10-13 23:56:00,2025-10-15 03:56:00,12.759969,77.379735,The complainant reported theft of two gold bangles from the premises near a school.
1321,105840010202600004,202600004,2026-06-14 04:52:00,1092,10,1,2,2,10,1,5011,2026-06-12 19:52:00,2026-06-12 22:52:00,2026-06-14 02:52:00,12.662749,77.262252,"While walking near a park gate, a mangalsutra was snatched from the complainant by a passer-by who escaped towards the flyover."
1322,105830006202500009,202500009,2025-04-20 13:17:00,1137,6,1,2,2,14,1,5014,2025-04-19 21:17:00,2025-04-19 23:17:00,2025-04-20 07:17:00,13.24123,77.615825,Household articles and a laptop bag were stolen from the complainant's house near a bus stop.
1323,105780020202400008,202400008,2024-12-02 18:50:00,1164,20,1,1,1,22,2,5009,2024-12-02 07:50:00,2024-12-02 07:50:00,2024-12-02 12:50:00,12.060363,77.073853,The complainant was attacked with a weapon near a park gate at night and grievously injured.
1324,105710024202600007,202600007,2026-02-05 05:10:00,1254,24,1,1,2,13,1,5012,2026-02-02 19:10:00,2026-02-02 22:10:00,2026-02-04 23:10:00,13.301597,76.935594,Two persons on a bike snatched a laptop bag near a government office after threatening the complainant.
1325,105750065202500003,202500003,2025-06-04 20:48:00,1124,65,1,2,2,11,2,5020,2025-06-04 11:48:00,2025-06-04 14:48:00,2025-06-04 19:48:00,12.912427,75.33259,On returning from a trip the complainant found the rear door forced and valuables gone.
1326,105810027202400011,202400011,2024-06-10 10:06:00,1064,27,1,2,2,10,1,5002,2024-06-09 14:06:00,2024-06-09 16:06:00,2024-06-10 10:06:00,13.182745,78.323148,An unidentified person grabbed ear studs from the complainant close to a hospital gate and disappeared.
1327,105680039202500009,202500009,2025-10-07 02:52:00,1000,39,1,2,2,12,1,5004,2025-10-06 08:52:00,2025-10-06 08:52:00,2025-10-06 22:52:00,14.114151,75.322305,a Bajaj Pulsar left near a bank ATM could not be traced; the steering lock was broken.
1328,105740036202500013,202500013,2025-05-10 10:01:00,1054,36,1,2,1,21,2,5022,2025-05-10 02:01:00,2025-05-10 03:01:00,2025-05-10 05:01:00,13.028136,76.207199,The complainant was assaulted with a stick near a school and injured.
1329,105680038202400010,202400010,2024-03-14 01:24:00,1203,38,1,1,1,22,1,5016,2024-03-12 23:24:00,2024-03-13 00:24:00,2024-03-13 21:24:00,13.97824,75.203252,An attempt was made on the complainant's life near a temple using a sharp weapon.
1330,105790056202500011,202500011,2025-04-10 21:15:00,1013,56,1,2,2,10,2,5017,2025-04-10 20:15:00,2025-04-10 22:15:00,2025-04-10 21:15:00,17.224863,77.004356,An unidentified person grabbed two gold bangles from the complainant close to a bank ATM and disappeared.
1331,105790058202500010,202500010,2025-08-29 12:56:00,1010,58,1,1,1,20,2,5019,2025-08-29 00:56:00,2025-08-29 01:56:00,2025-08-29 08:56:00,17.226639,76.905673,A murder was reported near a government office following a dispute late in the evening.
1332,105710023202400003,202400003,2024-01-27 21:54:00,1222,23,1,1,3,30,2,5010,2024-01-27 14:54:00,2024-01-27 14:54:00,2024-01-27 20:54:00,13.492783,76.9635,"The complainant, a woman, was harassed and assaulted near a school late in the evening."
1333,105830004202500007,202500007,2025-07-11 15:50:00,1010,4,1,1,2,13,1,5010,2025-07-11 01:50:00,2025-07-11 03:50:00,2025-07-11 15:50:00,13.227694,77.454768,The complainant was assaulted near a vegetable market and a gold chain was taken forcibly.
1334,105690067202400005,202400005,2024-04-18 04:36:00,1103,67,1,2,1,21,3,5021,2024-04-18 00:36:00,2024-04-18 03:36:00,2024-04-18 02:36:00,13.415455,74.9745,The complainant sustained injuries in an assault near a park gate late in the evening.
1335,105670043202400010,202400010,2024-07-16 10:29:00,1191,43,1,2,4,40,2,5003,2024-07-15 20:29:00,2024-07-15 23:29:00,2024-07-16 04:29:00,14.363543,75.978405,The complainant was cheated of money near a wedding hall on a false promise around noon.
1336,105840010202400007,202400007,2024-12-26 07:49:00,1214,10,1,1,1,22,2,5003,2024-12-25 20:49:00,2024-12-25 20:49:00,2024-12-26 04:49:00,12.619217,77.266879,An attempt was made on the complainant's life near a temple using a sharp weapon.
1337,105550051202400013,202400013,2024-02-26 11:53:00,1208,51,1,2,1,21,1,5008,2024-02-24 21:53:00,2024-02-24 23:53:00,2024-02-26 10:53:00,16.011786,74.857718,The complainant sustained injuries in an assault near an apartment complex at dusk.
1338,105730013202500014,202500014,2025-12-21 21:29:00,1102,13,1,2,2,14,2,5005,2025-12-21 13:29:00,2025-12-21 16:29:00,2025-12-21 18:29:00,12.54237,76.69439,ear studs was found missing from the complainant's shop near a park gate in the early hours.
1339,105660045202400008,202400008,2024-09-29 02:50:00,1238,45,1,2,2,14,2,5013,2024-09-28 16:50:00,2024-09-28 19:50:00,2024-09-28 22:50:00,14.186881,76.535497,The complainant reported theft of ear studs from the premises near a bank ATM.
1340,105620052202500012,202500012,2025-06-12 21:48:00,1152,52,1,2,4,40,2,5011,2025-06-12 10:48:00,2025-06-12 12:48:00,2025-06-12 16:48:00,15.315504,75.224542,The complainant was cheated of money near a wedding hall on a false promise in the early hours.
1341,105690067202400006,202400006,2024-11-01 09:14:00,1065,67,1,1,1,22,3,5009,2024-11-01 03:14:00,2024-11-01 05:14:00,2024-11-01 07:14:00,13.44272,74.981846,The complainant was attacked with a weapon near a temple around noon and grievously injured.
1342,105730014202500008,202500008,2025-10-23 03:41:00,1120,14,1,2,2,11,2,5011,2025-10-22 18:41:00,2025-10-22 20:41:00,2025-10-22 21:41:00,12.60568,76.72692,The complainant found the compound gate broken on returning home; ear studs and cash were missing.
1343,105790058202400012,202400012,2024-10-15 15:31:00,1133,58,1,2,2,11,3,5004,2024-10-15 08:31:00,2024-10-15 11:31:00,2024-10-15 11:31:00,17.206122,76.907399,The house near a temple was burgled via a window grille; a gold chain was reported stolen.
1344,105550050202400005,202400005,2024-11-26 18:11:00,1126,50,1,1,3,30,1,5001,2024-11-23 13:11:00,2024-11-23 13:11:00,2024-11-26 12:11:00,16.185774,74.796255,"The complainant, a woman, was harassed and assaulted near a vegetable market in the early hours."
1345,105840008202600001,202600001,2026-06-01 02:04:00,1137,8,1,2,2,11,1,5003,2026-05-29 17:04:00,2026-05-29 19:04:00,2026-05-31 21:04:00,12.746258,77.194831,On returning from a trip the complainant found a window grille forced and valuables gone.
1346,105670043202500008,202500008,2025-07-04 17:19:00,1117,43,1,1,2,13,3,5008,2025-07-04 07:19:00,2025-07-04 09:19:00,2025-07-04 13:19:00,14.323646,75.974137,"Near a jewellery shop, unknown persons robbed the complainant of ear studs and fled towards the flyover."
1347,105750063202500011,202500011,2025-01-11 00:01:00,1080,63,1,1,1,20,1,5021,2025-01-09 06:01:00,2025-01-09 06:01:00,2025-01-11 00:01:00,12.839958,75.296761,The body of a person was found near a government office at dusk; a case of murder is registered.
1348,105670044202600005,202600005,2026-03-13 00:19:00,1203,44,1,2,2,14,3,5012,2026-03-12 16:19:00,2026-03-12 16:19:00,2026-03-12 23:19:00,14.517341,76.01486,a wallet with cash kept at the workplace near a hospital gate was stolen at night.
1349,105670043202400011,202400011,2024-12-18 23:48:00,1056,43,1,2,2,12,2,5005,2024-12-18 22:48:00,2024-12-18 23:48:00,2024-12-18 23:48:00,14.324575,75.979248,Unknown persons rode away a Yamaha bike parked near a vegetable market late in the evening.
1350,105770018202400009,202400009,2024-11-15 01:17:00,1124,18,1,1,1,22,1,5002,2024-11-11 22:17:00,2024-11-11 23:17:00,2024-11-14 22:17:00,12.104757,76.479088,The complainant was attacked with a weapon near a wedding hall during the afternoon and grievously injured.
1351,105680040202500007,202500007,2025-10-05 09:05:00,1176,40,1,1,1,22,3,5015,2025-10-04 21:05:00,2025-10-04 22:05:00,2025-10-05 03:05:00,13.982359,75.1377,An attempt was made on the complainant's life near a bus stop using a sharp weapon.
1352,105550050202600007,202600007,2026-06-17 04:23:00,1114,50,1,1,1,20,2,5002,2026-06-16 17:23:00,2026-06-16 17:23:00,2026-06-16 22:23:00,16.211064,74.823822,The deceased was found with injuries near a vegetable market; murder is suspected.
1353,105680037202400008,202400008,2024-10-22 00:00:00,1171,37,1,1,3,30,2,5021,2024-10-21 14:00:00,2024-10-21 14:00:00,2024-10-21 18:00:00,13.992229,75.31248,"The complainant, a woman, was harassed and assaulted near a school during office hours."
1354,105840010202500006,202500006,2025-09-23 07:39:00,1099,10,1,2,2,14,2,5013,2025-09-22 21:39:00,2025-09-22 21:39:00,2025-09-23 04:39:00,12.651988,77.251462,a mangalsutra kept at the workplace near a temple was stolen at night.
1355,105690069202500004,202500004,2025-08-19 15:45:00,1028,69,1,1,3,30,3,5018,2025-08-19 06:45:00,2025-08-19 08:45:00,2025-08-19 13:45:00,13.390121,74.757531,"The complainant, a woman, was harassed and assaulted near an apartment complex around noon."
1356,105680039202400007,202400007,2024-03-06 11:58:00,1087,39,1,1,1,22,1,5014,2024-03-04 04:58:00,2024-03-04 04:58:00,2024-03-06 07:58:00,14.127246,75.283009,An attempt was made on the complainant's life near a petrol bunk using a sharp weapon.
1357,105780022202600005,202600005,2026-01-25 12:48:00,1039,22,1,2,2,11,1,5004,2026-01-24 07:48:00,2026-01-24 10:48:00,2026-01-25 10:48:00,11.866789,77.085267,The house near a school was burgled via a window grille; two gold bangles was reported stolen.
1358,105780020202400009,202400009,2024-07-29 11:29:00,1106,20,1,2,2,10,2,5009,2024-07-29 03:29:00,2024-07-29 06:29:00,2024-07-29 10:29:00,12.064681,77.057458,The complainant states that an unknown person snatched a mangalsutra near a temple at night and fled towards the ring road.
1359,105740035202500014,202500014,2025-11-26 02:46:00,1159,35,1,2,2,11,2,5018,2025-11-25 20:46:00,2025-11-25 22:46:00,2025-11-26 02:46:00,12.995922,76.066824,The house near a park gate was burgled via the kitchen door; ear studs was reported stolen.
1360,105720003202400009,202400009,2024-01-08 07:23:00,1115,3,1,1,2,13,1,5008,2024-01-05 08:23:00,2024-01-05 10:23:00,2024-01-08 04:23:00,12.965354,77.682466,Two persons on a bike snatched a laptop bag near a park gate after threatening the complainant.
1361,105680039202500010,202500010,2025-06-26 16:37:00,1064,39,1,1,1,22,3,5013,2025-06-26 12:37:00,2025-06-26 15:37:00,2025-06-26 13:37:00,14.112413,75.321428,The complainant was attacked with a weapon near a park gate at night and grievously injured.
1362,105690067202500007,202500007,2025-09-02 17:40:00,1021,67,1,1,1,20,1,5009,2025-09-01 19:40:00,2025-09-01 20:40:00,2025-09-02 16:40:00,13.418438,74.966775,The body of a person was found near a petrol bunk at night; a case of murder is registered.
1363,105670044202500009,202500009,2025-08-29 05:48:00,1210,44,1,1,2,13,1,5022,2025-08-28 02:48:00,2025-08-28 02:48:00,2025-08-28 23:48:00,14.492848,75.977531,The complainant was waylaid near a vegetable market around noon and robbed of two gold bangles at knife-point.
1364,105780020202400010,202400010,2024-08-26 00:08:00,1250,20,1,2,2,10,1,5019,2024-08-24 22:08:00,2024-08-24 22:08:00,2024-08-25 22:08:00,12.054594,77.061005,The complainant states that an unknown person snatched a gold chain near a bus stop around noon and fled into a bylane.
1365,105740036202500014,202500014,2025-02-22 13:31:00,1238,36,1,1,3,30,1,5002,2025-02-21 23:31:00,2025-02-21 23:31:00,2025-02-22 11:31:00,12.98591,76.18593,"Near a school, an unknown person outraged the modesty of the complainant during the afternoon."
1366,105620054202400007,202400007,2024-03-14 10:47:00,1093,54,1,2,2,12,1,5023,2024-03-11 15:47:00,2024-03-11 17:47:00,2024-03-14 04:47:00,15.393978,75.03657,The complainant's a Royal Enfield was stolen from outside a jewellery shop.
1367,105710026202500006,202500006,2025-05-29 09:11:00,1049,26,1,2,2,11,1,5009,2025-05-27 10:11:00,2025-05-27 12:11:00,2025-05-29 03:11:00,13.437631,76.870334,Unknown persons entered through a window grille during office hours and took gold ornaments and cash.
1368,105810029202500011,202500011,2025-08-14 08:14:00,1180,29,1,1,3,30,1,5007,2025-08-12 22:14:00,2025-08-13 00:14:00,2025-08-14 03:14:00,13.054271,78.160109,"Near a government office, an unknown person outraged the modesty of the complainant at dusk."
1369,105740035202400005,202400005,2024-12-14 21:30:00,1215,35,1,2,4,40,2,5003,2024-12-14 17:30:00,2024-12-14 20:30:00,2024-12-14 21:30:00,12.980469,76.022427,An unknown person defrauded the complainant of cash promising two gold bangles during the afternoon.
1370,105770018202500009,202500009,2025-11-12 22:29:00,1031,18,1,2,1,21,1,5025,2025-11-11 04:29:00,2025-11-11 06:29:00,2025-11-12 17:29:00,12.081891,76.458237,The complainant was assaulted with a stick near an apartment complex and injured.
1371,105740034202400005,202400005,2024-02-21 08:20:00,1101,34,1,2,4,40,3,5023,2024-02-20 23:20:00,2024-02-21 00:20:00,2024-02-21 02:20:00,12.926315,76.064232,An unknown person defrauded the complainant of cash promising a gold chain at night.
1372,105710025202600002,202600002,2026-03-25 18:02:00,1095,25,1,2,2,14,1,5006,2026-03-24 03:02:00,2026-03-24 05:02:00,2026-03-25 13:02:00,13.461878,76.816337,Household articles and a handbag were stolen from the complainant's house near an apartment complex.
1373,105680038202400011,202400011,2024-10-15 11:32:00,1069,38,1,2,1,21,2,5010,2024-10-15 05:32:00,2024-10-15 07:32:00,2024-10-15 06:32:00,13.930951,75.191344,The complainant sustained injuries in an assault near a temple around noon.
1374,105840007202500010,202500010,2025-11-05 08:03:00,1212,7,1,2,2,11,2,5010,2025-11-04 23:03:00,2025-11-04 23:03:00,2025-11-05 04:03:00,12.617463,77.328901,Unknown persons entered through the main door lock during the afternoon and took gold ornaments and cash.
1375,105550050202500010,202500010,2025-03-01 06:49:00,1179,50,1,2,2,10,2,5004,2025-03-01 00:49:00,2025-03-01 02:49:00,2025-03-01 06:49:00,16.172599,74.796705,a mangalsutra was pulled off the complainant's neck near a jewellery shop; the accused ran towards the highway.
1376,105710023202600007,202600007,2026-06-07 05:30:00,1166,23,1,2,1,21,1,5001,2026-06-04 23:30:00,2026-06-05 01:30:00,2026-06-07 05:30:00,13.482866,76.942263,A quarrel near a jewellery shop led to the complainant being beaten and hurt.
1377,105780019202400007,202400007,2024-11-26 05:02:00,1065,19,1,1,1,22,3,5011,2024-11-25 23:02:00,2024-11-26 00:02:00,2024-11-26 00:02:00,12.079936,77.195531,An attempt was made on the complainant's life near a vegetable market using a sharp weapon.
1378,105790058202500011,202500011,2025-12-25 12:50:00,1152,58,1,2,4,40,3,5023,2025-12-25 03:50:00,2025-12-25 05:50:00,2025-12-25 06:50:00,17.189366,76.893821,The complainant was cheated of money near a bank ATM on a false promise late in the evening.
1379,105770018202500010,202500010,2025-12-18 22:09:00,1252,18,1,2,4,40,1,5001,2025-12-16 14:09:00,2025-12-16 15:09:00,2025-12-18 19:09:00,12.103219,76.455602,The complainant was cheated of money near a wedding hall on a false promise at dusk.
1380,105710024202500014,202500014,2025-11-18 14:50:00,1059,24,1,1,3,30,2,5022,2025-11-18 07:50:00,2025-11-18 08:50:00,2025-11-18 10:50:00,13.34143,76.924819,"The complainant, a woman, was harassed and assaulted near a temple in the early hours."
1381,105550051202500007,202500007,2025-05-10 10:48:00,1252,51,1,1,1,22,2,5014,2025-05-10 06:48:00,2025-05-10 06:48:00,2025-05-10 07:48:00,16.018802,74.847936,An attempt was made on the complainant's life near a hospital gate using a sharp weapon.
1382,105750065202600005,202600005,2026-04-29 19:22:00,1033,65,1,2,2,10,1,5013,2026-04-29 01:22:00,2026-04-29 01:22:00,2026-04-29 13:22:00,12.876472,75.295439,a wallet with cash was pulled off the complainant's neck near a hospital gate; the accused ran into the residential layout.
1383,105690067202400007,202400007,2024-09-27 06:00:00,1020,67,1,1,1,22,2,5009,2024-09-26 19:00:00,2024-09-26 20:00:00,2024-09-27 03:00:00,13.432654,74.971688,The complainant was attacked with a weapon near a government office in the early hours and grievously injured.
1384,105550051202400014,202400014,2024-02-06 16:37:00,1166,51,1,1,3,30,2,5003,2024-02-06 06:37:00,2024-02-06 08:37:00,2024-02-06 13:37:00,16.05243,74.874878,"Near a wedding hall, an unknown person outraged the modesty of the complainant at night."
1385,105720001202400006,202400006,2024-09-13 05:09:00,1237,1,1,2,2,11,1,5012,2024-09-12 20:09:00,2024-09-12 23:09:00,2024-09-13 01:09:00,12.847925,77.513382,The complainant found the main door lock broken on returning home; two gold bangles and cash were missing.
1386,105740036202400008,202400008,2024-08-19 14:18:00,1220,36,1,2,2,10,1,5004,2024-08-16 18:18:00,2024-08-16 18:18:00,2024-08-19 09:18:00,13.036105,76.201212,An unidentified person grabbed a mangalsutra from the complainant close to a bus stop and disappeared.
1387,105670041202500005,202500005,2025-01-29 19:32:00,1272,41,1,1,3,30,1,5002,2025-01-27 17:32:00,2025-01-27 18:32:00,2025-01-29 18:32:00,14.453747,75.954947,"Near a hospital gate, an unknown person outraged the modesty of the complainant around noon."
1388,105690066202400010,202400010,2024-12-03 20:21:00,1081,66,1,2,2,10,2,5010,2024-12-03 14:21:00,2024-12-03 15:21:00,2024-12-03 19:21:00,13.455087,74.895667,An unidentified person grabbed a wallet with cash from the complainant close to a park gate and disappeared.
1389,105690067202500008,202500008,2025-09-15 19:02:00,1184,67,1,2,2,10,2,5018,2025-09-15 13:02:00,2025-09-15 14:02:00,2025-09-15 18:02:00,13.450424,75.000259,An unidentified person grabbed a laptop bag from the complainant close to a wedding hall and disappeared.
1390,105710026202600004,202600004,2026-02-03 18:24:00,1169,26,1,1,3,30,1,5008,2026-02-03 08:24:00,2026-02-03 09:24:00,2026-02-03 17:24:00,13.422843,76.841953,"Near a jewellery shop, an unknown person outraged the modesty of the complainant late in the evening."
1391,105690068202500006,202500006,2025-12-13 21:33:00,1270,68,1,2,2,14,2,5005,2025-12-13 15:33:00,2025-12-13 17:33:00,2025-12-13 19:33:00,13.473619,74.797223,a laptop bag was found missing from the complainant's shop near a government office at night.
1392,105810029202500012,202500012,2025-06-24 20:02:00,1017,29,1,2,2,14,1,5025,2025-06-22 04:02:00,2025-06-22 06:02:00,2025-06-24 17:02:00,13.049034,78.163452,Household articles and a gold chain were stolen from the complainant's house near a temple.
1393,105740035202400006,202400006,2024-07-04 18:30:00,1260,35,1,2,2,11,2,5025,2024-07-04 08:30:00,2024-07-04 09:30:00,2024-07-04 15:30:00,13.022655,76.060634,The house near a bus stop was burgled via a window grille; a handbag was reported stolen.
1394,105730011202500014,202500014,2025-05-21 21:16:00,1168,11,1,2,2,10,1,5020,2025-05-19 21:16:00,2025-05-20 00:16:00,2025-05-21 18:16:00,12.525926,76.786387,An unidentified person grabbed a gold chain from the complainant close to a temple and disappeared.
1395,105650061202600005,202600005,2026-02-19 16:18:00,1220,61,1,2,2,14,2,5011,2026-02-19 03:18:00,2026-02-19 04:18:00,2026-02-19 10:18:00,15.164765,76.462997,The complainant reported theft of a wallet with cash from the premises near a bus stop.
1396,105660046202400010,202400010,2024-12-03 17:25:00,1203,46,1,1,1,20,1,5012,2024-12-03 07:25:00,2024-12-03 08:25:00,2024-12-03 15:25:00,14.09696,76.535829,A murder was reported near a hospital gate following a dispute late in the evening.
1397,105690067202500009,202500009,2025-04-07 16:54:00,1090,67,1,2,2,12,1,5009,2025-04-06 02:54:00,2025-04-06 02:54:00,2025-04-07 12:54:00,13.425396,74.965626,The complainant's a Bajaj Pulsar was stolen from outside a bus stop.
1398,105680040202500008,202500008,2025-03-25 21:06:00,1033,40,1,2,2,12,2,5024,2025-03-25 14:06:00,2025-03-25 17:06:00,2025-03-25 21:06:00,13.980616,75.133315,Unknown persons rode away a Bajaj Pulsar parked near a vegetable market in the early hours.
1399,105620054202600006,202600006,2026-06-07 09:07:00,1257,54,1,2,1,21,2,5005,2026-06-06 22:07:00,2026-06-06 23:07:00,2026-06-07 06:07:00,15.377023,75.04813,A quarrel near a vegetable market led to the complainant being beaten and hurt.
1400,105690067202500010,202500010,2025-11-13 01:22:00,1013,67,1,2,2,14,2,5020,2025-11-12 18:22:00,2025-11-12 19:22:00,2025-11-13 00:22:00,13.44218,74.952717,The complainant reported theft of ear studs from the premises near a government office.
1401,105770015202600005,202600005,2026-04-27 06:21:00,1059,15,1,2,2,11,2,5007,2026-04-26 18:21:00,2026-04-26 18:21:00,2026-04-27 01:21:00,12.114255,76.412865,The complainant found the rear door broken on returning home; a gold chain and cash were missing.
1402,105830005202400003,202400003,2024-04-14 21:21:00,1245,5,1,2,2,11,1,5001,2024-04-12 05:21:00,2024-04-12 07:21:00,2024-04-14 18:21:00,13.101024,77.486657,On returning from a trip the complainant found the rear door forced and valuables gone.
1403,105710025202600003,202600003,2026-03-15 22:55:00,1259,25,1,2,1,21,2,5004,2026-03-15 12:55:00,2026-03-15 12:55:00,2026-03-15 17:55:00,13.422508,76.830221,The complainant was assaulted with a stick near a petrol bunk and injured.
1404,105770018202600006,202600006,2026-02-13 15:05:00,1086,18,1,2,4,40,1,5002,2026-02-13 02:05:00,2026-02-13 03:05:00,2026-02-13 12:05:00,12.111816,76.480602,The complainant was cheated of money near an apartment complex on a false promise at night.
1405,105660045202400009,202400009,2024-11-01 16:27:00,1138,45,1,1,1,20,2,5014,2024-11-01 15:27:00,2024-11-01 15:27:00,2024-11-01 16:27:00,14.232976,76.514877,A murder was reported near a park gate following a dispute in the early hours.
1406,105670043202500009,202500009,2025-09-29 06:47:00,1024,43,1,2,4,40,1,5020,2025-09-26 20:47:00,2025-09-26 20:47:00,2025-09-29 00:47:00,14.377811,75.990685,The complainant was cheated of money near a hospital gate on a false promise during office hours.
1407,105830004202500008,202500008,2025-08-08 09:56:00,1153,4,1,2,1,21,1,5012,2025-08-06 00:56:00,2025-08-06 01:56:00,2025-08-08 09:56:00,13.255162,77.450247,The complainant sustained injuries in an assault near a school at night.
1408,105660046202400011,202400011,2024-08-15 03:50:00,1141,46,1,2,2,10,1,5018,2024-08-13 05:50:00,2024-08-13 07:50:00,2024-08-14 23:50:00,14.111265,76.536115,An unidentified person grabbed two gold bangles from the complainant close to a vegetable market and disappeared.
1409,105810027202500007,202500007,2025-01-13 11:36:00,1079,27,1,2,2,11,2,5003,2025-01-13 06:36:00,2025-01-13 08:36:00,2025-01-13 07:36:00,13.20565,78.329022,The complainant found the roof ventilator broken on returning home; a mangalsutra and cash were missing.
1410,105670042202500007,202500007,2025-05-10 19:50:00,1209,42,1,1,3,30,2,5019,2025-05-10 16:50:00,2025-05-10 18:50:00,2025-05-10 18:50:00,14.404118,75.975162,"The complainant, a woman, was harassed and assaulted near a wedding hall around noon."
1411,105740036202400009,202400009,2024-01-17 05:03:00,1055,36,1,2,2,11,1,5024,2024-01-15 10:03:00,2024-01-15 11:03:00,2024-01-17 01:03:00,13.034886,76.192842,The complainant found the roof ventilator broken on returning home; a handbag and cash were missing.
1412,105550050202400006,202400006,2024-05-29 11:53:00,1097,50,1,2,4,40,2,5022,2024-05-29 10:53:00,2024-05-29 11:53:00,2024-05-29 11:53:00,16.207356,74.798957,The complainant was cheated of money near an apartment complex on a false promise during office hours.
1413,105620053202600004,202600004,2026-04-12 03:08:00,1112,53,1,2,2,12,2,5023,2026-04-12 02:08:00,2026-04-12 02:08:00,2026-04-12 03:08:00,15.372708,75.233246,Unknown persons rode away a Royal Enfield parked near a government office at night.
1414,105680040202400004,202400004,2024-04-11 12:15:00,1006,40,1,1,3,30,2,5011,2024-04-11 09:15:00,2024-04-11 11:15:00,2024-04-11 10:15:00,13.989166,75.139842,"Near a government office, an unknown person outraged the modesty of the complainant around noon."
1415,105770016202400017,202400017,2024-02-21 19:37:00,1182,16,1,2,2,14,2,5023,2024-02-21 11:37:00,2024-02-21 13:37:00,2024-02-21 17:37:00,12.230043,76.538517,Household articles and ear studs were stolen from the complainant's house near a government office.
1416,105750062202500008,202500008,2025-10-21 03:10:00,1124,62,1,1,3,30,3,5024,2025-10-20 21:10:00,2025-10-20 23:10:00,2025-10-21 00:10:00,12.933706,75.163212,"The complainant, a woman, was harassed and assaulted near a hospital gate in the early hours."
1417,105840009202400017,202400017,2024-08-12 06:00:00,1014,9,1,2,2,14,2,5012,2024-08-12 00:00:00,2024-08-12 02:00:00,2024-08-12 05:00:00,12.749795,77.382741,The complainant reported theft of a wallet with cash from the premises near a jewellery shop.
1418,105620052202500013,202500013,2025-11-21 11:27:00,1231,52,1,1,1,20,1,5006,2025-11-18 18:27:00,2025-11-18 21:27:00,2025-11-21 05:27:00,15.293478,75.224157,The deceased was found with injuries near a temple; murder is suspected.
1419,105840007202500011,202500011,2025-11-04 15:40:00,1114,7,1,1,1,20,2,5008,2025-11-04 11:40:00,2025-11-04 12:40:00,2025-11-04 14:40:00,12.638779,77.350084,The body of a person was found near a temple during office hours; a case of murder is registered.
1420,105690068202600005,202600005,2026-04-07 06:37:00,1060,68,1,2,2,11,2,5011,2026-04-06 22:37:00,2026-04-07 00:37:00,2026-04-07 02:37:00,13.428659,74.804832,The complainant found the roof ventilator broken on returning home; a mangalsutra and cash were missing.
1421,105650060202500013,202500013,2025-10-25 01:31:00,1157,60,1,2,2,14,2,5009,2025-10-24 17:31:00,2025-10-24 17:31:00,2025-10-24 19:31:00,15.026912,76.597662,a gold chain was found missing from the complainant's shop near a government office around noon.
1422,105680040202500009,202500009,2025-07-08 12:50:00,1112,40,1,2,2,14,1,5010,2025-07-05 12:50:00,2025-07-05 15:50:00,2025-07-08 11:50:00,13.974672,75.152107,a mangalsutra kept at the workplace near a bank ATM was stolen around noon.
1423,105690067202600001,202600001,2026-04-30 03:06:00,1015,67,1,2,2,11,2,5024,2026-04-29 16:06:00,2026-04-29 19:06:00,2026-04-29 22:06:00,13.432612,74.976813,On returning from a trip the complainant found a window grille forced and valuables gone.
1424,105740034202400006,202400006,2024-04-16 14:30:00,1187,34,1,2,2,11,2,5012,2024-04-16 04:30:00,2024-04-16 06:30:00,2024-04-16 11:30:00,12.95041,76.033791,The house near a bus stop was burgled via the kitchen door; two gold bangles was reported stolen.
1425,105780020202400011,202400011,2024-01-25 11:08:00,1054,20,1,2,2,12,2,5024,2024-01-25 05:08:00,2024-01-25 07:08:00,2024-01-25 08:08:00,12.035283,77.083874,a TVS scooter parked near a petrol bunk was found missing in the early hours.
1426,105670044202500010,202500010,2025-02-04 11:53:00,1058,44,1,2,2,11,1,5022,2025-02-03 23:53:00,2025-02-04 01:53:00,2025-02-04 08:53:00,14.537798,75.991364,Unknown persons entered through the kitchen door around noon and took gold ornaments and cash.
1427,105830005202600001,202600001,2026-03-25 01:10:00,1185,5,1,2,2,10,2,5004,2026-03-24 21:10:00,2026-03-25 00:10:00,2026-03-25 00:10:00,13.155222,77.486734,An unidentified person grabbed a handbag from the complainant close to a jewellery shop and disappeared.
1428,105830005202500004,202500004,2025-05-22 11:57:00,1170,5,1,2,2,12,2,5017,2025-05-22 01:57:00,2025-05-22 02:57:00,2025-05-22 09:57:00,13.135561,77.537898,a Hero Splendor parked near a bus stop was found missing during the afternoon.
1429,105660045202400010,202400010,2024-06-26 07:59:00,1268,45,1,2,2,10,3,5001,2024-06-25 21:59:00,2024-06-26 00:59:00,2024-06-26 05:59:00,14.183764,76.512464,"While walking near a bus stop, a mobile phone was snatched from the complainant by a passer-by who escaped towards the ring road."
1430,105660047202400006,202400006,2024-11-28 23:19:00,1195,47,1,2,1,21,2,5003,2024-11-28 20:19:00,2024-11-28 23:19:00,2024-11-28 23:19:00,14.097549,76.488614,The complainant was assaulted with a stick near a hospital gate and injured.
1431,105780022202500011,202500011,2025-09-25 04:26:00,1140,22,1,2,2,10,2,5013,2025-09-24 21:26:00,2025-09-24 23:26:00,2025-09-25 01:26:00,11.894988,77.093887,The complainant states that a passer-by snatched a gold chain near a petrol bunk at night and fled into a bylane.
1432,105770015202400006,202400006,2024-03-20 02:32:00,1074,15,1,2,2,11,2,5005,2024-03-19 15:32:00,2024-03-19 16:32:00,2024-03-19 22:32:00,12.095382,76.37164,Unknown persons entered through the roof ventilator at night and took gold ornaments and cash.
1433,105690067202600002,202600002,2026-06-02 14:27:00,1057,67,1,1,3,30,2,5012,2026-06-02 07:27:00,2026-06-02 08:27:00,2026-06-02 11:27:00,13.436996,74.972949,"Near a jewellery shop, an unknown person outraged the modesty of the complainant in the early hours."
1434,105710026202500007,202500007,2025-12-11 00:42:00,1057,26,1,2,2,10,1,5007,2025-12-09 13:42:00,2025-12-09 16:42:00,2025-12-10 21:42:00,13.434645,76.833579,a gold chain was pulled off the complainant's neck near a vegetable market; the accused ran towards the highway.
1435,105620054202600007,202600007,2026-01-29 13:39:00,1176,54,1,1,1,22,2,5020,2026-01-29 04:39:00,2026-01-29 04:39:00,2026-01-29 07:39:00,15.421678,75.009065,The complainant was attacked with a weapon near a temple during office hours and grievously injured.
1436,105740035202600003,202600003,2026-03-09 00:21:00,1247,35,1,2,2,12,1,5006,2026-03-07 09:21:00,2026-03-07 10:21:00,2026-03-08 18:21:00,12.988159,76.064382,The complainant's a Royal Enfield was stolen from outside a bus stop.
1437,105730013202400008,202400008,2024-03-29 04:42:00,1218,13,1,1,1,20,2,5024,2024-03-28 22:42:00,2024-03-28 22:42:00,2024-03-29 04:42:00,12.537769,76.693092,A murder was reported near a petrol bunk following a dispute during the afternoon.
1438,105720001202500015,202500015,2025-04-09 20:12:00,1260,1,1,2,2,12,1,5011,2025-04-09 04:12:00,2025-04-09 04:12:00,2025-04-09 14:12:00,12.83145,77.524946,a Royal Enfield parked near a petrol bunk was found missing late in the evening.
1439,105770018202400010,202400010,2024-07-23 03:17:00,1079,18,1,2,2,12,1,5010,2024-07-21 12:17:00,2024-07-21 12:17:00,2024-07-23 02:17:00,12.128935,76.466719,a TVS scooter left near a wedding hall could not be traced; the steering lock was broken.
1440,105680039202400008,202400008,2024-05-16 07:06:00,1167,39,1,2,2,12,1,5004,2024-05-14 20:06:00,2024-05-14 20:06:00,2024-05-16 05:06:00,14.101613,75.283602,Unknown persons rode away a Yamaha bike parked near an apartment complex at dusk.
1441,105810027202600005,202600005,2026-01-24 18:05:00,1033,27,1,1,1,20,1,5013,2026-01-23 10:05:00,2026-01-23 11:05:00,2026-01-24 18:05:00,13.195413,78.327766,The deceased was found with injuries near an apartment complex; murder is suspected.
1442,105730014202500009,202500009,2025-05-12 01:34:00,1262,14,1,2,2,14,3,5010,2025-05-11 13:34:00,2025-05-11 15:34:00,2025-05-11 19:34:00,12.604125,76.680251,The complainant reported theft of two gold bangles from the premises near a vegetable market.
1443,105670044202400012,202400012,2024-04-12 23:13:00,1163,44,1,2,1,21,1,5009,2024-04-12 06:13:00,2024-04-12 07:13:00,2024-04-12 20:13:00,14.490211,76.01763,A quarrel near a government office led to the complainant being beaten and hurt.
1444,105550048202400014,202400014,2024-09-02 11:11:00,1220,48,1,2,4,40,2,5006,2024-09-02 02:11:00,2024-09-02 03:11:00,2024-09-02 10:11:00,16.021822,74.863273,An unknown person defrauded the complainant of cash promising a handbag at dusk.
1445,105660045202400011,202400011,2024-09-10 16:28:00,1139,45,1,1,1,20,1,5002,2024-09-09 03:28:00,2024-09-09 04:28:00,2024-09-10 12:28:00,14.231851,76.549428,The deceased was found with injuries near a petrol bunk; murder is suspected.
1446,105770017202400010,202400010,2024-12-31 08:48:00,1267,17,1,2,2,14,2,5006,2024-12-30 21:48:00,2024-12-30 22:48:00,2024-12-31 03:48:00,12.16512,76.369474,Household articles and a mobile phone were stolen from the complainant's house near a government office.
1447,105660047202500012,202500012,2025-06-11 11:45:00,1090,47,1,1,3,30,1,5017,2025-06-08 12:45:00,2025-06-08 15:45:00,2025-06-11 06:45:00,14.068692,76.496,"The complainant, a woman, was harassed and assaulted near a government office late in the evening."
1448,105790055202500009,202500009,2025-11-15 14:33:00,1141,55,1,2,2,10,1,5004,2025-11-12 18:33:00,2025-11-12 21:33:00,2025-11-15 09:33:00,17.236493,76.76636,"While walking near a park gate, a wallet with cash was snatched from the complainant by a passer-by who escaped towards the market."
1449,105620052202500014,202500014,2025-04-18 19:09:00,1238,52,1,2,2,10,2,5001,2025-04-18 12:09:00,2025-04-18 13:09:00,2025-04-18 18:09:00,15.320757,75.228309,"While walking near a temple, a laptop bag was snatched from the complainant by a passer-by who escaped towards the market."
1450,105550051202500008,202500008,2025-12-23 17:22:00,1021,51,1,2,2,10,1,5009,2025-12-21 20:22:00,2025-12-21 20:22:00,2025-12-23 11:22:00,16.019827,74.845425,The complainant states that two youths snatched a wallet with cash near a bus stop at night and fled towards the highway.
1451,105720001202400007,202400007,2024-07-03 01:44:00,1189,1,1,2,2,10,2,5011,2024-07-02 18:44:00,2024-07-02 19:44:00,2024-07-02 21:44:00,12.841134,77.554405,The complainant states that two youths snatched a mangalsutra near a jewellery shop during office hours and fled towards the ring road.
1452,105820032202600004,202600004,2026-03-07 05:35:00,1070,32,1,1,2,13,3,5010,2026-03-06 20:35:00,2026-03-06 20:35:00,2026-03-07 01:35:00,13.49122,77.8092,The complainant was assaulted near a hospital gate and a handbag was taken forcibly.
1453,105810027202400012,202400012,2024-10-19 19:43:00,1196,27,1,1,2,13,1,5022,2024-10-18 22:43:00,2024-10-18 22:43:00,2024-10-19 14:43:00,13.204646,78.27956,The complainant was waylaid near a government office at night and robbed of ear studs at knife-point.
1454,105820031202600004,202600004,2026-06-29 04:36:00,1032,31,1,1,2,13,1,5003,2026-06-27 12:36:00,2026-06-27 13:36:00,2026-06-28 22:36:00,13.585785,77.877076,The complainant was waylaid near a wedding hall at dusk and robbed of two gold bangles at knife-point.
1455,105740034202500012,202500012,2025-09-29 09:03:00,1186,34,1,1,3,30,2,5025,2025-09-29 04:03:00,2025-09-29 07:03:00,2025-09-29 05:03:00,12.947533,76.057585,"Near a jewellery shop, an unknown person outraged the modesty of the complainant late in the evening."
1456,105670041202600005,202600005,2026-04-19 10:48:00,1176,41,1,2,1,21,2,5024,2026-04-19 06:48:00,2026-04-19 08:48:00,2026-04-19 09:48:00,14.458909,75.918876,The complainant was assaulted with a stick near a hospital gate and injured.
1457,105650060202400007,202400007,2024-01-15 11:43:00,1271,60,1,2,2,11,2,5008,2024-01-15 06:43:00,2024-01-15 06:43:00,2024-01-15 09:43:00,15.022853,76.610838,The complainant found the main door lock broken on returning home; ear studs and cash were missing.
1458,105670044202600006,202600006,2026-04-20 15:20:00,1108,44,1,2,4,40,1,5007,2026-04-17 14:20:00,2026-04-17 14:20:00,2026-04-20 09:20:00,14.520618,76.014275,The complainant was cheated of money near a temple on a false promise during office hours.
1459,105730013202600005,202600005,2026-05-23 14:13:00,1166,13,1,2,2,12,2,5020,2026-05-23 06:13:00,2026-05-23 06:13:00,2026-05-23 13:13:00,12.528121,76.715491,a Yamaha bike left near a school could not be traced; the steering lock was broken.
1460,105680038202600006,202600006,2026-02-28 03:22:00,1208,38,1,2,1,21,3,5012,2026-02-27 16:22:00,2026-02-27 16:22:00,2026-02-28 00:22:00,13.970175,75.208437,A quarrel near a school led to the complainant being beaten and hurt.
1461,105780022202500012,202500012,2025-03-12 17:24:00,1199,22,1,2,2,14,1,5008,2025-03-10 08:24:00,2025-03-10 09:24:00,2025-03-12 14:24:00,11.896293,77.076622,a laptop bag kept at the workplace near a vegetable market was stolen in the early hours.
1462,105780021202400007,202400007,2024-07-03 20:11:00,1068,21,1,2,4,40,2,5016,2024-07-03 10:11:00,2024-07-03 13:11:00,2024-07-03 15:11:00,11.964925,77.208731,The complainant was cheated of money near an apartment complex on a false promise during office hours.
1463,105820031202600005,202600005,2026-01-18 04:20:00,1173,31,1,1,1,20,2,5005,2026-01-17 17:20:00,2026-01-17 18:20:00,2026-01-18 00:20:00,13.58517,77.915138,A murder was reported near a jewellery shop following a dispute at dusk.
1464,105820031202400008,202400008,2024-08-02 23:54:00,1052,31,1,2,1,21,2,5020,2024-08-02 13:54:00,2024-08-02 16:54:00,2024-08-02 19:54:00,13.609438,77.896606,The complainant was assaulted with a stick near an apartment complex and injured.
1465,105680038202600007,202600007,2026-04-13 07:56:00,1159,38,1,1,3,30,3,5004,2026-04-13 02:56:00,2026-04-13 04:56:00,2026-04-13 05:56:00,13.946537,75.23151,"Near a wedding hall, an unknown person outraged the modesty of the complainant at dusk."
1466,105730013202400009,202400009,2024-06-27 18:16:00,1209,13,1,1,1,20,1,5019,2024-06-24 17:16:00,2024-06-24 18:16:00,2024-06-27 17:16:00,12.553348,76.702452,A murder was reported near a school following a dispute at dusk.
1467,105770016202400018,202400018,2024-01-20 20:10:00,1133,16,1,2,1,21,1,5020,2024-01-20 00:10:00,2024-01-20 02:10:00,2024-01-20 18:10:00,12.266963,76.533568,A quarrel near a jewellery shop led to the complainant being beaten and hurt.
1468,105770015202500009,202500009,2025-07-29 23:05:00,1141,15,1,2,2,10,1,5003,2025-07-28 16:05:00,2025-07-28 19:05:00,2025-07-29 22:05:00,12.083538,76.377371,The complainant states that an unknown person snatched a mobile phone near a hospital gate late in the evening and fled into a bylane.
1469,105840009202400018,202400018,2024-07-16 07:11:00,1263,9,1,1,3,30,2,5025,2024-07-15 21:11:00,2024-07-15 21:11:00,2024-07-16 01:11:00,12.74098,77.390276,"The complainant, a woman, was harassed and assaulted near a jewellery shop late in the evening."
1470,105780022202400006,202400006,2024-05-16 15:48:00,1131,22,1,2,2,14,2,5002,2024-05-16 08:48:00,2024-05-16 09:48:00,2024-05-16 12:48:00,11.875469,77.051611,a mangalsutra was found missing from the complainant's shop near a park gate at night.
1471,105750065202400009,202400009,2024-06-16 13:03:00,1231,65,1,2,1,21,2,5001,2024-06-16 05:03:00,2024-06-16 05:03:00,2024-06-16 12:03:00,12.873744,75.305891,A quarrel near a vegetable market led to the complainant being beaten and hurt.
1472,105770017202400011,202400011,2024-05-01 19:15:00,1042,17,1,2,4,40,1,5017,2024-04-29 22:15:00,2024-04-30 00:15:00,2024-05-01 19:15:00,12.181186,76.38824,An unknown person defrauded the complainant of cash promising a mangalsutra late in the evening.
1473,105680037202500013,202500013,2025-05-16 14:50:00,1145,37,1,2,2,10,1,5010,2025-05-16 08:50:00,2025-05-16 10:50:00,2025-05-16 12:50:00,14.029278,75.329592,"While walking near a petrol bunk, a mangalsutra was snatched from the complainant by a passer-by who escaped into the residential layout."
1474,105690069202500005,202500005,2025-11-13 18:19:00,1050,69,1,1,3,30,2,5008,2025-11-13 12:19:00,2025-11-13 15:19:00,2025-11-13 17:19:00,13.336652,74.794896,"The complainant, a woman, was harassed and assaulted near a park gate in the early hours."
1475,105660047202400007,202400007,2024-09-14 15:10:00,1070,47,1,2,2,11,2,5006,2024-09-14 04:10:00,2024-09-14 05:10:00,2024-09-14 09:10:00,14.050149,76.488022,Unknown persons entered through a window grille during office hours and took gold ornaments and cash.
1476,105820031202500006,202500006,2025-09-05 20:35:00,1235,31,1,2,2,12,1,5012,2025-09-02 19:35:00,2025-09-02 21:35:00,2025-09-05 18:35:00,13.619287,77.86985,Unknown persons rode away a Bajaj Pulsar parked near a bus stop in the early hours.
1477,105690067202500011,202500011,2025-12-29 03:05:00,1130,67,1,1,3,30,3,5007,2025-12-28 21:05:00,2025-12-28 22:05:00,2025-12-29 02:05:00,13.453123,74.949531,"The complainant, a woman, was harassed and assaulted near a bank ATM around noon."
1478,105740036202600004,202600004,2026-03-06 11:52:00,1116,36,1,2,2,12,1,5001,2026-03-04 06:52:00,2026-03-04 09:52:00,2026-03-06 10:52:00,12.998994,76.19218,a Yamaha bike parked near a wedding hall was found missing during the afternoon.
1479,105750064202500010,202500010,2025-09-27 07:37:00,1184,64,1,1,1,20,2,5006,2025-09-26 17:37:00,2025-09-26 17:37:00,2025-09-27 01:37:00,12.928817,75.356998,A murder was reported near a bank ATM following a dispute at dusk.
1480,105730014202600005,202600005,2026-06-20 00:03:00,1199,14,1,2,2,10,2,5005,2026-06-19 17:03:00,2026-06-19 19:03:00,2026-06-19 19:03:00,12.62298,76.691094,a gold chain was pulled off the complainant's neck near a wedding hall; the accused ran towards the market.
1481,105730012202600003,202600003,2026-02-02 05:34:00,1098,12,1,1,1,22,2,5014,2026-02-01 22:34:00,2026-02-01 23:34:00,2026-02-02 01:34:00,12.595251,76.762506,An attempt was made on the complainant's life near a temple using a sharp weapon.
1482,105660047202400008,202400008,2024-02-07 17:50:00,1201,47,1,2,2,10,2,5011,2024-02-07 12:50:00,2024-02-07 14:50:00,2024-02-07 15:50:00,14.061154,76.524138,two gold bangles was pulled off the complainant's neck near a bus stop; the accused ran into a bylane.
1483,105680037202400009,202400009,2024-06-11 12:28:00,1037,37,1,1,1,20,2,5016,2024-06-11 06:28:00,2024-06-11 08:28:00,2024-06-11 09:28:00,14.03517,75.338968,The deceased was found with injuries near a government office; murder is suspected.
1484,105690069202400010,202400010,2024-02-23 21:17:00,1062,69,1,1,1,22,2,5012,2024-02-23 12:17:00,2024-02-23 15:17:00,2024-02-23 20:17:00,13.336212,74.76424,The complainant was attacked with a weapon near an apartment complex during the afternoon and grievously injured.
1485,105810028202600002,202600002,2026-05-12 23:29:00,1180,28,1,2,2,14,1,5017,2026-05-10 20:29:00,2026-05-10 21:29:00,2026-05-12 19:29:00,13.218636,78.144826,a handbag was found missing from the complainant's shop near a vegetable market at night.
1486,105840008202600002,202600002,2026-01-18 15:13:00,1231,8,1,2,2,12,2,5017,2026-01-18 09:13:00,2026-01-18 12:13:00,2026-01-18 15:13:00,12.771171,77.24145,The complainant's a Hero Splendor was stolen from outside a jewellery shop.
1487,105750062202400013,202400013,2024-03-14 13:45:00,1188,62,1,2,1,21,1,5020,2024-03-13 20:45:00,2024-03-13 23:45:00,2024-03-14 13:45:00,12.967464,75.200261,The complainant was assaulted with a stick near a bus stop and injured.
1488,105810029202500013,202500013,2025-12-02 03:01:00,1167,29,1,2,2,11,2,5017,2025-12-01 20:01:00,2025-12-01 20:01:00,2025-12-01 22:01:00,13.000445,78.169051,The house near a wedding hall was burgled via the compound gate; a wallet with cash was reported stolen.
1489,105650059202400006,202400006,2024-04-14 01:16:00,1213,59,1,2,4,40,2,5019,2024-04-13 16:16:00,2024-04-13 17:16:00,2024-04-14 00:16:00,15.038423,76.506373,An unknown person defrauded the complainant of cash promising a gold chain at night.
1490,105810028202400008,202400008,2024-05-18 12:40:00,1020,28,1,1,3,30,1,5001,2024-05-15 11:40:00,2024-05-15 14:40:00,2024-05-18 10:40:00,13.222727,78.171318,"Near a petrol bunk, an unknown person outraged the modesty of the complainant in the early hours."
1491,105830005202400004,202400004,2024-05-04 12:48:00,1265,5,1,2,2,11,1,5016,2024-05-04 02:48:00,2024-05-04 02:48:00,2024-05-04 06:48:00,13.121409,77.508731,The complainant found a window grille broken on returning home; a handbag and cash were missing.
1492,105820033202600003,202600003,2026-03-02 22:58:00,1079,33,1,2,1,21,1,5011,2026-03-02 04:58:00,2026-03-02 06:58:00,2026-03-02 16:58:00,13.669605,77.892542,The complainant was assaulted with a stick near a wedding hall and injured.
1493,105660045202500014,202500014,2025-09-25 23:00:00,1237,45,1,1,1,22,1,5021,2025-09-24 10:00:00,2025-09-24 12:00:00,2025-09-25 21:00:00,14.191876,76.502195,The complainant was attacked with a weapon near a bus stop around noon and grievously injured.
1494,105770017202400012,202400012,2024-01-16 13:06:00,1255,17,1,2,4,40,1,5007,2024-01-15 07:06:00,2024-01-15 07:06:00,2024-01-16 09:06:00,12.190526,76.372327,An unknown person defrauded the complainant of cash promising a handbag late in the evening.
1495,105790056202500012,202500012,2025-10-30 09:54:00,1131,56,1,2,2,12,1,5011,2025-10-28 09:54:00,2025-10-28 11:54:00,2025-10-30 03:54:00,17.257176,76.975636,a TVS scooter parked near a wedding hall was found missing in the early hours.
1496,105650060202500014,202500014,2025-05-30 09:37:00,1273,60,1,2,2,12,2,5021,2025-05-29 23:37:00,2025-05-30 01:37:00,2025-05-30 06:37:00,15.033863,76.581369,The complainant's a Bajaj Pulsar was stolen from outside a bus stop.
1497,105680039202400009,202400009,2024-08-27 18:26:00,1125,39,1,2,2,11,2,5007,2024-08-27 12:26:00,2024-08-27 14:26:00,2024-08-27 16:26:00,14.122356,75.297339,The house near a bus stop was burgled via the compound gate; a mobile phone was reported stolen.
1498,105820030202600002,202600002,2026-04-09 14:29:00,1040,30,1,1,2,13,1,5012,2026-04-08 20:29:00,2026-04-08 20:29:00,2026-04-09 12:29:00,13.496684,77.912265,The complainant was waylaid near a wedding hall around noon and robbed of a mangalsutra at knife-point.
1499,105670044202400013,202400013,2024-02-09 21:49:00,1019,44,1,2,1,21,2,5021,2024-02-09 18:49:00,2024-02-09 18:49:00,2024-02-09 21:49:00,14.536488,75.990307,The complainant sustained injuries in an assault near a temple late in the evening.
1500,105680038202400012,202400012,2024-05-29 23:41:00,1115,38,1,2,1,21,2,5023,2024-05-29 14:41:00,2024-05-29 14:41:00,2024-05-29 17:41:00,13.950415,75.21586,The complainant sustained injuries in an assault near a bus stop around noon.
1501,105770018202500011,202500011,2025-09-01 09:01:00,1153,18,1,2,2,14,1,5023,2025-08-29 07:01:00,2025-08-29 08:01:00,2025-09-01 03:01:00,12.120452,76.476385,Household articles and a handbag were stolen from the complainant's house near a park gate.
1502,105690066202500004,202500004,2025-08-28 00:51:00,1151,66,1,2,2,12,1,5001,2025-08-26 15:51:00,2025-08-26 17:51:00,2025-08-27 18:51:00,13.429722,74.915394,a Royal Enfield left near a hospital gate could not be traced; the steering lock was broken.
1503,105550048202400015,202400015,2024-08-04 00:47:00,1090,48,1,2,2,14,1,5007,2024-08-01 18:47:00,2024-08-01 19:47:00,2024-08-03 23:47:00,16.029167,74.872769,a laptop bag was found missing from the complainant's shop near a hospital gate at dusk.
1504,105550048202500006,202500006,2025-02-14 08:13:00,1016,48,1,2,2,12,2,5004,2025-02-13 22:13:00,2025-02-13 23:13:00,2025-02-14 04:13:00,16.013743,74.876272,Unknown persons rode away a Honda Activa parked near a school during the afternoon.
1505,105680040202400005,202400005,2024-11-14 18:35:00,1042,40,1,2,4,40,2,5002,2024-11-14 07:35:00,2024-11-14 09:35:00,2024-11-14 13:35:00,13.970425,75.149947,An unknown person defrauded the complainant of cash promising ear studs during office hours.
1506,105720001202500016,202500016,2025-10-22 05:39:00,1225,1,1,2,2,12,2,5005,2025-10-21 19:39:00,2025-10-21 19:39:00,2025-10-22 03:39:00,12.812977,77.525241,Unknown persons rode away a Royal Enfield parked near a bus stop during office hours.
1507,105820031202400009,202400009,2024-07-29 11:49:00,1050,31,1,2,4,40,1,5017,2024-07-29 03:49:00,2024-07-29 03:49:00,2024-07-29 10:49:00,13.587533,77.909081,The complainant was cheated of money near a vegetable market on a false promise late in the evening.
1508,105620052202400007,202400007,2024-04-08 05:44:00,1157,52,1,1,1,20,1,5007,2024-04-05 06:44:00,2024-04-05 06:44:00,2024-04-08 03:44:00,15.316978,75.243997,The deceased was found with injuries near a wedding hall; murder is suspected.
1509,105660045202600007,202600007,2026-06-07 11:32:00,1180,45,1,2,1,21,2,5015,2026-06-07 03:32:00,2026-06-07 06:32:00,2026-06-07 10:32:00,14.183495,76.522679,A quarrel near a park gate led to the complainant being beaten and hurt.
1510,105660047202500013,202500013,2025-12-29 17:27:00,1054,47,1,1,3,30,2,5021,2025-12-29 04:27:00,2025-12-29 06:27:00,2025-12-29 11:27:00,14.102949,76.500531,"The complainant, a woman, was harassed and assaulted near a government office during the afternoon."
1511,105730014202500010,202500010,2025-02-01 04:13:00,1112,14,1,1,1,22,3,5018,2025-01-31 20:13:00,2025-01-31 20:13:00,2025-02-01 04:13:00,12.605045,76.708115,The complainant was attacked with a weapon near a hospital gate during office hours and grievously injured.
1512,105790056202500013,202500013,2026-01-01 13:43:00,1086,56,1,1,3,30,1,5017,2025-12-30 14:43:00,2025-12-30 14:43:00,2026-01-01 12:43:00,17.238482,76.992857,"The complainant, a woman, was harassed and assaulted near a hospital gate at night."
1513,105680038202500007,202500007,2025-08-06 17:07:00,1189,38,1,1,1,22,2,5003,2025-08-06 07:07:00,2025-08-06 07:07:00,2025-08-06 13:07:00,13.941622,75.218655,The complainant was attacked with a weapon near a bus stop at night and grievously injured.
1514,105820033202500004,202500004,2025-07-02 00:12:00,1242,33,1,1,1,20,2,5010,2025-07-01 22:12:00,2025-07-02 01:12:00,2025-07-01 23:12:00,13.652625,77.864619,A murder was reported near a park gate following a dispute at night.
1515,105710023202400004,202400004,2024-04-18 06:57:00,1106,23,1,1,3,30,2,5010,2024-04-18 04:57:00,2024-04-18 07:57:00,2024-04-18 05:57:00,13.490209,76.937377,"Near a temple, an unknown person outraged the modesty of the complainant at night."
1516,105690067202600003,202600003,2026-05-06 23:59:00,1228,67,1,1,2,13,1,5014,2026-05-05 22:59:00,2026-05-06 01:59:00,2026-05-06 19:59:00,13.450141,75.008055,Two persons on a bike snatched a mangalsutra near a school after threatening the complainant.
1517,105680040202600003,202600003,2026-05-17 14:02:00,1140,40,1,2,2,14,1,5002,2026-05-17 03:02:00,2026-05-17 04:02:00,2026-05-17 14:02:00,13.943352,75.164123,Household articles and ear studs were stolen from the complainant's house near a bank ATM.
1518,105550051202500009,202500009,2025-02-08 16:57:00,1251,51,1,2,1,21,2,5020,2025-02-08 09:57:00,2025-02-08 11:57:00,2025-02-08 14:57:00,16.046552,74.861216,A quarrel near a vegetable market led to the complainant being beaten and hurt.
1519,105810027202400013,202400013,2024-05-16 18:42:00,1197,27,1,1,3,30,3,5011,2024-05-16 15:42:00,2024-05-16 15:42:00,2024-05-16 18:42:00,13.15486,78.281221,"Near a hospital gate, an unknown person outraged the modesty of the complainant at dusk."
1520,105680037202500014,202500014,2025-09-06 20:30:00,1154,37,1,2,4,40,2,5025,2025-09-06 11:30:00,2025-09-06 13:30:00,2025-09-06 14:30:00,14.023589,75.338729,The complainant was cheated of money near a temple on a false promise at dusk.
1521,105740036202600005,202600005,2026-01-08 11:54:00,1025,36,1,2,2,11,2,5002,2026-01-08 07:54:00,2026-01-08 09:54:00,2026-01-08 11:54:00,12.996396,76.233664,Unknown persons entered through the main door lock at night and took gold ornaments and cash.
1522,105750063202600006,202600006,2026-01-10 15:13:00,1201,63,1,1,2,13,2,5006,2026-01-10 07:13:00,2026-01-10 07:13:00,2026-01-10 09:13:00,12.844997,75.316699,The complainant was assaulted near a jewellery shop and two gold bangles was taken forcibly.
1523,105770018202400011,202400011,2024-03-25 08:21:00,1030,18,1,1,3,30,1,5022,2024-03-23 22:21:00,2024-03-24 00:21:00,2024-03-25 08:21:00,12.089188,76.468035,"Near an apartment complex, an unknown person outraged the modesty of the complainant at dusk."
1524,105840007202500012,202500012,2025-03-13 02:59:00,1237,7,1,1,1,22,1,5004,2025-03-10 10:59:00,2025-03-10 11:59:00,2025-03-12 23:59:00,12.587198,77.38098,An attempt was made on the complainant's life near a wedding hall using a sharp weapon.
1525,105790055202600007,202600007,2026-03-04 13:47:00,1020,55,1,2,4,40,2,5014,2026-03-04 05:47:00,2026-03-04 07:47:00,2026-03-04 09:47:00,17.260171,76.776391,An unknown person defrauded the complainant of cash promising ear studs in the early hours.
1526,105780019202400008,202400008,2024-06-21 16:35:00,1251,19,1,2,4,40,1,5018,2024-06-19 12:35:00,2024-06-19 14:35:00,2024-06-21 14:35:00,12.101559,77.199349,An unknown person defrauded the complainant of cash promising ear studs during the afternoon.
1527,105750065202400010,202400010,2024-04-24 17:08:00,1191,65,1,2,2,10,2,5024,2024-04-24 07:08:00,2024-04-24 07:08:00,2024-04-24 14:08:00,12.887219,75.29708,a laptop bag was pulled off the complainant's neck near a bank ATM; the accused ran into a bylane.
1528,105780020202600005,202600005,2026-04-05 02:32:00,1122,20,1,1,3,30,2,5020,2026-04-04 21:32:00,2026-04-05 00:32:00,2026-04-05 02:32:00,12.052594,77.080345,"The complainant, a woman, was harassed and assaulted near a school at dusk."
1529,105780020202400012,202400012,2024-12-20 15:07:00,1120,20,1,1,3,30,1,5016,2024-12-19 16:07:00,2024-12-19 19:07:00,2024-12-20 14:07:00,12.034813,77.070499,"The complainant, a woman, was harassed and assaulted near a petrol bunk late in the evening."
1530,105660045202400012,202400012,2024-02-29 03:25:00,1211,45,1,2,4,40,2,5015,2024-02-28 17:25:00,2024-02-28 18:25:00,2024-02-29 00:25:00,14.208524,76.554129,The complainant was cheated of money near a bank ATM on a false promise in the early hours.
1531,105740036202400010,202400010,2024-02-14 02:27:00,1255,36,1,1,1,22,2,5007,2024-02-13 21:27:00,2024-02-14 00:27:00,2024-02-14 00:27:00,13.044736,76.216152,An attempt was made on the complainant's life near a government office using a sharp weapon.
1532,105660047202500014,202500014,2025-04-28 06:16:00,1153,47,1,1,2,13,2,5008,2025-04-28 05:16:00,2025-04-28 07:16:00,2025-04-28 06:16:00,14.072177,76.503909,Two persons on a bike snatched a laptop bag near a petrol bunk after threatening the complainant.
1533,105750063202500012,202500012,2025-01-18 22:14:00,1227,63,1,1,1,20,1,5015,2025-01-18 08:14:00,2025-01-18 09:14:00,2025-01-18 19:14:00,12.84421,75.317866,The deceased was found with injuries near a hospital gate; murder is suspected.
1534,105770018202500012,202500012,2025-04-16 14:47:00,1193,18,1,2,2,10,2,5021,2025-04-16 11:47:00,2025-04-16 11:47:00,2025-04-16 12:47:00,12.082189,76.473104,An unidentified person grabbed ear studs from the complainant close to a government office and disappeared.
1535,105780021202600003,202600003,2026-06-04 08:55:00,1158,21,1,1,2,13,2,5009,2026-06-04 04:55:00,2026-06-04 04:55:00,2026-06-04 06:55:00,11.960302,77.182152,The complainant was assaulted near a park gate and a handbag was taken forcibly.
1536,105550048202500007,202500007,2025-12-27 19:00:00,1057,48,1,2,1,21,1,5003,2025-12-26 02:00:00,2025-12-26 05:00:00,2025-12-27 19:00:00,16.012875,74.877051,The complainant sustained injuries in an assault near a bus stop at dusk.
1537,105550051202400015,202400015,2024-05-19 09:36:00,1026,51,1,1,3,30,1,5018,2024-05-18 16:36:00,2024-05-18 17:36:00,2024-05-19 05:36:00,16.016889,74.842897,"The complainant, a woman, was harassed and assaulted near a temple late in the evening."
1538,105740035202400007,202400007,2024-10-08 00:38:00,1190,35,1,2,2,11,1,5009,2024-10-05 00:38:00,2024-10-05 03:38:00,2024-10-07 19:38:00,13.030795,76.025245,On returning from a trip the complainant found the rear door forced and valuables gone.
1539,105740035202500015,202500015,2025-10-03 22:55:00,1221,35,1,2,2,14,2,5002,2025-10-03 12:55:00,2025-10-03 14:55:00,2025-10-03 19:55:00,13.017831,76.073743,two gold bangles was found missing from the complainant's shop near a park gate late in the evening.
1540,105650060202400008,202400008,2024-06-04 23:53:00,1216,60,1,1,2,13,3,5009,2024-06-04 18:53:00,2024-06-04 21:53:00,2024-06-04 19:53:00,14.983696,76.57423,Two persons on a bike snatched two gold bangles near a hospital gate after threatening the complainant.
1541,105820031202500007,202500007,2025-05-13 05:12:00,1273,31,1,2,2,12,1,5025,2025-05-11 14:12:00,2025-05-11 14:12:00,2025-05-13 03:12:00,13.623017,77.873492,a Honda Activa parked near a vegetable market was found missing during the afternoon.
1542,105550051202500010,202500010,2025-03-01 04:02:00,1190,51,1,1,3,30,1,5002,2025-02-27 17:02:00,2025-02-27 17:02:00,2025-03-01 00:02:00,16.002289,74.851819,"Near a government office, an unknown person outraged the modesty of the complainant late in the evening."
1543,105730014202600006,202600006,2026-03-29 17:56:00,1001,14,1,2,2,14,3,5014,2026-03-29 09:56:00,2026-03-29 11:56:00,2026-03-29 15:56:00,12.577693,76.68335,a mangalsutra was found missing from the complainant's shop near a petrol bunk around noon.
1544,105660046202500010,202500010,2025-09-25 23:02:00,1261,46,1,1,1,20,2,5010,2025-09-25 19:02:00,2025-09-25 19:02:00,2025-09-25 22:02:00,14.10441,76.57858,The body of a person was found near a vegetable market in the early hours; a case of murder is registered.
1545,105660047202400009,202400009,2024-03-26 08:12:00,1157,47,1,2,2,11,2,5015,2024-03-25 20:12:00,2024-03-25 21:12:00,2024-03-26 04:12:00,14.061645,76.482004,Unknown persons entered through the rear door in the early hours and took gold ornaments and cash.
1546,105740035202500016,202500016,2025-11-08 16:07:00,1244,35,1,1,3,30,2,5005,2025-11-08 06:07:00,2025-11-08 09:07:00,2025-11-08 14:07:00,12.981785,76.049255,"Near a vegetable market, an unknown person outraged the modesty of the complainant around noon."
1547,105670043202400012,202400012,2024-11-18 01:37:00,1218,43,1,2,2,14,1,5025,2024-11-16 02:37:00,2024-11-16 02:37:00,2024-11-17 21:37:00,14.333405,75.941574,The complainant reported theft of a mangalsutra from the premises near a vegetable market.
1548,105660045202600008,202600008,2026-05-13 10:01:00,1096,45,1,1,1,22,2,5016,2026-05-13 05:01:00,2026-05-13 08:01:00,2026-05-13 10:01:00,14.202152,76.523715,An attempt was made on the complainant's life near an apartment complex using a sharp weapon.
1549,105550048202500008,202500008,2025-05-10 23:06:00,1249,48,1,2,4,40,1,5007,2025-05-08 20:06:00,2025-05-08 23:06:00,2025-05-10 21:06:00,16.002512,74.858267,An unknown person defrauded the complainant of cash promising a mangalsutra in the early hours.
1550,105680040202500010,202500010,2025-06-26 14:54:00,1174,40,1,1,3,30,2,5001,2025-06-26 04:54:00,2025-06-26 05:54:00,2025-06-26 09:54:00,13.986504,75.125624,"The complainant, a woman, was harassed and assaulted near a temple around noon."
1551,105550049202400009,202400009,2024-09-03 19:08:00,1197,49,1,1,1,22,1,5002,2024-09-01 22:08:00,2024-09-02 00:08:00,2024-09-03 19:08:00,16.158226,74.919305,An attempt was made on the complainant's life near a park gate using a sharp weapon.
1552,105810027202400014,202400014,2024-02-23 20:55:00,1194,27,1,2,4,40,2,5002,2024-02-23 11:55:00,2024-02-23 11:55:00,2024-02-23 18:55:00,13.162311,78.273538,An unknown person defrauded the complainant of cash promising a wallet with cash during office hours.
1553,105660047202500015,202500015,2025-03-05 17:45:00,1093,47,1,2,1,21,2,5006,2025-03-05 09:45:00,2025-03-05 10:45:00,2025-03-05 16:45:00,14.076674,76.5095,The complainant was assaulted with a stick near a petrol bunk and injured.
1554,105670042202400019,202400019,2024-07-02 07:17:00,1208,42,1,1,1,22,1,5014,2024-06-29 19:17:00,2024-06-29 21:17:00,2024-07-02 06:17:00,14.433177,75.942821,An attempt was made on the complainant's life near a bank ATM using a sharp weapon.
1555,105750064202400008,202400008,2025-01-01 06:41:00,1232,64,1,1,3,30,1,5010,2024-12-30 06:41:00,2024-12-30 07:41:00,2025-01-01 04:41:00,12.959601,75.38561,"Near a government office, an unknown person outraged the modesty of the complainant at dusk."
1556,105820032202600005,202600005,2026-02-15 01:11:00,1272,32,1,1,1,20,1,5024,2026-02-12 10:11:00,2026-02-12 11:11:00,2026-02-14 19:11:00,13.480505,77.853193,The deceased was found with injuries near a jewellery shop; murder is suspected.
1557,105830005202600002,202600002,2026-03-31 09:52:00,1262,5,1,2,2,11,2,5008,2026-03-31 06:52:00,2026-03-31 07:52:00,2026-03-31 09:52:00,13.150097,77.50599,Unknown persons entered through the compound gate late in the evening and took gold ornaments and cash.
1558,105730014202400006,202400006,2024-12-11 03:02:00,1051,14,1,1,1,22,2,5007,2024-12-10 20:02:00,2024-12-10 21:02:00,2024-12-10 22:02:00,12.578542,76.698935,The complainant was attacked with a weapon near a wedding hall around noon and grievously injured.
1559,105710025202400006,202400006,2024-03-29 19:56:00,1232,25,1,2,4,40,1,5018,2024-03-29 01:56:00,2024-03-29 04:56:00,2024-03-29 17:56:00,13.421391,76.831968,An unknown person defrauded the complainant of cash promising a mangalsutra during the afternoon.
1560,105690069202500006,202500006,2025-03-21 04:38:00,1063,69,1,2,4,40,1,5021,2025-03-19 16:38:00,2025-03-19 18:38:00,2025-03-20 23:38:00,13.363543,74.745042,An unknown person defrauded the complainant of cash promising ear studs around noon.
1561,105770015202500010,202500010,2025-05-21 19:33:00,1205,15,1,1,1,20,1,5014,2025-05-21 10:33:00,2025-05-21 13:33:00,2025-05-21 18:33:00,12.108194,76.412159,The body of a person was found near a park gate during the afternoon; a case of murder is registered.
1562,105680040202500011,202500011,2025-12-20 00:16:00,1253,40,1,2,2,11,1,5003,2025-12-18 19:16:00,2025-12-18 19:16:00,2025-12-20 00:16:00,13.931374,75.130316,Unknown persons entered through the main door lock at night and took gold ornaments and cash.
1563,105780021202400008,202400008,2024-07-11 07:16:00,1002,21,1,2,2,14,3,5025,2024-07-11 03:16:00,2024-07-11 03:16:00,2024-07-11 04:16:00,11.924055,77.208123,Household articles and a mangalsutra were stolen from the complainant's house near a government office.
1564,105820031202500008,202500008,2025-11-22 15:30:00,1163,31,1,2,2,11,1,5023,2025-11-21 08:30:00,2025-11-21 10:30:00,2025-11-22 09:30:00,13.589039,77.885633,Unknown persons entered through the roof ventilator in the early hours and took gold ornaments and cash.
1565,105650059202400007,202400007,2024-10-17 10:40:00,1221,59,1,2,2,11,2,5017,2024-10-16 22:40:00,2024-10-16 23:40:00,2024-10-17 04:40:00,15.017702,76.52717,The house near a government office was burgled via the kitchen door; a mobile phone was reported stolen.
1566,105720002202500013,202500013,2025-09-15 06:37:00,1060,2,1,2,2,12,1,5015,2025-09-14 14:37:00,2025-09-14 14:37:00,2025-09-15 03:37:00,12.874866,77.635446,Unknown persons rode away a TVS scooter parked near an apartment complex late in the evening.
1567,105650059202400008,202400008,2024-07-03 15:12:00,1095,59,1,1,1,20,2,5011,2024-07-03 11:12:00,2024-07-03 14:12:00,2024-07-03 15:12:00,14.980601,76.555536,The deceased was found with injuries near a school; murder is suspected.
1568,105780021202400009,202400009,2024-05-24 22:41:00,1060,21,1,2,2,14,2,5008,2024-05-24 13:41:00,2024-05-24 13:41:00,2024-05-24 17:41:00,11.973509,77.206611,a wallet with cash was found missing from the complainant's shop near a hospital gate at night.
1569,105770018202400012,202400012,2024-08-05 13:56:00,1181,18,1,1,3,30,2,5015,2024-08-05 04:56:00,2024-08-05 07:56:00,2024-08-05 08:56:00,12.091033,76.502534,"The complainant, a woman, was harassed and assaulted near a government office at dusk."
1570,105840010202400008,202400008,2024-11-27 16:02:00,1097,10,1,1,2,13,2,5021,2024-11-27 08:02:00,2024-11-27 10:02:00,2024-11-27 15:02:00,12.618664,77.261879,The complainant was assaulted near a school and a mobile phone was taken forcibly.
1571,105840010202400009,202400009,2024-07-13 02:16:00,1095,10,1,2,2,12,1,5013,2024-07-10 12:16:00,2024-07-10 15:16:00,2024-07-12 23:16:00,12.649707,77.247207,a Hero Splendor left near a vegetable market could not be traced; the steering lock was broken.
1572,105750062202400014,202400014,2024-05-04 05:36:00,1063,62,1,2,1,21,2,5014,2024-05-03 19:36:00,2024-05-03 19:36:00,2024-05-04 00:36:00,12.942424,75.182178,A quarrel near a vegetable market led to the complainant being beaten and hurt.
1573,105840009202500010,202500010,2025-11-19 15:39:00,1113,9,1,2,1,21,2,5010,2025-11-19 11:39:00,2025-11-19 14:39:00,2025-11-19 12:39:00,12.756004,77.365527,The complainant sustained injuries in an assault near a hospital gate in the early hours.
1574,105780020202400013,202400013,2024-02-06 22:09:00,1034,20,1,2,2,12,2,5004,2024-02-06 14:09:00,2024-02-06 14:09:00,2024-02-06 18:09:00,12.047313,77.081575,a TVS scooter parked near a vegetable market was found missing during the afternoon.
1575,105710024202400011,202400011,2024-05-14 03:49:00,1206,24,1,2,2,14,2,5005,2024-05-13 18:49:00,2024-05-13 18:49:00,2024-05-14 00:49:00,13.308982,76.906713,a mangalsutra kept at the workplace near an apartment complex was stolen late in the evening.
1576,105720002202600002,202600002,2026-02-16 07:33:00,1210,2,1,1,2,13,2,5008,2026-02-16 00:33:00,2026-02-16 01:33:00,2026-02-16 02:33:00,12.911977,77.648934,Two persons on a bike snatched a mangalsutra near a hospital gate after threatening the complainant.
1577,105740036202500015,202500015,2025-10-29 04:48:00,1169,36,1,1,3,30,1,5004,2025-10-27 08:48:00,2025-10-27 11:48:00,2025-10-28 22:48:00,12.989194,76.219036,"Near an apartment complex, an unknown person outraged the modesty of the complainant around noon."
1578,105620053202400012,202400012,2024-06-14 06:26:00,1220,53,1,1,1,22,1,5008,2024-06-11 05:26:00,2024-06-11 07:26:00,2024-06-14 05:26:00,15.400434,75.19569,An attempt was made on the complainant's life near a school using a sharp weapon.
1579,105840008202600003,202600003,2026-03-22 11:49:00,1041,8,1,2,4,40,2,5004,2026-03-22 03:49:00,2026-03-22 03:49:00,2026-03-22 05:49:00,12.72867,77.210118,The complainant was cheated of money near an apartment complex on a false promise at night.
1580,105840007202500013,202500013,2025-07-04 10:54:00,1092,7,1,2,2,14,2,5015,2025-07-04 03:54:00,2025-07-04 05:54:00,2025-07-04 10:54:00,12.589978,77.333629,The complainant reported theft of a handbag from the premises near a petrol bunk.
1581,105830004202400008,202400008,2024-07-09 13:10:00,1010,4,1,2,2,10,1,5009,2024-07-08 16:10:00,2024-07-08 18:10:00,2024-07-09 07:10:00,13.262084,77.477006,"While walking near a vegetable market, a mangalsutra was snatched from the complainant by a passer-by who escaped into the residential layout."
1582,105720003202400010,202400010,2024-04-04 00:28:00,1022,3,1,2,2,10,2,5007,2024-04-03 18:28:00,2024-04-03 18:28:00,2024-04-04 00:28:00,13.003205,77.671909,"While walking near a temple, a wallet with cash was snatched from the complainant by a passer-by who escaped towards the bus stand."
1583,105690067202600004,202600004,2026-05-03 09:32:00,1072,67,1,2,2,14,2,5010,2026-05-03 02:32:00,2026-05-03 05:32:00,2026-05-03 07:32:00,13.409666,74.9716,a handbag kept at the workplace near a park gate was stolen at night.
1584,105710025202400007,202400007,2024-03-10 22:01:00,1110,25,1,2,2,12,2,5012,2024-03-10 19:01:00,2024-03-10 21:01:00,2024-03-10 22:01:00,13.445647,76.859281,a Hero Splendor parked near a petrol bunk was found missing during the afternoon.
1585,105550051202500011,202500011,2025-02-03 19:29:00,1172,51,1,1,1,20,2,5021,2025-02-03 13:29:00,2025-02-03 14:29:00,2025-02-03 15:29:00,16.036665,74.824734,The deceased was found with injuries near a temple; murder is suspected.
1586,105830004202500009,202500009,2026-01-01 22:58:00,1258,4,1,1,1,20,1,5014,2025-12-29 22:58:00,2025-12-29 23:58:00,2026-01-01 22:58:00,13.268147,77.457795,The body of a person was found near a vegetable market during office hours; a case of murder is registered.
1587,105810029202500014,202500014,2025-08-22 04:36:00,1008,29,1,1,2,13,1,5004,2025-08-19 17:36:00,2025-08-19 19:36:00,2025-08-22 02:36:00,13.030253,78.193431,The complainant was waylaid near a temple during the afternoon and robbed of a gold chain at knife-point.
1588,105830006202500010,202500010,2025-09-17 16:39:00,1215,6,1,2,4,40,2,5009,2025-09-17 10:39:00,2025-09-17 11:39:00,2025-09-17 12:39:00,13.266387,77.605901,An unknown person defrauded the complainant of cash promising a gold chain around noon.
1589,105620053202600005,202600005,2026-01-06 16:36:00,1135,53,1,2,4,40,1,5004,2026-01-03 21:36:00,2026-01-03 22:36:00,2026-01-06 12:36:00,15.401503,75.195946,The complainant was cheated of money near a school on a false promise at night.
1590,105740034202400007,202400007,2024-10-30 01:05:00,1142,34,1,2,2,12,3,5023,2024-10-29 17:05:00,2024-10-29 17:05:00,2024-10-29 21:05:00,12.936649,76.044585,Unknown persons rode away a Honda Activa parked near a park gate at dusk.
1591,105660046202600008,202600008,2026-05-12 02:59:00,1203,46,1,1,2,13,1,5021,2026-05-10 14:59:00,2026-05-10 16:59:00,2026-05-12 00:59:00,14.100648,76.538034,Two persons on a bike snatched two gold bangles near a park gate after threatening the complainant.
1592,105840008202600004,202600004,2026-03-12 01:36:00,1020,8,1,1,2,13,1,5007,2026-03-11 15:36:00,2026-03-11 17:36:00,2026-03-11 21:36:00,12.757219,77.195146,The complainant was waylaid near a petrol bunk in the early hours and robbed of a wallet with cash at knife-point.
1593,105670044202500011,202500011,2025-01-18 10:01:00,1229,44,1,1,1,22,1,5006,2025-01-17 00:01:00,2025-01-17 03:01:00,2025-01-18 10:01:00,14.54089,75.99053,An attempt was made on the complainant's life near a petrol bunk using a sharp weapon.
1594,105670042202400020,202400020,2024-07-17 23:01:00,1078,42,1,2,2,10,2,5024,2024-07-17 14:01:00,2024-07-17 16:01:00,2024-07-17 22:01:00,14.401302,75.967139,"While walking near a government office, ear studs was snatched from the complainant by a passer-by who escaped towards the market."
1595,105750065202400011,202400011,2024-10-18 08:26:00,1190,65,1,2,2,14,1,5013,2024-10-16 04:26:00,2024-10-16 06:26:00,2024-10-18 04:26:00,12.88919,75.327757,ear studs was found missing from the complainant's shop near an apartment complex late in the evening.
1596,105660045202400013,202400013,2024-05-27 11:42:00,1145,45,1,2,1,21,3,5018,2024-05-27 05:42:00,2024-05-27 08:42:00,2024-05-27 09:42:00,14.240742,76.499351,The complainant sustained injuries in an assault near a wedding hall around noon.
1597,105750064202500011,202500011,2025-05-14 20:26:00,1166,64,1,2,2,12,1,5016,2025-05-13 18:26:00,2025-05-13 20:26:00,2025-05-14 20:26:00,12.938878,75.382313,Unknown persons rode away a Hero Splendor parked near a government office at night.
1598,105770015202400007,202400007,2024-12-20 12:05:00,1260,15,1,1,1,20,2,5014,2024-12-20 07:05:00,2024-12-20 09:05:00,2024-12-20 08:05:00,12.122836,76.407176,The deceased was found with injuries near a bus stop; murder is suspected.
1599,105550048202500009,202500009,2025-12-09 16:11:00,1100,48,1,1,1,20,2,5011,2025-12-09 05:11:00,2025-12-09 05:11:00,2025-12-09 11:11:00,15.999758,74.874042,The body of a person was found near a school late in the evening; a case of murder is registered.
1600,105690067202400008,202400008,2024-02-23 14:46:00,1092,67,1,2,2,14,1,5008,2024-02-22 01:46:00,2024-02-22 01:46:00,2024-02-23 12:46:00,13.44752,74.962403,Household articles and a laptop bag were stolen from the complainant's house near a wedding hall.
1601,105690068202400008,202400008,2024-10-05 21:38:00,1097,68,1,2,2,10,3,5015,2024-10-05 12:38:00,2024-10-05 12:38:00,2024-10-05 18:38:00,13.433558,74.799419,An unidentified person grabbed two gold bangles from the complainant close to a school and disappeared.
1602,105840007202600003,202600003,2026-04-16 17:09:00,1124,7,1,1,2,13,1,5003,2026-04-15 13:09:00,2026-04-15 14:09:00,2026-04-16 15:09:00,12.597481,77.345956,"Near a vegetable market, unknown persons robbed the complainant of a handbag and fled towards the ring road."
1603,105690067202400009,202400009,2024-04-05 00:05:00,1166,67,1,2,2,10,2,5010,2024-04-04 21:05:00,2024-04-04 21:05:00,2024-04-04 23:05:00,13.429318,74.96614,The complainant states that an unknown person snatched a mangalsutra near a bank ATM during the afternoon and fled towards the flyover.
1604,105830004202500010,202500010,2025-05-05 09:18:00,1112,4,1,2,1,21,1,5003,2025-05-02 07:18:00,2025-05-02 07:18:00,2025-05-05 07:18:00,13.243051,77.49252,A quarrel near a petrol bunk led to the complainant being beaten and hurt.
1605,105670044202500012,202500012,2025-07-05 04:04:00,1040,44,1,1,1,20,1,5005,2025-07-04 05:04:00,2025-07-04 07:04:00,2025-07-05 02:04:00,14.496545,76.02276,A murder was reported near a petrol bunk following a dispute at dusk.
1606,105650060202400009,202400009,2024-01-23 04:26:00,1153,60,1,1,1,20,2,5024,2024-01-22 21:26:00,2024-01-23 00:26:00,2024-01-23 02:26:00,15.03007,76.615032,The body of a person was found near an apartment complex during office hours; a case of murder is registered.
1607,105670041202500006,202500006,2025-09-08 07:51:00,1098,41,1,2,2,14,2,5012,2025-09-07 23:51:00,2025-09-08 01:51:00,2025-09-08 01:51:00,14.401892,75.931496,The complainant reported theft of a wallet with cash from the premises near a jewellery shop.
1608,105770015202600006,202600006,2026-02-02 08:11:00,1160,15,1,2,2,12,2,5019,2026-02-02 00:11:00,2026-02-02 00:11:00,2026-02-02 08:11:00,12.100638,76.400762,Unknown persons rode away a Hero Splendor parked near a petrol bunk around noon.
1609,105840010202600005,202600005,2026-06-02 06:56:00,1067,10,1,2,2,11,1,5024,2026-06-01 03:56:00,2026-06-01 04:56:00,2026-06-02 05:56:00,12.669449,77.245352,On returning from a trip the complainant found the rear door forced and valuables gone.
1610,105720002202600003,202600003,2026-06-04 07:18:00,1200,2,1,2,2,11,2,5014,2026-06-04 02:18:00,2026-06-04 04:18:00,2026-06-04 04:18:00,12.865858,77.625292,Unknown persons entered through the compound gate during office hours and took gold ornaments and cash.
1611,105840007202400011,202400011,2024-06-08 23:19:00,1045,7,1,1,1,20,1,5022,2024-06-06 22:19:00,2024-06-07 01:19:00,2024-06-08 22:19:00,12.632065,77.344447,The deceased was found with injuries near a government office; murder is suspected.
1612,105770016202400019,202400019,2024-10-11 11:45:00,1049,16,1,2,4,40,3,5001,2024-10-11 05:45:00,2024-10-11 08:45:00,2024-10-11 10:45:00,12.236715,76.521681,The complainant was cheated of money near a bank ATM on a false promise during the afternoon.
1613,105820031202400010,202400010,2024-10-02 17:02:00,1018,31,1,1,2,13,2,5001,2024-10-02 10:02:00,2024-10-02 12:02:00,2024-10-02 17:02:00,13.566861,77.897588,The complainant was assaulted near a school and ear studs was taken forcibly.
1614,105770017202500006,202500006,2025-02-09 04:41:00,1173,17,1,2,2,10,1,5015,2025-02-08 18:41:00,2025-02-08 20:41:00,2025-02-09 00:41:00,12.174647,76.368946,"While walking near an apartment complex, a laptop bag was snatched from the complainant by a passer-by who escaped towards the market."
1615,105720003202400011,202400011,2024-04-19 17:12:00,1206,3,1,1,1,20,1,5024,2024-04-17 21:12:00,2024-04-17 23:12:00,2024-04-19 16:12:00,13.000176,77.669673,The body of a person was found near a jewellery shop at night; a case of murder is registered.
1616,105620052202400008,202400008,2024-02-18 12:18:00,1246,52,1,1,2,13,1,5015,2024-02-15 11:18:00,2024-02-15 13:18:00,2024-02-18 11:18:00,15.328785,75.196705,"Near a park gate, unknown persons robbed the complainant of two gold bangles and fled towards the market."
1617,105730011202600003,202600003,2026-04-20 05:55:00,1252,11,1,2,2,11,3,5011,2026-04-19 23:55:00,2026-04-20 00:55:00,2026-04-20 03:55:00,12.519055,76.75323,Unknown persons entered through the main door lock around noon and took gold ornaments and cash.
1618,105550049202400010,202400010,2024-10-13 22:43:00,1273,49,1,2,2,14,2,5002,2024-10-13 21:43:00,2024-10-14 00:43:00,2024-10-13 22:43:00,16.154412,74.956839,two gold bangles was found missing from the complainant's shop near a vegetable market at night.
1619,105790058202600003,202600003,2026-05-16 15:32:00,1197,58,1,2,2,12,1,5022,2026-05-15 14:32:00,2026-05-15 17:32:00,2026-05-16 11:32:00,17.172749,76.889081,a Royal Enfield left near an apartment complex could not be traced; the steering lock was broken.
1620,105790056202400004,202400004,2024-03-08 16:19:00,1007,56,1,1,2,13,2,5003,2024-03-08 15:19:00,2024-03-08 16:19:00,2024-03-08 16:19:00,17.244859,76.957673,The complainant was assaulted near a bank ATM and ear studs was taken forcibly.
1621,105780021202400010,202400010,2024-04-23 03:42:00,1147,21,1,2,4,40,1,5011,2024-04-21 11:42:00,2024-04-21 14:42:00,2024-04-22 22:42:00,11.942615,77.175217,The complainant was cheated of money near a bus stop on a false promise late in the evening.
1622,105750063202600007,202600007,2026-06-24 12:59:00,1267,63,1,2,2,14,1,5005,2026-06-24 01:59:00,2026-06-24 04:59:00,2026-06-24 06:59:00,12.844896,75.276237,ear studs was found missing from the complainant's shop near a bank ATM at dusk.
1623,105770016202500009,202500009,2025-01-30 08:54:00,1151,16,1,2,4,40,3,5018,2025-01-29 23:54:00,2025-01-30 02:54:00,2025-01-30 06:54:00,12.237231,76.559715,The complainant was cheated of money near a temple on a false promise during office hours.
1624,105690068202400009,202400009,2024-05-17 02:41:00,1256,68,1,2,1,21,1,5013,2024-05-16 06:41:00,2024-05-16 08:41:00,2024-05-16 21:41:00,13.468191,74.819037,A quarrel near a jewellery shop led to the complainant being beaten and hurt.
1625,105770018202400013,202400013,2024-03-09 15:13:00,1177,18,1,1,2,13,2,5011,2024-03-09 07:13:00,2024-03-09 10:13:00,2024-03-09 10:13:00,12.122237,76.508149,The complainant was assaulted near a hospital gate and ear studs was taken forcibly.
1626,105730011202500015,202500015,2025-07-31 14:19:00,1150,11,1,2,2,14,1,5020,2025-07-30 15:19:00,2025-07-30 17:19:00,2025-07-31 09:19:00,12.511721,76.78526,a wallet with cash kept at the workplace near a petrol bunk was stolen around noon.
1627,105740035202400008,202400008,2024-01-13 04:38:00,1031,35,1,2,2,12,2,5003,2024-01-12 16:38:00,2024-01-12 16:38:00,2024-01-12 22:38:00,13.03131,76.047589,Unknown persons rode away a Yamaha bike parked near a bus stop at night.
1628,105730011202400009,202400009,2024-09-05 08:35:00,1247,11,1,2,2,12,3,5023,2024-09-05 03:35:00,2024-09-05 05:35:00,2024-09-05 05:35:00,12.499605,76.744377,Unknown persons rode away a Honda Activa parked near a jewellery shop around noon.
1629,105620052202400009,202400009,2024-07-17 01:44:00,1106,52,1,2,1,21,2,5011,2024-07-17 00:44:00,2024-07-17 01:44:00,2024-07-17 01:44:00,15.302868,75.204477,The complainant sustained injuries in an assault near a vegetable market around noon.
1630,105750062202500009,202500009,2025-05-13 01:40:00,1161,62,1,2,1,21,2,5007,2025-05-12 16:40:00,2025-05-12 18:40:00,2025-05-12 23:40:00,12.961097,75.16072,The complainant sustained injuries in an assault near a bus stop late in the evening.
1631,105660047202400010,202400010,2024-04-11 11:09:00,1143,47,1,2,1,21,1,5025,2024-04-10 06:09:00,2024-04-10 07:09:00,2024-04-11 08:09:00,14.090228,76.530335,The complainant sustained injuries in an assault near an apartment complex at dusk.
1632,105820031202500009,202500009,2025-08-06 02:47:00,1086,31,1,1,2,13,1,5023,2025-08-03 21:47:00,2025-08-03 23:47:00,2025-08-05 23:47:00,13.60913,77.865682,Two persons on a bike snatched two gold bangles near a park gate after threatening the complainant.
1633,105780022202400007,202400007,2024-10-01 15:07:00,1241,22,1,2,4,40,2,5005,2024-10-01 11:07:00,2024-10-01 12:07:00,2024-10-01 12:07:00,11.883147,77.040188,The complainant was cheated of money near an apartment complex on a false promise during office hours.
1634,105660046202500011,202500011,2025-12-16 17:01:00,1272,46,1,2,2,14,1,5022,2025-12-15 20:01:00,2025-12-15 21:01:00,2025-12-16 11:01:00,14.131495,76.553268,a wallet with cash was found missing from the complainant's shop near a wedding hall during office hours.
1635,105810028202500011,202500011,2025-06-21 02:54:00,1109,28,1,2,2,10,1,5013,2025-06-19 13:54:00,2025-06-19 13:54:00,2025-06-21 01:54:00,13.226905,78.134669,An unidentified person grabbed two gold bangles from the complainant close to a park gate and disappeared.
1636,105650060202400010,202400010,2024-10-17 08:05:00,1164,60,1,2,2,14,2,5006,2024-10-16 22:05:00,2024-10-17 00:05:00,2024-10-17 03:05:00,15.020139,76.589148,Household articles and a wallet with cash were stolen from the complainant's house near a temple.
1637,105790058202500012,202500012,2025-05-11 23:59:00,1000,58,1,2,2,10,1,5004,2025-05-09 10:59:00,2025-05-09 13:59:00,2025-05-11 20:59:00,17.178685,76.903168,An unidentified person grabbed a mangalsutra from the complainant close to an apartment complex and disappeared.
1638,105770017202500007,202500007,2025-03-15 08:22:00,1257,17,1,2,2,14,2,5001,2025-03-15 03:22:00,2025-03-15 04:22:00,2025-03-15 04:22:00,12.156328,76.382523,The complainant reported theft of a laptop bag from the premises near a bus stop.
1639,105770017202500008,202500008,2025-08-25 06:00:00,1262,17,1,2,4,40,2,5017,2025-08-24 18:00:00,2025-08-24 19:00:00,2025-08-25 00:00:00,12.173609,76.397597,The complainant was cheated of money near a bus stop on a false promise around noon.
1640,105720002202400008,202400008,2024-08-26 23:49:00,1189,2,1,2,2,10,3,5019,2024-08-26 15:49:00,2024-08-26 16:49:00,2024-08-26 20:49:00,12.855181,77.653259,An unidentified person grabbed a laptop bag from the complainant close to a vegetable market and disappeared.
1641,105740036202400011,202400011,2024-04-22 10:49:00,1010,36,1,2,2,14,2,5025,2024-04-22 03:49:00,2024-04-22 03:49:00,2024-04-22 07:49:00,12.993251,76.195212,Household articles and a gold chain were stolen from the complainant's house near a jewellery shop.
1642,105670044202500013,202500013,2025-11-21 05:59:00,1042,44,1,2,4,40,1,5024,2025-11-20 19:59:00,2025-11-20 19:59:00,2025-11-21 05:59:00,14.512247,75.973366,An unknown person defrauded the complainant of cash promising a mangalsutra during office hours.
1643,105730012202500013,202500013,2025-01-17 22:34:00,1032,12,1,1,1,20,1,5011,2025-01-16 10:34:00,2025-01-16 12:34:00,2025-01-17 18:34:00,12.574932,76.752872,A murder was reported near a bank ATM following a dispute during office hours.
1644,105770016202500010,202500010,2025-05-02 16:14:00,1000,16,1,1,1,20,2,5023,2025-05-02 06:14:00,2025-05-02 06:14:00,2025-05-02 10:14:00,12.236907,76.52124,The deceased was found with injuries near a jewellery shop; murder is suspected.
1645,105750065202400012,202400012,2024-05-04 03:37:00,1020,65,1,1,3,30,2,5021,2024-05-03 20:37:00,2024-05-03 21:37:00,2024-05-04 00:37:00,12.903611,75.336948,"Near a bank ATM, an unknown person outraged the modesty of the complainant late in the evening."
1646,105620052202500015,202500015,2025-09-22 04:05:00,1121,52,1,1,1,20,1,5023,2025-09-19 17:05:00,2025-09-19 17:05:00,2025-09-21 22:05:00,15.299169,75.187836,A murder was reported near a petrol bunk following a dispute around noon.
1647,105840008202500015,202500015,2025-08-14 09:28:00,1139,8,1,2,2,11,1,5012,2025-08-12 03:28:00,2025-08-12 05:28:00,2025-08-14 07:28:00,12.735671,77.217987,The house near a bus stop was burgled via the compound gate; a gold chain was reported stolen.
1648,105820033202500005,202500005,2025-04-20 03:06:00,1020,33,1,1,2,13,1,5021,2025-04-18 16:06:00,2025-04-18 17:06:00,2025-04-20 02:06:00,13.64406,77.876377,"Near an apartment complex, unknown persons robbed the complainant of a mangalsutra and fled into the lake-bed area."
1649,105770015202400008,202400008,2024-06-19 05:28:00,1009,15,1,2,4,40,2,5002,2024-06-18 23:28:00,2024-06-19 01:28:00,2024-06-19 04:28:00,12.093708,76.391361,The complainant was cheated of money near a wedding hall on a false promise at dusk.
1650,105840009202400019,202400019,2024-09-19 17:54:00,1216,9,1,2,1,21,1,5006,2024-09-17 18:54:00,2024-09-17 20:54:00,2024-09-19 12:54:00,12.739939,77.405413,The complainant sustained injuries in an assault near a hospital gate in the early hours.
1651,105660046202500012,202500012,2025-12-19 08:54:00,1033,46,1,1,1,22,2,5004,2025-12-19 04:54:00,2025-12-19 05:54:00,2025-12-19 05:54:00,14.136802,76.541061,An attempt was made on the complainant's life near a school using a sharp weapon.
1652,105840007202600004,202600004,2026-06-14 10:36:00,1236,7,1,1,3,30,2,5021,2026-06-14 03:36:00,2026-06-14 06:36:00,2026-06-14 09:36:00,12.635626,77.327997,"The complainant, a woman, was harassed and assaulted near a bus stop during the afternoon."
1653,105720001202400008,202400008,2024-03-26 09:53:00,1141,1,1,1,1,22,3,5024,2024-03-25 21:53:00,2024-03-26 00:53:00,2024-03-26 03:53:00,12.861855,77.525272,The complainant was attacked with a weapon near a temple in the early hours and grievously injured.
1654,105810029202400011,202400011,2024-11-29 02:11:00,1176,29,1,1,3,30,1,5005,2024-11-27 13:11:00,2024-11-27 16:11:00,2024-11-28 23:11:00,13.014265,78.152449,"Near a vegetable market, an unknown person outraged the modesty of the complainant late in the evening."
1655,105690066202400011,202400011,2024-02-17 23:00:00,1053,66,1,1,3,30,2,5018,2024-02-17 14:00:00,2024-02-17 15:00:00,2024-02-17 17:00:00,13.457663,74.900731,"The complainant, a woman, was harassed and assaulted near a jewellery shop at night."
1656,105620053202500012,202500012,2025-04-07 10:06:00,1194,53,1,1,2,13,2,5012,2025-04-07 03:06:00,2025-04-07 04:06:00,2025-04-07 05:06:00,15.427622,75.217332,Two persons on a bike snatched a mobile phone near a government office after threatening the complainant.
1657,105730011202600004,202600004,2026-04-11 22:39:00,1108,11,1,1,1,20,1,5024,2026-04-10 19:39:00,2026-04-10 19:39:00,2026-04-11 19:39:00,12.530448,76.739506,A murder was reported near a bank ATM following a dispute late in the evening.
1658,105770015202400009,202400009,2024-02-02 07:49:00,1177,15,1,2,2,10,2,5003,2024-02-01 21:49:00,2024-02-01 21:49:00,2024-02-02 04:49:00,12.110003,76.387293,The complainant states that an unknown person snatched a laptop bag near a temple late in the evening and fled towards the flyover.
1659,105690068202500007,202500007,2025-07-12 15:55:00,1084,68,1,2,2,14,1,5018,2025-07-10 17:55:00,2025-07-10 17:55:00,2025-07-12 13:55:00,13.437857,74.814147,a handbag kept at the workplace near a wedding hall was stolen at night.
1660,105840010202500007,202500007,2025-02-19 11:46:00,1148,10,1,2,2,11,3,5009,2025-02-19 01:46:00,2025-02-19 04:46:00,2025-02-19 06:46:00,12.626421,77.258194,On returning from a trip the complainant found a window grille forced and valuables gone.
1661,105840008202500016,202500016,2025-05-06 12:14:00,1067,8,1,2,1,21,2,5007,2025-05-06 02:14:00,2025-05-06 04:14:00,2025-05-06 07:14:00,12.746556,77.24457,The complainant was assaulted with a stick near a bus stop and injured.
1662,105840008202500017,202500017,2025-09-28 03:29:00,1108,8,1,1,2,13,3,5019,2025-09-27 21:29:00,2025-09-27 21:29:00,2025-09-27 22:29:00,12.751496,77.246173,Two persons on a bike snatched a mobile phone near a vegetable market after threatening the complainant.
1663,105670044202400014,202400014,2024-01-12 23:02:00,1208,44,1,1,1,20,2,5006,2024-01-12 11:02:00,2024-01-12 11:02:00,2024-01-12 19:02:00,14.504203,76.014241,The body of a person was found near a jewellery shop around noon; a case of murder is registered.
1664,105670044202400015,202400015,2024-07-28 03:02:00,1072,44,1,1,1,22,2,5005,2024-07-27 20:02:00,2024-07-27 20:02:00,2024-07-28 01:02:00,14.532166,75.973424,An attempt was made on the complainant's life near a jewellery shop using a sharp weapon.
1665,105780020202500008,202500008,2025-10-31 20:09:00,1206,20,1,2,4,40,1,5017,2025-10-31 05:09:00,2025-10-31 06:09:00,2025-10-31 14:09:00,12.062779,77.090075,The complainant was cheated of money near a petrol bunk on a false promise around noon.
1666,105620053202400013,202400013,2024-07-10 15:42:00,1082,53,1,2,2,14,1,5011,2024-07-08 11:42:00,2024-07-08 12:42:00,2024-07-10 13:42:00,15.423848,75.193778,Household articles and a gold chain were stolen from the complainant's house near a bus stop.
1667,105680039202400010,202400010,2024-10-26 04:13:00,1177,39,1,2,1,21,1,5012,2024-10-24 00:13:00,2024-10-24 02:13:00,2024-10-25 22:13:00,14.11686,75.288198,A quarrel near a bank ATM led to the complainant being beaten and hurt.
1668,105720002202400009,202400009,2024-12-28 00:52:00,1272,2,1,1,1,20,2,5021,2024-12-27 16:52:00,2024-12-27 19:52:00,2024-12-27 20:52:00,12.863358,77.666383,The deceased was found with injuries near a vegetable market; murder is suspected.
1669,105820033202600004,202600004,2026-06-08 21:27:00,1178,33,1,2,2,11,1,5002,2026-06-07 03:27:00,2026-06-07 04:27:00,2026-06-08 16:27:00,13.648882,77.84224,Unknown persons entered through the roof ventilator during the afternoon and took gold ornaments and cash.
1670,105660045202600009,202600009,2026-03-03 14:01:00,1053,45,1,2,2,11,1,5009,2026-03-01 19:01:00,2026-03-01 19:01:00,2026-03-03 14:01:00,14.227173,76.525239,The house near a vegetable market was burgled via the roof ventilator; a wallet with cash was reported stolen.
1671,105650059202500009,202500009,2025-10-12 06:02:00,1158,59,1,1,2,13,1,5016,2025-10-09 18:02:00,2025-10-09 18:02:00,2025-10-12 01:02:00,14.994295,76.500726,"Near a jewellery shop, unknown persons robbed the complainant of a wallet with cash and fled towards the ring road."
1672,105740036202400012,202400012,2024-04-14 21:21:00,1151,36,1,1,1,22,2,5008,2024-04-14 13:21:00,2024-04-14 16:21:00,2024-04-14 20:21:00,13.026733,76.180657,An attempt was made on the complainant's life near a wedding hall using a sharp weapon.
1673,105740035202600004,202600004,2026-01-20 07:13:00,1034,35,1,1,2,13,2,5009,2026-01-19 23:13:00,2026-01-19 23:13:00,2026-01-20 01:13:00,12.996204,76.062175,The complainant was waylaid near a bus stop during office hours and robbed of a mangalsutra at knife-point.
1674,105730013202500015,202500015,2025-08-25 13:56:00,1004,13,1,2,1,21,2,5017,2025-08-25 08:56:00,2025-08-25 08:56:00,2025-08-25 11:56:00,12.575635,76.686898,The complainant was assaulted with a stick near a bus stop and injured.
1675,105840008202400006,202400006,2024-06-25 19:39:00,1235,8,1,1,1,22,1,5005,2024-06-25 12:39:00,2024-06-25 13:39:00,2024-06-25 16:39:00,12.769269,77.198515,An attempt was made on the complainant's life near a petrol bunk using a sharp weapon.
1676,105790057202500007,202500007,2025-01-03 08:35:00,1078,57,1,2,4,40,2,5015,2025-01-03 01:35:00,2025-01-03 02:35:00,2025-01-03 04:35:00,17.322016,76.777085,The complainant was cheated of money near a school on a false promise around noon.
1677,105660045202400014,202400014,2024-08-30 07:40:00,1008,45,1,2,2,11,1,5001,2024-08-28 15:40:00,2024-08-28 16:40:00,2024-08-30 02:40:00,14.212165,76.495956,On returning from a trip the complainant found the rear door forced and valuables gone.
1678,105780019202400009,202400009,2024-06-01 13:10:00,1253,19,1,2,2,10,2,5005,2024-06-01 05:10:00,2024-06-01 06:10:00,2024-06-01 08:10:00,12.097127,77.168735,The complainant states that a passer-by snatched a gold chain near a vegetable market at night and fled towards the highway.
1679,105770017202400013,202400013,2024-06-30 00:46:00,1056,17,1,1,2,13,2,5008,2024-06-29 16:46:00,2024-06-29 17:46:00,2024-06-29 23:46:00,12.154594,76.393997,"Near a vegetable market, unknown persons robbed the complainant of ear studs and fled towards the bus stand."
1680,105740034202500013,202500013,2025-06-14 00:58:00,1186,34,1,2,2,10,1,5021,2025-06-12 19:58:00,2025-06-12 19:58:00,2025-06-14 00:58:00,12.922074,76.033475,An unidentified person grabbed a wallet with cash from the complainant close to an apartment complex and disappeared.
1681,105750063202400009,202400009,2024-09-08 12:47:00,1170,63,1,1,1,22,1,5008,2024-09-06 13:47:00,2024-09-06 14:47:00,2024-09-08 09:47:00,12.864671,75.27636,An attempt was made on the complainant's life near a wedding hall using a sharp weapon.
1682,105730014202500011,202500011,2025-09-19 06:29:00,1180,14,1,2,1,21,1,5006,2025-09-18 05:29:00,2025-09-18 06:29:00,2025-09-19 04:29:00,12.60352,76.730516,The complainant was assaulted with a stick near a temple and injured.
1683,105840009202400020,202400020,2024-04-27 17:20:00,1155,9,1,2,2,10,1,5010,2024-04-25 14:20:00,2024-04-25 16:20:00,2024-04-27 17:20:00,12.724485,77.379171,a handbag was pulled off the complainant's neck near a jewellery shop; the accused ran towards the highway.
1684,105770018202400014,202400014,2024-08-13 22:43:00,1009,18,1,2,2,14,1,5007,2024-08-12 21:43:00,2024-08-12 22:43:00,2024-08-13 16:43:00,12.094902,76.470382,a mobile phone was found missing from the complainant's shop near a bank ATM at dusk.
1685,105550048202600002,202600002,2026-03-29 14:01:00,1068,48,1,2,4,40,1,5016,2026-03-26 22:01:00,2026-03-26 22:01:00,2026-03-29 13:01:00,15.978867,74.857547,An unknown person defrauded the complainant of cash promising a mangalsutra during office hours.
1686,105620054202400008,202400008,2024-07-20 05:49:00,1208,54,1,1,1,22,2,5009,2024-07-20 01:49:00,2024-07-20 03:49:00,2024-07-20 02:49:00,15.405627,75.045848,The complainant was attacked with a weapon near a vegetable market around noon and grievously injured.
1687,105830006202500011,202500011,2025-06-22 21:08:00,1081,6,1,1,3,30,2,5004,2025-06-22 15:08:00,2025-06-22 17:08:00,2025-06-22 18:08:00,13.261962,77.609683,"Near a bus stop, an unknown person outraged the modesty of the complainant during office hours."
1688,105790057202400007,202400007,2024-05-16 01:28:00,1031,57,1,2,4,40,2,5020,2024-05-15 14:28:00,2024-05-15 17:28:00,2024-05-15 20:28:00,17.35821,76.794155,An unknown person defrauded the complainant of cash promising a gold chain late in the evening.
1689,105550050202600008,202600008,2026-02-25 12:20:00,1265,50,1,1,2,13,2,5006,2026-02-25 00:20:00,2026-02-25 03:20:00,2026-02-25 08:20:00,16.166858,74.84808,The complainant was waylaid near a temple in the early hours and robbed of a mangalsutra at knife-point.
1690,105780021202500013,202500013,2025-05-01 20:41:00,1089,21,1,2,2,12,2,5010,2025-05-01 08:41:00,2025-05-01 10:41:00,2025-05-01 16:41:00,11.970537,77.192528,a Yamaha bike left near a jewellery shop could not be traced; the steering lock was broken.
1691,105650061202500007,202500007,2025-03-16 06:34:00,1252,61,1,1,2,13,1,5019,2025-03-15 19:34:00,2025-03-15 19:34:00,2025-03-16 02:34:00,15.17294,76.465787,Two persons on a bike snatched a handbag near a bus stop after threatening the complainant.
1692,105750062202400015,202400015,2024-03-18 07:11:00,1259,62,1,2,1,21,1,5010,2024-03-17 01:11:00,2024-03-17 03:11:00,2024-03-18 05:11:00,12.940001,75.204649,A quarrel near a government office led to the complainant being beaten and hurt.
1693,105840008202400007,202400007,2024-02-14 20:15:00,1238,8,1,2,2,12,2,5017,2024-02-14 08:15:00,2024-02-14 09:15:00,2024-02-14 16:15:00,12.746603,77.213194,a Royal Enfield parked near a bank ATM was found missing during the afternoon.
1694,105680039202600006,202600006,2026-01-25 04:06:00,1218,39,1,2,2,11,1,5012,2026-01-24 20:06:00,2026-01-24 21:06:00,2026-01-25 00:06:00,14.118292,75.293674,On returning from a trip the complainant found the main door lock forced and valuables gone.
1695,105840007202600005,202600005,2026-05-06 01:23:00,1127,7,1,2,2,11,1,5023,2026-05-05 14:23:00,2026-05-05 14:23:00,2026-05-06 00:23:00,12.63596,77.348104,On returning from a trip the complainant found a window grille forced and valuables gone.
1696,105670041202500007,202500007,2025-07-12 16:21:00,1227,41,1,1,1,22,2,5011,2025-07-12 04:21:00,2025-07-12 04:21:00,2025-07-12 12:21:00,14.412614,75.8978,An attempt was made on the complainant's life near a hospital gate using a sharp weapon.
1697,105690069202400011,202400011,2024-01-16 15:25:00,1166,69,1,2,2,14,2,5024,2024-01-16 06:25:00,2024-01-16 08:25:00,2024-01-16 12:25:00,13.352038,74.778466,Household articles and a wallet with cash were stolen from the complainant's house near a government office.
1698,105730011202500016,202500016,2025-11-11 01:49:00,1242,11,1,2,2,11,2,5001,2025-11-10 15:49:00,2025-11-10 17:49:00,2025-11-10 21:49:00,12.500521,76.796798,On returning from a trip the complainant found a window grille forced and valuables gone.
1699,105710026202500008,202500008,2025-10-25 05:48:00,1184,26,1,2,1,21,1,5011,2025-10-22 02:48:00,2025-10-22 04:48:00,2025-10-25 01:48:00,13.42923,76.854011,A quarrel near a petrol bunk led to the complainant being beaten and hurt.
1700,105750065202500004,202500004,2025-07-22 09:18:00,1236,65,1,1,3,30,1,5001,2025-07-20 14:18:00,2025-07-20 17:18:00,2025-07-22 07:18:00,12.896547,75.336491,"Near an apartment complex, an unknown person outraged the modesty of the complainant around noon."
1701,105840010202600006,202600006,2026-01-13 16:27:00,1041,10,1,2,2,11,2,5018,2026-01-13 10:27:00,2026-01-13 10:27:00,2026-01-13 13:27:00,12.634217,77.2692,On returning from a trip the complainant found the kitchen door forced and valuables gone.
1702,105830006202500012,202500012,2025-02-16 22:25:00,1116,6,1,2,1,21,1,5021,2025-02-13 21:25:00,2025-02-13 21:25:00,2025-02-16 18:25:00,13.232583,77.607921,The complainant was assaulted with a stick near a school and injured.
1703,105740034202500014,202500014,2025-05-27 04:28:00,1214,34,1,1,2,13,1,5013,2025-05-26 19:28:00,2025-05-26 22:28:00,2025-05-27 04:28:00,12.921284,76.028359,The complainant was waylaid near a vegetable market in the early hours and robbed of a gold chain at knife-point.
1704,105780019202600008,202600008,2026-06-06 02:38:00,1080,19,1,2,2,10,1,5016,2026-06-03 23:38:00,2026-06-03 23:38:00,2026-06-06 01:38:00,12.065459,77.182466,"While walking near a bus stop, a gold chain was snatched from the complainant by a passer-by who escaped towards the bus stand."
1705,105840007202600006,202600006,2026-02-23 12:56:00,1059,7,1,2,2,11,1,5016,2026-02-21 15:56:00,2026-02-21 17:56:00,2026-02-23 08:56:00,12.636016,77.343844,The complainant found the main door lock broken on returning home; ear studs and cash were missing.
1706,105730014202600007,202600007,2026-05-08 00:18:00,1196,14,1,2,2,12,2,5017,2026-05-07 15:18:00,2026-05-07 16:18:00,2026-05-07 22:18:00,12.60473,76.721962,a Hero Splendor parked near a bank ATM was found missing late in the evening.
1707,105730011202400010,202400010,2024-09-26 01:37:00,1139,11,1,2,2,11,1,5019,2024-09-25 21:37:00,2024-09-26 00:37:00,2024-09-26 01:37:00,12.531754,76.762241,The house near a hospital gate was burgled via the main door lock; a laptop bag was reported stolen.
1708,105750065202500005,202500005,2025-07-13 00:30:00,1003,65,1,1,2,13,2,5002,2025-07-12 21:30:00,2025-07-12 23:30:00,2025-07-13 00:30:00,12.877335,75.337833,"Near a petrol bunk, unknown persons robbed the complainant of a mobile phone and fled into the residential layout."
1709,105780022202500013,202500013,2025-09-26 21:47:00,1110,22,1,2,2,12,1,5023,2025-09-24 01:47:00,2025-09-24 04:47:00,2025-09-26 20:47:00,11.88197,77.043679,a Hero Splendor left near a temple could not be traced; the steering lock was broken.
1710,105660047202500016,202500016,2025-10-12 15:03:00,1087,47,1,1,1,22,2,5012,2025-10-12 04:03:00,2025-10-12 06:03:00,2025-10-12 12:03:00,14.052058,76.523262,An attempt was made on the complainant's life near a park gate using a sharp weapon.
1711,105680039202500011,202500011,2025-06-26 16:29:00,1127,39,1,1,2,13,2,5017,2025-06-26 06:29:00,2025-06-26 06:29:00,2025-06-26 14:29:00,14.130634,75.334308,Two persons on a bike snatched a gold chain near a petrol bunk after threatening the complainant.
1712,105810028202400009,202400009,2024-08-11 07:23:00,1206,28,1,2,2,14,1,5017,2024-08-11 01:23:00,2024-08-11 03:23:00,2024-08-11 07:23:00,13.219284,78.178057,a mobile phone was found missing from the complainant's shop near an apartment complex at dusk.
1713,105650060202400011,202400011,2024-12-09 12:44:00,1184,60,1,1,1,20,2,5005,2024-12-09 11:44:00,2024-12-09 14:44:00,2024-12-09 12:44:00,15.012391,76.574731,The deceased was found with injuries near a wedding hall; murder is suspected.
1714,105730014202400007,202400007,2024-10-09 06:35:00,1090,14,1,1,3,30,2,5009,2024-10-08 19:35:00,2024-10-08 19:35:00,2024-10-09 03:35:00,12.598026,76.690983,"Near a park gate, an unknown person outraged the modesty of the complainant during office hours."
1715,105810028202400010,202400010,2024-03-05 02:27:00,1250,28,1,2,1,21,2,5008,2024-03-04 22:27:00,2024-03-04 22:27:00,2024-03-05 00:27:00,13.216092,78.175497,The complainant was assaulted with a stick near a school and injured.
1716,105720003202500013,202500013,2025-04-16 21:01:00,1266,3,1,2,2,11,2,5013,2025-04-16 10:01:00,2025-04-16 13:01:00,2025-04-16 15:01:00,12.998918,77.692723,The complainant found the main door lock broken on returning home; a laptop bag and cash were missing.
1717,105620052202400010,202400010,2024-06-22 07:55:00,1005,52,1,1,1,20,2,5011,2024-06-21 20:55:00,2024-06-21 22:55:00,2024-06-22 03:55:00,15.322176,75.215691,The body of a person was found near a bank ATM at night; a case of murder is registered.
1718,105830005202600003,202600003,2026-04-17 14:30:00,1153,5,1,2,2,11,1,5017,2026-04-15 22:30:00,2026-04-15 22:30:00,2026-04-17 08:30:00,13.100631,77.539843,Unknown persons entered through the compound gate in the early hours and took gold ornaments and cash.
1719,105840010202500008,202500008,2025-06-23 22:24:00,1151,10,1,2,2,11,1,5012,2025-06-21 22:24:00,2025-06-21 23:24:00,2025-06-23 22:24:00,12.651115,77.24187,On returning from a trip the complainant found the compound gate forced and valuables gone.
1720,105660046202500013,202500013,2025-10-28 08:59:00,1056,46,1,1,2,13,2,5007,2025-10-28 00:59:00,2025-10-28 00:59:00,2025-10-28 03:59:00,14.116776,76.531743,The complainant was waylaid near a bank ATM during office hours and robbed of a handbag at knife-point.
1721,105840007202400012,202400012,2024-06-30 17:10:00,1229,7,1,2,2,14,2,5019,2024-06-30 04:10:00,2024-06-30 05:10:00,2024-06-30 11:10:00,12.6105,77.348069,a gold chain kept at the workplace near a vegetable market was stolen in the early hours.
1722,105710025202400008,202400008,2024-01-17 16:13:00,1177,25,1,1,3,30,1,5009,2024-01-16 13:13:00,2024-01-16 14:13:00,2024-01-17 14:13:00,13.430456,76.855271,"Near an apartment complex, an unknown person outraged the modesty of the complainant during office hours."
1723,105780022202400008,202400008,2024-06-16 21:54:00,1265,22,1,1,2,13,1,5009,2024-06-14 10:54:00,2024-06-14 13:54:00,2024-06-16 16:54:00,11.880684,77.046613,Two persons on a bike snatched a gold chain near a wedding hall after threatening the complainant.
1724,105830006202400007,202400007,2024-02-05 07:19:00,1107,6,1,2,2,12,2,5012,2024-02-04 23:19:00,2024-02-04 23:19:00,2024-02-05 03:19:00,13.238587,77.614959,The complainant's a Bajaj Pulsar was stolen from outside a park gate.
1725,105840010202500009,202500009,2025-09-13 05:30:00,1199,10,1,2,2,14,3,5016,2025-09-12 18:30:00,2025-09-12 21:30:00,2025-09-13 00:30:00,12.629404,77.265591,Household articles and a mangalsutra were stolen from the complainant's house near an apartment complex.
1726,105730011202400011,202400011,2024-04-11 16:16:00,1058,11,1,2,2,10,1,5003,2024-04-09 10:16:00,2024-04-09 12:16:00,2024-04-11 11:16:00,12.544514,76.778995,An unidentified person grabbed two gold bangles from the complainant close to a wedding hall and disappeared.
1727,105720003202500014,202500014,2025-04-14 17:51:00,1169,3,1,2,2,14,2,5004,2025-04-14 11:51:00,2025-04-14 13:51:00,2025-04-14 15:51:00,13.003211,77.679535,a mobile phone was found missing from the complainant's shop near a petrol bunk during the afternoon.
1728,105810028202400011,202400011,2024-08-23 14:16:00,1051,28,1,2,2,14,2,5010,2024-08-23 09:16:00,2024-08-23 10:16:00,2024-08-23 12:16:00,13.215875,78.173535,a handbag kept at the workplace near a government office was stolen at night.
